0,4709312
1,4709292
2
3,4608588
4,4608580,4608580,4608600,4608600
5,4609036,4609036
6,4608600,4608600,4608600,4608600,4608604,4608604
7,4608592,4608592,4609000,4609000,4609016,4609016
8,4608592,4608592,4706504
9,4608600,4608600,4608600,4608604,4608604
10,4608604,4608604,4608604,4608604
11,4608540,4608540,4609008,4609008,4609008,4609008,4609032,4609032,4609040,4609040,4609044,4609044,4672832,4672836
12,4608560,4608560,4608580,4608580,4608580,4608580,4608588,4608588,4609000,4609000,4609012,4609012,4609020,4609020,4609024,4609024,4609032,4609032,4672832,4672840,4672848,4706504
13,4608108,4608108,4608108,4608108,4608116,4608116,4608116,4608116,4608120,4608120,4608120,4608120,4608120,4608192,4608192,4608580,4608580,4608580,4608580,4608584,4608584,4608584,4608584,4672852,4672852,4672852,4672864,4672876,4672892,4672900,4706504,5354728,5354728
14,4609004,4609004,5354716,5354716
15,4609004,4609004,5354620,5354620
16,5354616,5354616
17,4608532,4608532,4608552,4608552,4608552,4608552,4608556,4608556,4608636,4608636,4608656,4608656,4672908
18,4608552,4608552,4608552,4608552,4608556,4608556,4608636,4608636,4608656,4608656,4672908
19,4608536,4608536,4608536,4608536,4608564,4608564,4608668,4608668,4672912,4672940,4672964,4672988,4673012,4673056,4673088,4673116,4673156,4673188,4673212,4673232,4706504
20,4608564,4608564,4608564,4608564,4608564,4608564,4609004,4609004,4673188,4673188,4673188,4673188,4673188,4673308,4673328,4673336,4673348,4673352,4673440,4706504,5354616,5354616,5354716,5354716
21
22
23
24,4608564,4608564,4673188,4673612,5354736,5354736,5354736,5354736,5354736,5354736,5354736,5354744,5354744,5354744,5354744,5354744,5354744,5354748,5354748
25
26
27
28
29
30
31,4609024,4609024,4609028,4609028
32
33
34
35
36
37,4673660,4673676
38,4673724,4673740
39,4609040,4609040,4706504
40,4609044,4609044,4706504
41,4608980,4608980
42,4608980,4608980
43,4608980,4608980
44
45
46
47
48
49,4673960,4673960,4673976,4674012,5354640,5354640,5354640,5354640,5354648,5354648,5354648,5354648
50,5354640,5354640,5354648
51,4672832,4672836,4674048,4674052,4674056,4674064,4674072,4674076,4674080,4674088,4674096,4674104,4674112,4674124,4674136,4674148,4674160,4674168
52,4672832,4672836,4674064,4674076,4674088,4674104,4674124,4674148,4674168
53,4674048,4674052,4674056,4674072,4674080,4674096,4674112,4674136,4674160
54,4608564,4608564,4608564,4609024,4609024,4609028,4609028,4609028,4609028,4673188,4673188,4674176,4674188,4674204,4674208,4674212,4674216,4674224,4674236,4674244,4674260,4674272,4674280,4674300
55
56,4608564,4608564,4609004,4609004,4609004,4673188,4674304,4706504,5354616,5354616,5354620,5354620,5354716,5354716
57,4608564,4608564,4608564,4608564,4673188,4673188,4674428,4674428,4706504
58,4674460,4674460,4674480,4674504,5354628,5354628
59,5354624,5354624,5354628,5355792,5355792
60,5354624,5354624,5354628,5354628,5355792,5355792
61,5354624,5354624,5354628,5354628,5355792,5355792
62,5354624,5354624,5354628,5354628,5355792,5355792
63
64,4706504
65
66,4608508,4608508,4608612,4608612,4608612,4608612,4706504,5354624,5354624,5354628,5354628,5355792,5355792
67
68,4608564,4608564,4673188,4674444,4674548,4674548,4674548,4674568,4674592,4674616
69,4608564,4608564,4608756,4608756,4673188,4674444,5354720,5354720,5354740,5354740,5354740
70,4609044,4609044,4609044,4706504
71
72,4608612,4608612,4608612,4608612,4608612,4608612,4608612,4608612,4608612,4608612,4608612,4608612,4608612,4608612,4608612,4608612,4608612,4608612,4608612,4608612,4608612,4608612,4608612,4608612,4608612,4608612,4608612,4608612,4608612,4608612,4608612,4608612,4608612,4608612,4608612,4608612,4608612,4608612,4608612,4608612,4608612,4608612,4608612,4608612,4608612,4608612,4674048,4674052,4674056,4674072,4674080,4674680,4674712,4674748,4674844,4674876,4674952,4674988,4675028,4675056,4675084,4675104,4675132,4675168,4675212,4675236,4675288,4675372,4675392,5356056,5356056,5356056,5356056,5356056,5356056,5356056,5356056,5356056,5356056,5356056,5356056,5356056,5356056,5356056,5356056,5356056,5356056,5356056,5356056,5356056,5356056,5356056,5356056,5356056,5356056,5356056,5356056,5356056,5356056,5356056,5356056,5356056,5356056,5356056,5356056,5356056,5356056,5356056,5356056,5356056,5356056,5356056,5356056,5356056,5356056,5356056
73,5355796,5355796,5355796,5355800,5355800,5355800
74,4608564,4608564,4609024,4609024,4609028,4609028,4672829,4672829,4672829,4673188,4674204,4675412,4675420,4675428,4675432,4675436,4675440,4675448,4675448,4675464,4675464,4675472,4675480,4675484,4675488,4675496,4675520,4675544,4675548,4675552,4675556,4675564,4675580,4675588,4675612,4675644,4675644,4675644,4675648,4706504
75,4608648,4608648,4608664,4608664,4608664,4608664,4609024,4609024,4609024,4609024,4609024,4609024,4609024,4609024,4609024,4609024,4609024,4609024,4609024,4609024,4609024,4609024,4609024,4609024,4609024,4609024,4609024,4609024,4609024,4609024,4609024,4609024,4609024,4609024,4609024,4609024,4609024,4609024,4609024,4609024,4609024,4609024,4609024,4609024,4609024,4609024,4609024,4609024,4609024,4609024,4609024,4609024,4609024,4609024,4609024,4609024,4609024,4609024,4609024,4609024,4609024,4609024,4609024,4609024,4609024,4609024,4609024,4609024,4609024,4609024,4609024,4609024,4609024,4609024,4609024,4609024,4609024,4609024,4609028,4609028,4609028,4609028,4609028,4609028,4609028,4609028,4609028,4609028,4609028,4609028,4609028,4609028,4609028,4609028,4609028,4609028,4609028,4609028,4609028,4609028,4609028,4609028,4609028,4609028,4609028,4609028,4609028,4609028,4609028,4609028,4609028,4609028,4609028,4609028,4609028,4609028,4609028,4609028,4609028,4609028,4609028,4609028,4609028,4609032,4609032,4672829,4672829,4672829,4672829,4672829,4672829,4672829,4672829,4672829,4672829,4672829,4672829,4672829,4672829,4672829,4672829,4672829,4675552,4675552,4675552,4675644,4675644,4675644,4675660,4675700,4675700,4675704,4675724,4675724,4675736,4675772,4675828,4675840,4675844,4675848,4675852,4675864,4675960,4675992,4676036,4676092,4676132,4676132,4676132,4676144,4676144,4676164,4676196,4676248,4676384,4676432,4676480,4676540,4676600,4676672,4676756,4676808,4676880,4676976,4677016,4677060,4677084,4677128,4677180,4677224,4677248,4677292,4677344,4677384,4677396,4677412,4677444,4677444,4677472,4677512,4677564,4677588,4677608,4677632,4677632,4677656,4677696,4677716,4677740,4677760,4677780,4677812,4677840,4677864,4677916,4677964,4677996,4678024,4678080,4678108,4678136,4678176,4678192,4678212,4678228,4678252,4678260,4678276,4678320,4678344,4678380,4678400,4678424,4678448,4678476,4678520,4678556,4678588,4678624,4678636,4678636,4678644,4678644,4678652,4678668,4678712,4678732,4678752,4678768,4678792,4678804,4678824,4678844,4678864,4678880,4678920,4678944,4678976,4679012,4679056,4679092,4706504,5354768,5354768,5354768,5354768,5354768,5354768,5354768,5354768,5354768,5354768,5354768,5354768
76
77,4608944,4608944,4608948,4608948,4608976,4608976,4608988,4608988,4608988,4608988,4609040,4609040,4609040,4609040,4679112,4679112,4679112,4679124,4679152,4679184,4679244,4706504
78,4608564,4608564,4673188,4679272,4706504
79,4608564,4608564,4673188,4679296,4679296,4679296,4679316,4679352,4679416,4679456,4679484,4679524,4706504
80
81,4608628,4608628,4608952,4608952,4679568,4679624,4679648,4679656,5354712,5354712,5354712
82,4608508,4608508,4608508,4608604,4608604,4609040,4609040,4679760,4679780
83,4608564,4608564,4673188,4679820,4679836,4706504
84
85,4608564,4608564,4608564,4608564,4608564,4608564,4608604,4608604,4609024,4609024,4609040,4609040,4609040,4609040,4609040,4609040,4673188,4673188,4673188,4679856,4679920,4679992,4680040
86,4608508,4608508,4608508,4608604,4608604,4609040,4609040,4679780,4680128
87
88,4706504,5354632,5354632,5354632,5354724,5354724,5354724,5354724,5354724,5354724,5354724,5354732,5354732,5354732,5354732,5354732,5354732,5354732,5354732,5354752,5354752,5354752,5354752,5354752,5354752,5354756,5354756,5354756,5354756,5354756,5354764,5354764,5354764
89
90,4608564,4608564,4673188,4680144,4680176,4706504
91,4680272,4680288,4680328,4680364,4706504
92
93,4608564,4608564,4608564,4608564,4608564,4608564,4609088,4609088,4609088,4609088,4673188,4673188,4673188,4674428,4674428,4680400,4680400,4680416,4680448,4680512,4680552,4680628,4707496,4707496,4707496,4707496,4707500,4707500,5354760,5354760
94,4609024,4609024,4609024,4609024,4609024,4609024
95,4706504
96
97,4706504
98,4608508,4608508,4608508,4608508,4608508,4608508,4608508,4609040,4609040,4609040,4609044,4609044,4680668,4680668,4680668,4680676,4680712,4680768,4680852,4680888,4706504
99,4608508,4608508,4608508,4608508,4608508,4608508,4608508,4609040,4609040,4609040,4609040,4609040,4680712,4680852,4681036,4681036,4681036,4681044,4681080,4681148,4681148,4681160,4706504
100
101,4608760,4608760,4608764,4608764,4608764,4608764,5356192,5356192
102,4609032,4609032,4681296,4702364,4702364,5356192,5356192
103
104
105
106,4630760
107,4681384
108,4608604,4608604,4681456
109,4681456,4681508
110
111
112
113
114
115
116
117,4608552,4608552
118,4608552,4608552
119,4608556,4608556,4675552
120,4608476,4608476,4630760
121,4630760
122,4682420
123,4608476,4608476,4630760
124,4682340
125,4630760
126,4608476,4608476,4630760
127,4630760
128
129
130
131
132
133,4608556,4608556,4608556,4608556,4608556,4608556,4608556,4608556,4608556,4608556,4608556,4608556,4608556,4608556,4608556,4608556,4608556,4608556,4608556,4608556,4608556,4608556,4609024,4609024,4609024,4609024,4609024,4609024,4609024,4609028,4609028,4609028,4609028,4609028,4609028,4609028,4681564,4681576,4681596,4681596,4681596,4681612,4681612,4681624,4681636,4681672,4681684,4681716,4681728,4681736,4681748,4681760,4681772,4681784,4681800,4681816,4682316,4706504
134
135
136
137
138
139
140
141,4706504
142
143
144,4609040,4609040,4609040,4609040,4609044,4609044,4609044,4609044,4609044,4609044,4609044,4609044,4609044,4609044
145,4609024,4609024,4609024,4609024,4609028,4609028,4609028,4609028,4609028,4609028,4609028,4609028,4609028,4609028
146
147
148
149
150
151
152
153
154
155
156,4609040,4609040
157,4609024,4609024
158,4609044,4609044
159
160,4609040,4609040,4609040,4609040,4609040,4609040,4609040,4609040,4609040,4609040,4609040,4609040
161,4609024,4609024,4609024,4609024,4609024,4609024,4609024,4609024,4609024,4609024,4609024,4609024
162,4609040,4609040,4609040,4609040,4609040,4609040,4609040,4609040,4609040,4609040,4609040,4609040
163,4609024,4609024,4609024,4609024,4609024,4609024,4609024,4609024,4609024,4609024,4609024,4609024
164,4609044,4609044
165,4609028,4609028
166,4609044,4609044
167,4609028,4609028
168,4609044,4609044
169,4609028,4609028
170
171
172,4609040,4609040
173,4609024,4609024
174,4609040,4609040
175,4609024,4609024
176,4609040,4609040
177,4609024,4609024
178,4609040,4609040
179,4609024,4609024
180,4609044,4609044
181,4609028,4609028
182,4609044,4609044
183,4609028,4609028
184
185,4677384,4677696,4677716,4677760,4677840,4678136,4678176,4678228,4678260,4678276,4678320,4678380,4678400,4678448,4678476,4678520,4678556,4678588,4678712,4678732,4678792,4678804,4678824,4678844,4681820,4681840,4681860,4681884,4681912,4681940,4681960,4681976,4682004,4682032,4682060,4682084,4682104,4682128,4682148,4682180,4682208,4682236,4682256,4682272,4682296,4682316
186
187
188
189
190
191
192,4682952,4706504
193,4608476,4608476,4630760
194,4683032
195,4630760
196,4608476,4608476,4630760
197,4630760
198,4609040,4609040,4609040,4609040,4609040,4609040
199
200
201
202
203,4608556,4608556,4608556,4608556,4608556,4608556,4608556,4609024,4609024,4609024,4609024,4609024,4609024,4609024,4609024,4609024,4609024,4609024,4609024,4609024,4609024,4609040,4609040,4609040,4609040,4609040,4609040,4609040,4609040,4609040,4609040,4609040,4609040,4609040,4672829,4672829,4672829,4672829,4672829,4672829,4672829,4672829,4672829,4675484,4675644,4675644,4675644,4675700,4675700,4675704,4675828,4675828,4675828,4675840,4675844,4675848,4675852,4682496,4682504,4682508,4682512,4682544,4682600,4682692,4706504,5357216,5357216,5357216,5357216,5357216
204
205
206
207
208
209
210
211,4609040,4609040,4609040,4609040
212,4609040,4609040
213,4609024,4609024
214
215,4609040,4609040
216,4609024,4609024
217
218,4609040,4609040
219,4609024,4609024
220,4609040,4609040
221,4609040,4609040
222,4609040,4609040
223,4609040,4609040
224,4609040,4609040
225,4609040,4609040
226,4609040,4609040
227,4609040,4609040
228,4609040,4609040
229
230
231
232
233,4608480,4608480,4608480,4608480,4608516,4608516,4608516,4608516,4674048,4674052,4674712,4682700,4682740
234
235
236
237
238
239
240
241
242
243
244
245
246
247
248
249
250,4608480,4608480,4608480,4608480,4682784,4682820,4706504
251,4608564,4608564,4682824,4682852
252
253,4608480,4608480,4682912
254,4608480,4608480,4675484
255
256,4683296,4706504
257,4608476,4608476,4630760
258,4630760
259,4609040,4609040,4609044,4609044
260
261
262
263
264,4608556,4608556,4608556,4608556,4608556,4608556,4608556,4608556,4608556,4608556,4609024,4609024,4609028,4609028,4609028,4609028,4675484,4682504,4682508,4682692,4683108,4683116,4683124,4683152,4706504,5357472,5357472,5357472,5357472,5357472
265
266
267
268
269
270,4609044,4609044
271,4609028,4609028
272,4609040,4609040
273,4609040,4609040,4609040,4609040
274,4609024,4609024
275
276
277,4608480,4608480,4608516,4608516,4608516,4608516,4674048,4674052,4674096,4682700,4682740
278
279
280,4683200
281
282
283
284,4683244
285
286
287
288
289,4683404
290,4608476,4608476,4608604,4608604,4630760,4683404
291,4630820
292,4630760
293,4608476,4608476,4630760
294,4608604,4608604,4630760,4683404
295
296
297
298,4608600,4608600,4608604,4608604
299
300
301,4608556,4608556,4608556,4672829,4683372,4683384,4683388
302,4608600,4608600,4608604,4608604
303,4608600,4608600,4608604,4608604
304,4683988,4706504
305,4608476,4608476,4630760
306,4683908
307,4630760
308,4608476,4608476,4630760
309,4630760
310,4609040,4609040,4609040,4609044,4609044,4609044
311
312
313
314
315,4608556,4608556,4608556,4608556,4608556,4608556,4608556,4608556,4608556,4608556,4608556,4608556,4608556,4608556,4608556,4609024,4609024,4609024,4609024,4609024,4609024,4609028,4609028,4609028,4609028,4672829,4676132,4681800,4681816,4682504,4682508,4683460,4683468,4683472,4683476,4683480,4683484,4683488,4683492,4683496,4683500,4683504,4683508,4683528,4683540,4683548,4683556,4683568,4706504
316,4608564,4608564,4608564,4609024,4609024,4609028,4609028,4609028,4609028,4674176,4674188,4674204,4674208,4674212,4674224,4674236,4674244,4674260,4674272,4674300,4683576,4683576,4683604,4683612
317,4609040,4609040
318,4609024,4609024
319,4609040,4609040
320,4609024,4609024
321,4609044,4609044
322,4609028,4609028
323,4609044,4609044
324,4609028,4609028
325
326
327
328
329
330
331
332,4609024,4609024
333
334
335
336
337
338
339
340
341
342
343
344
345
346
347
348
349
350
351
352
353
354
355
356
357
358
359
360,4609040,4609040
361,4609024,4609024
362,4609040,4609040
363,4609024,4609024
364,4609040,4609040,4706504
365
366
367
368
369
370
371
372,4608564,4608564,4683576,4683632
373,4683736,4683740,4683748,4683752,4683760,4683768,4683776,4683784,4683792,4683800,4683808,4683816,4683820,4683828,4683836,4683848,4683860,4683864,4683872,4683880,4683888,4683892,4683896
374,4609040,4609040,4684132,4684192,4706504
375,4608476,4608476,4630760
376,4630760
377,4609040,4609040
378
379,4609040,4609040
380
381
382,4608556,4608556,4608556,4608556,4608556,4608556,4608556,4608556,4609024,4609024,4609024,4609024,4681800,4681816,4682504,4683468,4683472,4684064,4684072
383,4609040,4609040
384,4609024,4609024
385,4609040,4609040
386,4609024,4609024
387,4609040,4609040,4706504
388
389
390
391
392
393,4608480,4608480,4609040,4609040,4684080
394,4609040,4609040
395,4609024,4609024
396
397
398
399,4674048,4674052,4674056,4674080,4674096,4674748,4674844,4674952,4674988,4675028,4675056,4675132,4675168,4675236,4675396,4684208,4684224,4684232,4684240,4684244,4684256,4684264,4684276,4684280,4706504
400,4608564,4608564,4609024,4609024,4609024,4609024,4609024,4609040,4609040,4609040,4609040,4609040,4609040,4609044,4609044,4682420,4682952,4683296,4683988,4684132,4684192,4684396,4684428,4685736,4686024,4687356,4687516,4687620,4687676,4687676,4687776,4706504,4706504,5357728,5357728,5357728,5357728,5357728,5357728,5357728,5357728,5357728,5357728,5357728,5357728,5357728
401,4608480,4608480,4608480,4672908,4684748
402,4608480,4608480,4608552,4608552,4672908
403
404
405,4608472,4608472,4608472,4608472,4608472,4608472,4608472,4608472,4608472,4608472,4608472,4608472,4608472,4608472,4608472,4608600,4608600,4608604,4608604,4683404,4685736,4706504
406
407,4608604,4608604,4608604,4684752,4684776,4684812,4684844,4684900,4684928
408,4608480,4608480,4609024,4609024,4609024,4609024,4609024,4609024,4609024,4609024,4609024,4609024,4609024,4609024,4609024,4609024,4609024,4609024,4609024,4609024,4609024,4609028,4609028,4609028,4609028,4609028,4609028,4609028,4609028,4609028,4609028,4609028,4609028,4609028,4685312,4706504
409
410,4685736
411,4608476,4608476,4630760
412,4630760
413
414
415
416
417
418,4608556,4608556,4685724
419,4609040,4609040
420,4609040,4609040
421,4609024,4609024
422,4609040,4609040
423,4609040,4609040
424,4609024,4609024
425
426
427
428
429
430
431,4609040,4609040
432,4609024,4609024
433
434
435
436
437
438
439
440
441,4686024
442,4608476,4608476,4630760
443,4685964
444,4630760
445,4608476,4608476,4630760
446,4630760
447
448
449
450
451
452,4608556,4608556,4608556,4608556,4608556,4608556,4608556,4608556,4608556,4609024,4609024,4681816,4685812,4685820,4685820,4685828,4685828,4685832,4685836
453,4685848
454
455,4685904
456
457,4609040,4609040
458,4609024,4609024
459,4687356
460,4608476,4608476,4630760
461,4630760
462
463
464
465
466
467,4608556,4608556,4608556,4608556,4608556,4608556,4608556,4608556,4608556,4608556,4608556,4608556,4608556,4608556,4608556,4608556,4608556,4608556,4609024,4609024,4609024,4609024,4609024,4609024,4609024,4609024,4609024,4609024,4609024,4609024,4609024,4609024,4609024,4609024,4609024,4609028,4609028,4609028,4609028,4681576,4681596,4681772,4681800,4681816,4683476,4683488,4683504,4686080,4686092,4686104,4686120,4686136,4686144,4686148,4686152,4686156,4687332
468
469
470
471
472
473
474
475,4608604,4608604
476
477
478,4609044,4609044,4609044,4609044,4609044,4609044,4609044,4609044,4609044,4609044,4609044,4609044,4609044,4609044
479,4609028,4609028,4609028,4609028,4609028,4609028,4609028,4609028,4609028,4609028,4609028,4609028,4609028,4609028
480
481
482,4686176
483,4686248
484,4609044,4609044
485,4609028,4609028
486,4609044,4609044
487,4609028,4609028
488,4609040,4609040
489,4609024,4609024
490,4609040,4609040,4609044,4609044
491,4609040,4609040,4609044,4609044
492,4609024,4609024,4609028,4609028
493
494
495
496
497
498
499
500
501
502
503
504
505
506
507,4609040,4609040,4609040,4609040
508,4609024,4609024,4609024,4609024
509,4609040,4609040
510,4609024,4609024
511,4609040,4609040
512,4609024,4609024
513,4609024,4609024,4609040,4609040
514,4609024,4609024
515,4609024,4609024,4609040,4609040
516,4609024,4609024
517,4609024,4609024,4609040,4609040
518,4609024,4609024
519,4609024,4609024,4609040,4609040
520,4609024,4609024
521,4609024,4609024,4609040,4609040
522,4609024,4609024
523,4609024,4609024,4609040,4609040
524,4609024,4609024
525
526
527
528
529
530
531
532,4677384,4677696,4678136,4678260,4678588,4681820,4682208,4686316,4686332,4686348,4686368,4686392,4686408,4686424,4686448,4686480,4686512,4686552,4686584,4686608,4686632,4686660,4686672,4686688,4686704,4686720,4686732,4686752,4686772,4686792,4686828,4686856,4686880,4686908,4686940,4686968,4686996,4687028,4687060,4687084,4687108,4687124,4687144,4687164,4687176,4687192,4687208,4687228,4687252,4687276,4687300,4687324,4687332
533,4608604,4608604
534,4687516
535,4608476,4608476,4630760
536,4687456
537,4630760
538,4608476,4608476,4630760
539,4630760
540
541
542
543
544
545,4608556,4608556,4687432
546
547
548
549
550
551
552,4609044,4609044
553,4609028,4609028
554,4687620
555,4608476,4608476,4630760
556,4630760
557
558
559
560
561
562,4608556,4608556,4687572
563
564
565
566
567
568
569
570,4687676,4687776,4706504
571,4608476,4608476,4630760
572,4630760
573,4687676
574
575
576
577
578,4608556,4608556,4687684
579
580
581
582,4608564,4608564,4687700,4687736,4706504
583,4687676,4687676,4687776,4687852,4706504
584,4608476,4608476,4630760
585,4630760
586,4608556,4608556,4687832
587
588,4608344,4608344
589,4608344,4608344
590,4608356,4608356,4625272
591
592
593,4706504
594
595,4706504
596
597
598
599
600
601
602,4706504
603,4608308,4608308
604
605
606
607,4706504
608
609
610,4609368
611,4609420
612,4609484
613,4609340
614
615
616,4608352,4608352
617
618
619
620
621,4609340
622
623
624
625
626
627
628
629
630
631,4706504
632
633,4608348,4608348
634
635
636
637
638
639
640,4608340,4608340,4625232
641,4608336,4608336,4625248
642
643
644
645
646,4625088
647,4625088
648
649,4608516,4608516,4608516,4608516,4608516,4608516,4608516,4608516,4608516,4608516,4608516,4608516,4608516,4608516,4608516,4608516,4608516,4608516,4608516,4608516,4608516,4608516,4608516,4608516,4608516,4608516,4608516,4608516,4608516,4608516,4608516,4608516,4608516,4608516,4608516,4608516,4608516,4608516,4608516,4608516,4608516,4608516,4608516,4608516,4608516,4608516,4608516,4608516,4608516,4608516,4608516,4608516,4608516,4608516,4608516,4608516,4608516,4608516,4609536,4609696,4609708,4609720,4609736,4622304,4622512,4622548,4624364,4624368,4624376,4624380,4624388,4624400,4624404,4624420,4624428,4624432,4624444,4624456,4624460,4624472,4624484,4624488,4624504,4624512,4624524,4624536,4624544
650,4608516,4608516,4608516,4608516,4608516,4608516,4608516,4608516,4608516,4608516,4608516,4608516,4608516,4608516,4608516,4608516,4608516,4608516,4608516,4608516,4608516,4608516,4608516,4608516,4608516,4608516,4608516,4608516,4608516,4608516,4608516,4608516,4608516,4608516,4608516,4608516,4608516,4608516,4608516,4608516,4608516,4608516,4608516,4608516,4608516,4608516,4608516,4608516,4608516,4608516,4608516,4608516,4608516,4608516,4608516,4608516,4608516,4608516,4608516,4608516,4608516,4608516,4608516,4608516,4608516,4608516,4608516,4608516,4608516,4608516,4609536,4610268,4624380,4624548,4624552,4624564,4624572,4624576,4624580,4624588,4624592,4624600,4624608,4624612,4624620,4624636,4624644,4624660,4624668,4624676,4624684,4624692,4624700,4624708,4624716,4624724,4624732,4624740,4624748,4624756,4624772,4624780,4624788,4674076,4674088
651,4608516,4608516,4608516,4608516,4608516,4608516,4608516,4608516,4608516,4608516,4608516,4608516,4608516,4608516,4608516,4608516,4608516,4608516,4608516,4608516,4608516,4608516,4608516,4608516,4608516,4608516,4608516,4608516,4608516,4608516,4608516,4608516,4608516,4608516,4608516,4608516,4608516,4608516,4608516,4608516,4608516,4608516,4608516,4608516,4608516,4608516,4608516,4608516,4608516,4608516,4608516,4608516,4608516,4608516,4608516,4608516,4608516,4608516,4608516,4608516,4608516,4608516,4608516,4608516,4608516,4608516,4608516,4608516,4608516,4608516,4608516,4608516,4608516,4608516,4608516,4608516,4608516,4608516,4608516,4608516,4608516,4608516,4608516,4608516,4608516,4608516,4608516,4608516,4608516,4608516,4608516,4608516,4608516,4608516,4608516,4608516,4608516,4608516,4608516,4608516,4608516,4608516,4608516,4608516,4608516,4608516,4608516,4608516,4608516,4608516,4608516,4608516,4608516,4608516,4608516,4608516,4608516,4608516,4608516,4608516,4608516,4608516,4608516,4608516,4608516,4608516,4608516,4608516,4608516,4608516,4608516,4608516,4608516,4608516,4608516,4608516,4608516,4608516,4608516,4608516,4608516,4608516,4608516,4608516,4608516,4608516,4608516,4608516,4608516,4608516,4608516,4608516,4608516,4608516,4608516,4608516,4608516,4608516,4608516,4608516,4608516,4608516,4608516,4608516,4608516,4608516,4608516,4608516,4608516,4608516,4608516,4608516,4608516,4608516,4608516,4608516,4608516,4608516,4608516,4608516,4608516,4608516,4608516,4608516,4608516,4608516,4608516,4608516,4608516,4608516,4608516,4608516,4608516,4608516,4608516,4608516,4608516,4608516,4608516,4608516,4608516,4608516,4608516,4608516,4608516,4608516,4608516,4608516,4608516,4608516,4608516,4608516,4608516,4608516,4608516,4608516,4608516,4608516,4608516,4608516,4608516,4608516,4608516,4608516,4608516,4608516,4608516,4608516,4608516,4608516,4608516,4608516,4608516,4608516,4608516,4608516,4608516,4608516,4608516,4608516,4608516,4608516,4608516,4608516,4608516,4608516,4608516,4608516,4608516,4608516,4608516,4608516,4608516,4608516,4608516,4608516,4608516,4608516,4608516,4608516,4622616,4622636,4622648,4622648,4622652,4622672,4622684,4622684,4622692,4622716,4622728,4622736,4622756,4622768,4622776,4622796,4622808,4622816,4622836,4622848,4622860,4622876,4622888,4622896,4622912,4622924,4622932,4622948,4622960,4622972,4622992,4623004,4623012,4623028,4623040,4623048,4623060,4623084,4623096,4623104,4623116,4623140,4623148,4623176,4623188,4623196,4623224,4623248,4623260,4623272,4623292,4623304,4623312,4623332,4623344,4623360,4623372,4623396,4623408,4623420,4623440,4623452,4623464,4623488,4623500,4623508,4623516,4623524,4623528,4623556,4623564,4623576,4623584,4623600,4623624,4623632,4623644,4623656,4623664,4623672,4623708,4623720,4623732,4623744,4623752,4623776,4623788,4623808,4623816,4623832,4623856,4623868,4623880,4623896,4623912,4623920,4623932,4623940,4623948,4623960,4623968,4623976,4623984,4623992,4624016,4624028,4624040,4624052,4624052,4624060,4624084,4624096,4624112,4624124,4624140,4624160,4624172,4624188,4624200,4624212,4624232,4624244,4624256,4624268,4624288,4624300,4624324,4624340,4624348,4672829
652,4608516,4608516,4608516,4608516,4608516,4608516,4608516,4608516,4608516,4608516,4608516,4608516,4608516,4608516,4608516,4608516,4608516,4608516,4608516,4608516,4608516,4608516,4608516,4608516,4608516,4608516,4608516,4608516,4608516,4608516,4608516,4608516,4608516,4608516,4608516,4608516,4608516,4608516,4608516,4608516,4608516,4608516,4608516,4608516,4608516,4608516,4608516,4608516,4608516,4608516,4608516,4608516,4608516,4608516,4608516,4608516,4608516,4608516,4608516,4608516,4608516,4608516,4608516,4608516,4608516,4608516,4608516,4608516,4608516,4608516,4608516,4608516,4608516,4608516,4608516,4608516,4608516,4608516,4608516,4608516,4608516,4608516,4608516,4608516,4608516,4608516,4608516,4608516,4608516,4608516,4608516,4608516,4608516,4608516,4608516,4608516,4609540,4609544,4609556,4609572,4609596,4609608,4609640,4610356,4622220,4622232,4622244,4622248,4622252,4622268,4622280,4622284,4622296,4622304,4622308,4622316,4622320,4622344,4622356,4622360,4622380,4622392,4622396,4622412,4622424,4622428,4622448,4622460,4622464,4622472,4622476,4622492,4622504,4622512,4622516,4622536,4622548,4622552,4622568,4622576,4622580,4622592,4622604,4622608
653
654
655
656
657
658
659,4608328,4608328
660
661
662
663
664
665,4708040
666
667
668
669
670
671,4608328,4608328,4609400
672,4609456
673,4608324,4608324,4609400
674,4608508,4608508
675,4609392
676,4609444
677,4609508
678,4608540,4608540,4611304,4621660,4621664,4621724,4621784,4621872,4621968,4622064,4622136,4707528,4707528,4707528,4707528,4707784,4707784,4707784,4707784,4707784
679,4608488,4608488,4608488,4608488,4608488,4608488,4608488,4608488,4608512,4608512,4608512,4608512,4608512,4608512,4608512,4608512,4608512,4608512,4608512,4608512,4608512,4608512,4608512,4608512,4608512,4608512,4608512,4608512,4608512,4608512,4608512,4608512,4608512,4608512,4608512,4608512,4608512,4608512,4608512,4608512,4608512,4608512,4608512,4608512,4608512,4608512,4608512,4608512,4608512,4608512,4608516,4608516,4608516,4608516,4608516,4608516,4608516,4608516,4608516,4608516,4608516,4608516,4608516,4608516,4608516,4608516,4608516,4608516,4608516,4608516,4608516,4608516,4608516,4608516,4608516,4608516,4608516,4608516,4608524,4608524,4608524,4608524,4608524,4608524,4608524,4608524,4608524,4608524,4608524,4608524,4608524,4608524,4608524,4608524,4608524,4608524,4608524,4608524,4608524,4608524,4608532,4608532,4608532,4608532,4608532,4608532,4608532,4608532,4608536,4608536,4608536,4608536,4608536,4608536,4609516,4609516,4609528,4609528,4609536,4609536,4609540,4609540,4609544,4609544,4609556,4609556,4609572,4609572,4609596,4609596,4609608,4609608,4609620,4609620,4609640,4609640,4609652,4609652,4609672,4609672,4609680,4609680,4609696,4609696,4609708,4609708,4609720,4609720,4609736,4609736,4609748,4609760,4609772,4609772,4609776,4609776,4609784,4609784,4609788,4609788,4609792,4609792,4609800,4609800,4609812,4609812,4609824,4609824,4609832,4609832,4609844,4609844,4609864,4609864,4609884,4609884,4609908,4609908,4609928,4609928,4609944,4609944,4609960,4609960,4609976,4609976,4609988,4609988,4610000,4610000,4610012,4610012,4610024,4610024,4610040,4610040,4610048,4610048,4610064,4610064,4610072,4610072,4610088,4610088,4610104,4610104,4610120,4610120,4610136,4610136,4610152,4610152,4610168,4610168,4610184,4610184,4610200,4610200,4610212,4610212,4610224,4610224,4610236,4610236,4610248,4610248,4610256,4610256,4610268,4610276,4610288,4610288,4610296,4610296,4610300,4610300,4610304,4610304,4610308,4610308,4610312,4610312,4610312,4610316,4610316,4610328,4610328,4610340,4610340,4610344,4610344,4610356,4610356,4610360,4610360,4610376,4610376,4610384,4610384,4610392,4610392,4610404,4610404,4610416,4610416,4610428,4610428,4610432,4610432,4610444,4610444,4610448,4610448,4610460,4610460,4610464,4610464,4610476,4610476,4610480,4610480,4610488,4610488,4610504,4610504,4610524,4610524,4610532,4610532,4610540,4610548,4610556,4610564,4610576,4610576,4610588,4610588,4610604,4610604,4610616,4610616,4610624,4610624,4610636,4610636,4610644,4610644,4610660,4610672,4610684,4610692,4610712,4610712,4610720,4610720,4610728,4610760,4610760,4610760,4610760,4610760,4610760,4610760,4610760,4610760,4610832,4610920,4611000,4611080,4611080,4611164,4611224,4611304,4611312,4611448,4611448,4611452,4611452,4611456,4611456,4611460,4611460,4611464,4611464,4611468,4611468,4611472,4611472,4611476,4611476,4611480,4611480,4611484,4611484,4611488,4611488,4611492,4611532,4611544,4611648,4611680,4611732,4611784,4611784,4611784,4611784,4611784,4611784,4611784,4611784,4611784,4611784,4611784,4611848,4611892,4611948,4611992,4612044,4612100,4612152,4612224,4612296,4612360,4612392,4612424,4612456,4612488,4612520,4612564,4612604,4612628,4612688,4612752,4612756,4612768,4612828,4612864,4612872,4612880,4612920,4612988,4613036,4613092,4613128,4613172,4613212,4613260,4613260,4613320,4613356,4613408,4613448,4613496,4613588,4613648,4613776,4613824,4613888,4614004,4614040,4614108,4614132,4614168,4614228,4614292,4614328,4614368,4614408,4614456,4614528,4614632,4614684,4614716,4614772,4614804,4614860,4625320,4625320,4672829,4672829,4672829,4672832,4672832,4672836,4672836,4674080,4674088,4684232,4706504,4721512,4721512,5351392,5351392,5351392,5351392,5351392,5351392,5351392,5351392,5351392,5351392,5351392,5351392,5351392,5351392,5351392,5351392,5351392,5351392,5351392,5351392,5351392,5351392,5351392,5351392,5351392,5351392,5351392,5351392,5351392,5351392,5351392,5351392,5351392,5351392,5351392,5351392,5351392,5351392,5351392,5351392,5351392,5351392,5351392,5351392,5351392,5351392,5351392,5351392,5351392,5351392,5351392,5351392,5351392,5351392,5351392,5351392,5351392,5351392,5351392,5351392,5351392,5351392,5351392,5351392,5351392,5351392,5351392,5351392,5351392,5351392,5351392,5351392,5351392,5351392,5351392,5351392,5351392,5351392,5351392,5351392,5351392,5351392,5351392,5351392,5351392,5351392,5351392,5351392,5351392,5351392,5351392,5351392,5351392,5351392,5351392,5351392,5351392,5351392,5351392,5351392,5351392,5351392,5351392,5351392,5351392,5351392,5351392,5351392,5351392,5351392,5351392,5351392,5351392,5351392,5351392,5351392,5351392,5351392,5351392,5351392,5351392,5351392,5351392,5351392,5351392
680,4608520,4608520,4608520,4608520,4624796,4624844,4624856,4624932,4624932,4624976,4624984,4625060,4625064
681,4608480,4608480,4614892,4614916,4614928,4614960
682,4608480,4608480,4614892,4614916,4614928,4614936
683
684,4608528,4608528
685,4708048
686
687
688,4608484,4608484
689
690
691,4627576
692,4608564,4608564,4608564,4608564,4608564,4608564,4608564,4608564,4608564,4608564,4608564,4608564,4609044,4609044,4609044,4609044,4625328,4625328,4625328,4625328,4625328,4625328,4625540,4625568,4625604,4625604,4625632,4625656,4673328,4673336,4702216,4702216,4702216,4702216,4702216,4702216
693,4608488,4608488,4608488,4608488,4608536,4608536,4608536,4608536,4608576,4608576,4608576,4608576,4608576,4608576,4626812,4626844,4626900,4626956,4626956,4627016,4627096,4627176,4627240,4627320,4627448,4627496
694,4608488,4608488,4608488,4608488,4608512,4608512,4608536,4608536,4608552,4608552,4608556,4608556,4608564,4608564,4608564,4608564,4608568,4608568,4608572,4608572,4608596,4608596,4608596,4608596,4608596,4608596,4608604,4608604,4608604,4608604,4608604,4608604,4608604,4608604,4608604,4608604,4609016,4609016,4609028,4609028,4609032,4609032,4625328,4625328,4625824,4625928,4625928,4625996,4626048,4626156,4626184,4626340,4626380,4626380,4626420,4626456,4626568,4626712,4702224,4702224,4706504
695,4608564,4608564,4608564,4608564,4608564,4608564,4608564,4608564,4625328,4625328,4625328,4625328,4625604,4625656,4625720,4625796,4702220,4702220,4702220,4702220
696,4608564,4608564,4625328,4625480,4702208
697,4608564,4608564,4625328,4625484,4702212
698,4608112,4608112,4708064,4708064
699
700
701,4627644,4627760,4627788,4627816,4627848,4706504
702,4627616,4627644,4627676,4627704,4627732,4706504
703,4627940,4627948,4627968,4709104,4709104,4709104,4709104,4709168,4709168,4709232,4709232
704,4627916,4627940
705,4706504
706
707,4706504
708,4706504
709
710,4627940,4630548,4630548,4630572
711,4627940,4630500,4709312
712,4627940,4629676
713,4609040,4609040,4609040,4609040,4609040,4609040,4609040,4609040,4609040,4609040,4609040,4609040,4609040,4609040,4609044,4609044,4609044,4609044,4609044,4609044,4627940,4629708,4629744
714,4609040,4609040,4609040,4609040,4628028,4628172,4628196,4706504
715,4627940,4629788,4629788,4629788,4629788,4629788,4629788,4629832,4629832,4629912,4629988,4630040,4630064,4630112,4630172,4630208,4630280,4706504
716,4627940,4628236,4628264,4628288,4628312,4628336,4628360,4706504
717,4608480,4608480,4608604,4608604,4628468,4628496,4628508,4628560,4628604,4630752,4674072,4675484,4706504,4727792,4727792,4727792
718,4627940,4630424
719,4627940,4630384
720,4627940,4628440
721,4627940,4630464
722,4627940,4629832,4629832,4629912,4630040,4630112,4630172,4630208,4630280,4630316,4630316,4630316,4630316,4630316,4630316,4630356,4706504
723,4627940,4628404,4706504
724,4627940,4628648,4628680,4628716,4629004,4629472,4629472,4629472,4629496,4629532,4629568,4629600,4706504
725,4627940,4629652
726,4627940,4628648,4628680,4628716,4628928,4628928,4628928,4628956,4629004,4629048,4629112,4629196,4629240,4706504
727,4627940,4628620,4628620,4628620,4628648,4628680,4628716,4628764,4628816,4628884,4706504
728,4627940,4628648,4628680,4628716,4629004,4629284,4629284,4629284,4629308,4629344,4629384,4629440,4706504
729,4627940,4630676,4630708,4630708,4709312
730,4627940,4630652,4630652,4630676,4709312
731,4627940,4630676,4630732,4630732,4709312
732,4627940,4630524,4709312
733
734,4628008,4628028,4628040,4628068,4628088,4628108,4628144
735,4627940,4630600,4630600,4630620
736,4630880,4706504
737,4630880
738
739
740
741,4631152,4631168,4709268,4709268
742,4631132,4631152
743
744
745
746
747,4609024,4609024
748
749
750
751
752
753
754
755
756,4609024,4609024
757,4609024,4609024
758
759
760
761
762,4609028,4609028
763
764,4609028,4609028
765,4609024,4609024
766
767
768
769
770,4608564,4608564,4630936,4631080,4702232
771,4609040,4609040
772,4608564,4608564,4630936,4631092,4702236
773,4608612,4608612
774
775
776
777,4609040,4609040
778,4609040,4609040
779
780
781
782,4609044,4609044
783,4609044,4609044
784,4608564,4608564,4630936,4631080,4702228
785,4609044,4609044
786,4609044,4609044
787,4609040,4609040
788
789
790
791
792,4706504
793,4608616,4608616
794
795
796
797,4608344,4608344
798,4608344,4608344
799
800
801,4608356,4608356,4625272
802,4608356,4608356,4625272
803,4608356,4608356,4625272
804,4608356,4608356,4638384
805,4608356,4608356,4638384
806,4608356,4608356,4638384
807
808
809
810
811
812
813
814
815
816
817
818
819
820
821
822
823
824
825,4706504
826
827
828
829,4706504
830
831,4638432,4638432,4706504
832
833,4638432,4638432,4706504
834
835,4638432,4638432,4706504
836
837,4706504
838
839
840
841
842
843
844
845,4706504
846
847
848
849
850,4706504
851
852
853
854
855,4706504
856
857
858
859
860
861
862
863
864
865
866
867
868
869
870
871
872
873
874
875,4706504
876,4706504
877
878,4706504
879
880,4706504
881
882
883
884
885,4608308,4608308
886,4608308,4608308
887
888
889
890
891
892
893
894,4706504
895
896,4706504
897
898
899
900
901
902
903
904
905
906
907,4608352,4608352
908,4608352,4608352
909
910
911,4608316,4608316,4608320,4608320
912
913
914
915,4608348,4608348,4706504
916
917,4608316,4608316,4608320,4608320,4706504
918,4608356,4608356,4608620,4608620,4608632,4608632,4636704,4636704,4636704,4636844,4636904,4636944,4637032,4637040,4637208
919
920,4608356,4608356,4608620,4608620,4608632,4608632,4636704,4636704,4636704,4636904,4636944,4637032,4637208,4637792,4637864
921
922,4608356,4608356,4608620,4608620,4608632,4608632,4636704,4636704,4636704,4636904,4636944,4637032,4637208,4638088,4638160
923,4706504
924
925
926
927,4608316,4608316,4608316,4608316,4608320,4608320,4608320,4608320,4706504
928
929
930
931
932
933,4608356,4608356,4608620,4608620,4608632,4608632,4636704,4636704,4636704,4637032,4637312,4637372,4637416,4637512,4637728
934
935
936,4608348,4608348
937,4608348,4608348
938
939
940
941
942
943
944,4706504
945,4608356,4608356,4631192,4631336
946,4608312,4608312,4608316,4608316,4608320,4608320,4706504
947,4608348,4608348,4706504
948
949,4608348,4608348
950,4608348,4608348
951
952
953,4608340,4608340,4637768
954,4608340,4608340,4637768
955,4631388,4631420,4706504
956
957
958
959
960
961
962
963
964
965,4627940,4636552,4709292
966
967,4608348,4608348
968,4608348,4608348
969
970,4706504
971
972
973
974
975
976,4706504
977,4627940,4636568,4709292
978
979
980
981
982,4608356,4608356,4636704,4637240,4706504
983,4608604,4608604,4627940,4636056,4636084,4636128
984,4627940,4635996,4706504
985,4627940,4635964
986,4627940,4636028
987,4631436,4631468,4631480,4631532
988,4627940,4631436
989,4631584,4631616
990,4627940,4631624
991,4627940,4636604,4709292
992,4627940,4636624,4709292
993,4627940,4636584,4709292
994
995
996
997
998
999
1000
1001
1002,4627940,4634048,4634080,4634112,4634132,4634180,4634220,4634260,4706504,4727792,4727792
1003,4627940,4634296,4634328,4634380
1004,4627940,4634532,4634568,4634636,4706504
1005,4627940,4634664,4634700
1006,4627940,4634396,4634432,4634496,4706504
1007,4608624,4608624,4608624,4608624,4608624,4608624,4608628,4608628,4608628,4608628,4608628,4608628,4608976,4608976,4608976,4608976,4608980,4608980,4608980,4608980,4608984,4608984,4608992,4608992,4608992,4608992,4608992,4608992,4608992,4608992,4609040,4609040,4609040,4609040,4627940,4631652,4631684,4631684,4631740,4631740,4631792,4631792,4631860,4631860,4631892,4631892,4631916,4631916,4631940,4669608,4669608,4706504
1008,4609024,4609024,4609024,4609024,4609024,4609024,4609024,4609024,4609024,4609024,4609024,4609024,4609024,4609024,4609024,4609024,4609024,4609024,4609028,4609028,4609028,4609028,4609028,4609028,4631980,4631980,4631980,4631980,4631980,4631980,4631980,4631980,4631980,4631980,4631980,4631980,4631980,4631980,4631980,4631980,4631980,4631980,4631980,4631980,4631980,4631980,4631980,4631980,4631980,4631980,4631980,4632012,4632036,4632084,4632112,4632132,4632172,4632196,4632236,4632256,4632296,4632320,4632360,4632384,4632424,4632448,4632488,4632516,4632556,4632576,4632620,4632640,4632684,4632704,4632744,4632764,4632796,4632820,4632852,4632852,4632872,4632912,4632948,4632976,4633012,4633040,4633080,4633100,4633144,4633164,4633196,4633216,4633260,4633288,4633296,4633368,4633416,4633472,4633524,4633568,4638576,4638576,4638576,4638576,4638584,4638584,4638584,4638584,4638584,4638584,4638584,4638584,4638584,4638584,4638592,4638592,4638600,4638600,4638600,4638600,4638600,4638600,4638600,4638600,4638600,4638600,4638600,4638600,4638600,4638600,4638600,4638600,4638608,4638608,4638608,4638608,4638608,4638608,4638608,4638616,4638624,4638632,4638640,4638648,4638656,4638660,4638664,4638668,4638672,4685820
1009,4628496,4633628,4633660,4633720,4633788,4633844,4633908,4633964,4634008,4706504
1010,4627940,4634728,4634768,4634840,4634864,4634928,4706504,4727792
1011,4627940,4635000,4635032
1012,4608532,4608532,4627940,4635048,4635088,4635128,4635196,4706504
1013,4627940,4636644,4709292
1014,4627940,4628264,4628288,4628312,4628336,4628648,4628680,4628716,4635224,4635224,4635224,4635252,4635304,4635376,4635460,4635508,4706504
1015,4627940,4628648,4628680,4628716,4629004,4633288,4635552,4635552,4635552,4635584,4635624,4635668,4635728,4635768,4635828,4635872,4685820,4706504
1016
1017
1018,4627940,4636664,4709292
1019
1020
1021
1022
1023,4627940,4636680,4709292
1024
1025
1026,4608600,4608600,4608988,4608988,4608988,4608988,4608996,4608996,4627940,4636156,4636176,4636216,4636260,4636284,4636320,4636384,4636412,4636452,4636452,4636488,4636520,4706504
1027,4608616,4608616
1028
1029
1030,4638432,4638432,4706504
1031
1032
1033
1034
1035,4706504
1036
1037
1038
1039,4706504
1040
1041
1042,4608356,4608356,4608620,4608620,4608632,4608632,4636704,4636704,4636704,4636844,4636904,4636944,4637032,4637208,4638840
1043
1044
1045,4608312,4608312,4608316,4608316,4608320,4608320,4706504
1046,4608348,4608348,4706504
1047
1048
1049,4706504
1050
1051
1052
1053
1054
1055,4608612,4608612,4608612,4608612,4608612,4608612,4608612,4608612,4608612,4608612,4638676,4638712,4638740,4638768,4638804,4706504
1056
1057
1058
1059
1060
1061
1062
1063
1064
1065
1066
1067
1068
1069
1070
1071
1072
1073
1074
1075
1076
1077
1078
1079
1080
1081
1082
1083
1084
1085
1086
1087
1088
1089
1090
1091
1092
1093
1094
1095
1096
1097
1098
1099
1100
1101
1102,4639376
1103,4608532,4608532,4608532,4608532,4608552,4608552,4608552,4608552,4608552,4608552,4608636,4608636,4608636,4608636,4608636,4608636,4639444,4639488,4727792,4727792,4727792
1104
1105,4608644,4608644
1106,4608532,4608532,4608532,4608532,4608640,4608640,4610444,4614892,4614916,4614928,4639012,4639032,4639064,4639096,4639212,4639248,4639320,4639356,4672829,4706504,4709292,4709292,4709312,4709312,4721512,4721512,4721512,4721512,4727792,4727792,4727792,4727792
1107,4608616,4608616
1108,4706504
1109,4608604,4608604,4608604,4608604,4608604,4608604,4706504
1110
1111
1112
1113
1114
1115
1116
1117
1118
1119
1120
1121
1122,4643124,4643132,4643140,4643184,4643196,4643212
1123,4643256,4643256,4643284,4643284,4643284,4643284,4643284,4643284,4643284,4643284,4643292,4643292,4643292,4643308,4643308,4643308,4643324,4643324,4643324,4643324,4643324,4643336,4643336,4643356,4643388,4643412,4643444,4643480,4643500,4643528,4643548,4643572,4643592,4643612,4643636,4675552,4706504
1124
1125
1126
1127
1128
1129
1130
1131
1132
1133
1134
1135
1136
1137
1138
1139
1140
1141
1142
1143
1144
1145
1146
1147
1148
1149
1150
1151
1152
1153
1154
1155,4640284
1156
1157
1158,4640324,4640380
1159
1160
1161
1162
1163
1164
1165
1166
1167
1168
1169
1170
1171
1172
1173
1174
1175
1176
1177
1178
1179
1180
1181
1182
1183
1184
1185
1186
1187,4609040,4609040,4609040,4609040,4640176,4669608,4706504
1188,4727928
1189
1190
1191
1192
1193
1194
1195
1196
1197
1198
1199
1200
1201
1202
1203
1204
1205
1206
1207
1208
1209
1210
1211
1212
1213
1214
1215
1216
1217
1218
1219
1220
1221
1222
1223
1224
1225
1226
1227
1228
1229
1230
1231
1232
1233
1234
1235
1236
1237
1238
1239
1240
1241
1242
1243
1244
1245
1246
1247
1248
1249
1250
1251
1252
1253
1254
1255
1256
1257
1258
1259
1260
1261
1262
1263
1264
1265
1266
1267
1268
1269
1270
1271
1272
1273,4608648,4608648,4608648,4608648,4608648,4608648,4608648,4608648,4608648,4608648,4608648,4608648,4608648,4608648,4639560,4639572,4639592,4674048,4674052,4674712,4684276,4727900,4727900,4727900,4727900,4727900,4727900,4727900,4727900
1274
1275
1276,4643656,4706504
1277
1278
1279
1280
1281
1282
1283
1284
1285
1286
1287
1288
1289
1290
1291
1292
1293,4639712
1294
1295,4639812
1296,4608512,4608512
1297
1298,4639848
1299
1300,4608612,4608612
1301
1302
1303,4640284
1304
1305
1306
1307
1308
1309
1310
1311
1312
1313
1314
1315
1316
1317,4608512,4608512,4640088
1318,4639888
1319
1320,4640128
1321
1322
1323
1324
1325
1326
1327,4640056
1328
1329
1330
1331,4639972
1332,4639928
1333,4640016
1334
1335
1336
1337
1338,4639764
1339
1340
1341
1342
1343
1344
1345
1346
1347
1348,4640228
1349
1350,4639608,4639660
1351
1352
1353
1354
1355,4640428,4640448,4640852,4640872,4640928,4640960,4640984,4641008,4641080,4641152,4641308,4641360,4641440,4641516,4641516,4641568,4641568,4641600,4641904,4642008,4642168,4642432,4642504,4642524,4642540,4642576,4642664,4642760,4642840,4642968,4706504
1356
1357
1358,4608604,4608604,4608604,4608604,4608604,4608604
1359
1360
1361,4644912,4644976,4645016,4645060,4645100,4645132,4645188,4645240,4645240,4645284,4645320,4645372,4706504
1362
1363,4644636,4644636
1364
1365
1366
1367
1368
1369
1370
1371
1372
1373
1374,4706504
1375
1376
1377,4706504
1378
1379
1380
1381,4608564,4608564,4608648,4608648,4643760,4644820,4644840,4702280,4728824,4728824
1382,4608564,4608564,4608564,4608564,4643760,4643760,4644872,4644880,4644904,4644904,4702284,4702284
1383
1384,4608564,4608564,4643760,4644296,4702268
1385,4644760,4728568,4728568,4728568
1386
1387
1388,4672829
1389,4644696,4728056,4728056,4728056
1390
1391,4608564,4608564,4643760,4644056,4702248
1392,4644696,4728312,4728312,4728312
1393,4608564,4608564,4643760,4644120,4702260
1394
1395
1396
1397
1398,4608564,4608564,4608564,4608564,4608564,4608564,4643760,4643760,4643760,4643904,4643920,4673328,4702240,4702240,4702240
1399,4608564,4608564,4643760,4644192,4702264
1400
1401,4608564,4608564,4643760,4644552,4702276
1402
1403,4638576,4645928,4645948,4645964,4645980,4646104,4646112,4646112
1404,4625320,4625320,4625320,4645992,4646012,4646028,4646048,4646064,4646084,4646112,4646112,4646112
1405,4645888,4645912,4645920
1406,4608480,4608480,4608480,4608480,4608480,4608480,4608480,4608480,4608480,4608480,4608480,4608480,4608480,4608480,4608480,4608480,4608480,4608480,4608480,4608480,4608480,4608480,4608480,4608480,4608480,4608480,4608480,4608480,4608480,4608480,4645404,4645416,4645420,4645464,4645492,4645520,4645548,4645552,4645556,4645584,4645592,4645608,4645636,4645664,4645692,4645720,4645748,4645776,4645804,4645832,4645860,4683896,4684244
1407
1408
1409
1410
1411
1412,4608564,4608564,4643760,4644368,4702272
1413
1414
1415
1416
1417
1418
1419
1420
1421
1422,4608512,4608512,4608588,4608588,4608604,4608604,4608652,4608652,4644480,4644492
1423,4608564,4608564,4643760,4643984,4702252
1424,4608564,4608564,4643760,4643984,4702256
1425
1426,4608512,4608512,4608604,4608604
1427,4608564,4608564,4643760,4643984,4702244
1428
1429
1430,4608344,4608344
1431,4608356,4608356,4625272
1432,4608356,4608356,4638384
1433
1434
1435
1436
1437
1438
1439
1440
1441
1442,4608508,4608508,4638432,4638432
1443
1444
1445
1446
1447,4706504
1448
1449
1450
1451
1452
1453
1454
1455
1456
1457
1458,4706504
1459
1460,4706504
1461
1462
1463,4608308,4608308
1464
1465
1466
1467
1468
1469
1470
1471
1472,4608352,4608352
1473
1474
1475,4608356,4608356,4608620,4608620,4608632,4608632,4636704,4636704,4636704,4636844,4636904,4636944,4637032,4637208,4646616
1476,4608356,4608356,4608620,4608620,4608632,4608632,4636704,4636704,4636704,4636904,4636944,4637032,4637208,4637792,4646872
1477
1478,4706504
1479,4608356,4608356,4608620,4608620,4608632,4608632,4636704,4636704,4636704,4636904,4636944,4637032,4637208,4647104,4647184
1480
1481
1482
1483
1484
1485,4608348,4608348
1486
1487
1488
1489,4608312,4608312,4608316,4608316,4608320,4608320,4706504
1490,4608348,4608348,4706504
1491
1492,4608348,4608348
1493
1494,4608340,4608340,4637768
1495,4608336,4608336,4646844
1496
1497
1498
1499
1500,4706504
1501
1502
1503
1504
1505
1506
1507,4706504
1508
1509,4646228,4646272,4706504
1510,4646544
1511,4608612,4608612,4646128,4646168,4706504
1512
1513
1514
1515
1516
1517
1518
1519,4608356,4608356,4636704,4646796
1520,4646348,4646408,4646492,4706504,4721512,4721512
1521
1522
1523
1524,4608552,4608552,4608552,4608552,4608552,4608552,4608556,4608556,4608636,4608636,4608656,4608656,4672908,4706504
1525,4608532,4608532,4608552,4608552,4608552,4608552,4608552,4608552,4608556,4608556,4608636,4608636,4608656,4608656,4672908,4706504
1526,4608532,4608532,4608552,4608552,4608552,4608552,4608552,4608552,4608552,4608552,4608556,4608556,4608636,4608636,4608636,4608636,4608656,4608656,4672908,4706504
1527,4608552,4608552,4608552,4608552,4608552,4608552,4608556,4608556,4608636,4608636,4608656,4608656,4672908,4706504
1528,4608552,4608552,4608552,4608552,4608552,4608552,4608552,4608552,4608556,4608556,4608636,4608636,4608636,4608636,4608656,4608656,4672908,4706504
1529,4608532,4608532,4608552,4608552,4608552,4608552,4608552,4608552,4608556,4608556,4608636,4608636,4608656,4608656,4672908,4706504
1530
1531
1532
1533,4648168
1534,4648208,4648248,4706504
1535,4627940,4652412
1536,4608980,4608980,4608980,4608980,4608980,4608980,4648304,4648384,4648472
1537,4647856,4647932,4647972,4648024,4648080,4648124,4706504
1538,4647932,4648832,4706504
1539,4648724,4648768,4674096,4674712,4706504
1540,4648548,4648588,4674048,4674048,4706504
1541,4648636,4648676,4674052,4674052,4706504
1542,4608612,4608612,4608612,4608612,4608648,4608648,4608648,4608648,4648892,4648892,4648892,4648908,4648964,4648968,4648968,4648984,4649056,4649136,4649172,4649212,4649236,4649260,4649292,4649328,4649388,4649428,4649472,4672829,4706504,4721512,4721512,4729120,4729120,4729120,4729120,4729120,4729120,4729120,4729120,4729120,4729120,4729120,4729120,4729120,4729120,4729120,4729120,4729120,4729120,4729120,4729120,4729120,4729120
1543,4647416
1544,4636176
1545,4609024,4609024,4706504,4721512,4721512
1546,4627940,4652340
1547,4608480,4608480,4608604,4608604,4675484
1548,4608604,4608604,4608604,4608604,4608628,4608628,4608628,4608628,4608628,4608628,4608628,4608628,4608660,4608660,4608660,4608660,4608664,4608664,4608664,4608664,4609024,4609024,4649608,4649676,4649692,4649708,4649764,4649800,4649836,4649836,4649856,4649872,4649924,4649968,4650048,4650088,4650128,4650168,4650208,4652440,4652440,4652448,4652448,4674072,4674072,4675484,4684276,4684276,4706504,4721512,4727792,4727792,4727792,4727792,4727792,4727792,4727792,4727792,4727792,4727792,4727792,4730144,4730144,4730144,4730152,4730152
1549,4608600,4608600,4608600,4608600,4608628,4608628,4608628,4608628,4608628,4608628,4608628,4608628,4608628,4608628,4609024,4609024,4609024,4609024,4609024,4609024,4609024,4609024,4609040,4609040,4609040,4609040,4650256,4650320,4650360,4650432,4650484,4650536,4650536,4650580,4650632,4650696,4650748,4650792,4650888,4650968,4651052,4651112,4651148,4651192,4651236,4651280,4706504,4721512,4727792,4727792,4727792,4727792,4727792,4727792,4727792,4727792,4727792,4729104,4729104,4729104,4729104,4729104,4729104,4729104,4729104,4729104,4729108,4729108,4729108,4729108,4729108,4729108,4729108,4729108,4729108,4729108,4729108,4729108,4729108,4729108,4729112,4729112,4729112,4729112,4729112,4729112,4729112
1550,4608600,4608600,4608600,4608600,4608628,4608628,4608628,4608628,4608628,4608628,4608628,4608628,4609024,4609024,4609024,4609024,4609024,4609024,4609024,4609024,4609024,4609024,4609024,4609024,4609040,4609040,4609040,4609040,4636216,4650320,4651112,4651356,4651424,4651496,4651544,4651596,4651652,4651652,4651700,4651760,4651820,4651820,4651872,4651968,4652048,4652132,4652176,4652220,4652264,4706504,4721512,4721512,4727792,4727792,4727792,4727792,4727792,4727792,4727792,4727792,4727792,4729088,4729088,4729088,4729088,4729088,4729088,4729088,4729088,4729088,4729088,4729092,4729092,4729092,4729092,4729092,4729092,4729092,4729092,4729092,4729092,4729092,4729092,4729092,4729092,4729092,4729096,4729096,4729096,4729096,4729096,4729096,4729096,4729096,4729100,4729100,4729100,4729100,4729100
1551
1552,4608988,4608988,4636216,4636260,4636284,4636520,4636520,4636520,4636520,4636520,4636520,4636520,4636520,4636520,4636520,4636520,4647480,4647528,4647596,4647632,4647632,4647676,4647736,4647796,4706504,4721512,4721512,4721512,4721512,4721512,4721512,4721512,4721512,4721512,4721512,4721512,4727792,4727792,4727792,4727792,4727792,4727792,4727792,4727792,4727792
1553,4627940,4652360
1554,4627940,4652388
1555,4706504
1556
1557,4706504
1558
1559
1560
1561
1562
1563,4652464
1564
1565
1566
1567
1568
1569
1570,4646104
1571,4646112,4646112,4652456
1572
1573,4652456
1574,4652456
1575,4652456
1576,4652456
1577
1578
1579
1580
1581,4646104
1582,4646112,4646112,4652456
1583
1584
1585
1586
1587
1588
1589
1590
1591
1592
1593
1594
1595
1596
1597
1598
1599
1600,4652472
1601,4608540,4608540,4608624,4608624,4608624,4608624
1602
1603
1604
1605,4608480,4608480,4608488,4608488,4608648,4608648,4608652,4608652,4608672,4608672,4652552,4685820,4706504,4730168,4730168,4746560,4746560,4746560
1606,4608516,4608516,4608516,4608516,4612864,4612872,4652508
1607,4608520,4608520,4608520,4608520,4608536,4608536,4608668,4608668,4652544,4652548,4706504,4730176,4730176
1608
1609
1610
1611,4608516,4608516,4608516,4608516,4608540,4608540,4608624,4608624,4608624,4608624,4608676,4608676,4612864,4612872,4646112,4646112,4652560,4652568
1612,4608604,4608604,4675484
1613
1614
1615,4608612,4608612,4609032,4609032,4748908,4748908,4748908
1616,4706504,4749704,4749704,4749704
1617,4608660,4608660,4608660,4608660,4652576,4652616,4748936,4748936,4748936,4748936,4748936,4748936,4748936
1618
1619,4749448,4749448,4749448
1620,4749192,4749192,4749192
1621
1622,4608648,4608648,4653416,5345928,5345928,5345928
1623,4608612,4608612,4653700
1624,4608648,4608648,4608648,4608648,4608648,4608648,4608648,4608648,4608648,4608648,4608648,4608648,4608648,4608648,4609024,4609024,4609024,4609024,4609024,4609024,4609024,4609024,4653448,4653488,4653516,4653536,4653544,4653560,4653572,4653596,4653624,5345952,5345952,5345952,5345952,5345952,5345952,5345952,5345952,5345952,5345952
1625,4706504
1626
1627,4609024,4609024,5346980,5346980
1628,4609024,4609024,5347112,5347112
1629,4609024,4609024,5347116,5347116
1630,4608612,4608612,4653036,4706504
1631,4608612,4608612,4653036,4706504
1632
1633,4608516,4608516,4608516,4608516,4608516,4608516,4608516,4608516,4608516,4608516,4608516,4608516,4608612,4608612,4649676,4652872,4652920,4652928,4652996,4674072,4674080,4684232,4684276
1634,4748906,4748906,4748906,4748906
1635,4706504,5346464,5346464,5346464,5346464
1636,4609024,4609024,4748932,4748932
1637,5346984,5346984,5346984,5346984
1638
1639
1640,4608516,4608516,4608612,4608612,4609016,4609016,4653264,4653308,4653352,4748888,4748888,4748888,4748888,4748892,4748892,4748892,4748892,4748892,4748892,4748892,4748892,4748892,4748892,4748892,4748896,4748896,4748896,4748900,4748900,4748900,5081736,5081736,5081736
1641,4608536,4608536,4608536,4608536,4608536,4608536,4608536,4608536,4608536,4608536,4608668,4608668,4608668,4608668,4608668,4608668,4608668,4608668,4608668,4608668,4608668,4608668,4608668,4608668,4608668,4608668,4608668,4608668,4608680,4608680,4608684,4608684,4608688,4608688,4608692,4608692,4622304,4654868,4654920,4654920,4654920,4654920,4654920,4654944,4655044,4655064,4655080,4706504
1642,4608536,4608536,4608536,4608536,4608536,4608536,4608536,4608536,4608536,4608536,4608536,4608536,4608536,4608536,4608536,4608536,4608536,4608536,4608668,4608668,4608680,4608680,4608684,4608684,4608688,4608688,4608692,4608692,4609028,4609028,4609028,4609028,4609028,4609028,4609028,4609028,4622304,4655044,4655064,4655136,4655184,4655184,4655184,4655184,4655184,4655208,4706504
1643,4608512,4608512,4608512,4608512,4608512,4608512
1644,4608604,4608604,4608604,4608604,4608604,4608604,4608604,4608604,4608604,4608604,4608604,4608604
1645
1646
1647
1648,4608604,4608604,4608604,4608604
1649,4608976,4608976,4608976,4608976,4608980,4608980,4654564,4654632,4654728,4654776,4654824
1650,4608516,4608516,4608516,4608516,4608536,4608536,4608668,4608668,4608668,4608668,4653396,4653408,4706504,5351392,5351392
1651,4608480,4608480,4608480,4608480,4608480,4608480,4608480,4608480,4608480,4608480,4608480,4608480,4608480,4608480,4608480,4608480,4608480,4608480,4608480,4608480,4608480,4608480,4654252,4654304,4654320,4654336,4654352,4654372,4654388,4654404,4654424,4654448,4654472
1652,4654500,4654500,4654524,4674504
1653,4608516,4608516,4608612,4608612,4653084,4653124,4653164,4653204,4653244,4748872,4748872,4748872,4748872,4748876,4748876,4748876,4748876,4748876,4748876,4748876,4748880,4748880,4748880,4748880,4748884,4748884,4748884,4748884,4749960,4749960,4749960
1654,4608520,4608520,4655304,4706504,5347120,5347120,5347120
1655,4608564,4608564,4608564,4608564,4608564,4608564,4608564,4608564,4652672,4652672,4652672,4652672,4654140,4654148,4654164,4654188,4654200,4702308,4702308,4702308,4702308,4706504
1656,4669608
1657
1658,4608564,4608564,4609024,4609024,4652672,4652852,4702296
1659,4608564,4608564,4609024,4609024,4652672,4652832,4702292
1660,4608564,4608564,4652672,4652812,4702288
1661
1662,4608564,4608564,4608564,4608564,4608564,4608564,4608612,4608612,4608648,4608648,4608648,4608648,4608648,4608648,4608648,4608648,4608664,4608664,4609024,4609024,4609024,4609024,4609024,4609024,4609024,4609024,4609024,4609024,4609024,4609024,4609024,4609024,4609024,4609024,4609024,4609024,4609024,4609024,4609024,4609024,4609024,4609024,4609028,4609028,4609028,4609028,4609028,4609028,4609028,4609028,4609028,4609028,4652672,4652672,4652672,4653752,4653768,4653784,4653800,4653800,4653820,4653832,4653848,4653888,4653944,4672829,4672829,4672829,4672829,4675552,4675552,4676132,4676144,4702300,4702300,4702300,4706504,4746824,4746824,4746824,4746824
1663,4608564,4608564,4608564,4608564,4608564,4608564,4608612,4608612,4608648,4608648,4608648,4608648,4608648,4608648,4608648,4608648,4609024,4609024,4609024,4609024,4609024,4609024,4609024,4609024,4609024,4609024,4609024,4609024,4609024,4609024,4609024,4609024,4609024,4609024,4652672,4652672,4652672,4653752,4653768,4653800,4653800,4653820,4653832,4654032,4654048,4654068,4654100,4702304,4702304,4702304,4706504,4747848,4747848,4747848,4747848
1664,4656132
1665,4608084,4608084,4608088,4608088,4608104,4608104,4608116,4608116,4608184,4608184,4655620,4655640,4655656,4655684,4655716,4672829,4706504
1666,4608008,4608008,4608012,4608012,4608016,4608016,4608020,4608020,4608020,4608020,4608100,4608100,4608100,4608100,4608480,4608480,4608480,4608480,4608816,4608816,4655336,4655360,4655364,4655388,4655416,4655452,4655484,4655496,4655504,4655512,4706504
1667,4608968,4608968
1668,4608092,4608092,4608092,4608092,4608480,4608480,4608480,4608480,4655748,4655772,4655804,4655816,4655884,4655928,4706504,5347216
1669,4608972,4608972,4655308,4706504
1670,4656152,4656160,4702312,4702312,5351312
1671,4656196
1672,4608512,4608512,4608604,4608604,4702312,5351312,5351312,5351312
1673,4608364,4608364,4608564,4608564,4608960,4608960,4656436,4657320,4657516,4657576,4657620,4706504
1674
1675
1676
1677
1678
1679
1680
1681
1682
1683,4608564,4608564,4608564,4608564,4656208,4656208,4656352,4656396
1684
1685
1686,4608564,4608564,4608564,4608564,4608564,4608564,4608964,4608964,4608988,4608988,4656436,4656436,4656436,4656520,4656612,4657092,4657132,4657172,4657192,4657216,4657236,4657296,4657296,4657296,4657296,4657320,4657320,4657320,4657320,4657340,4657388,4657432,4657456
1687,4608564,4608564,4656436,4656716,4657664
1688,4608564,4608564,4656436,4656520,4657216,4657636
1689
1690,4608564,4608564,4608564,4608564,4608952,4608952,4608956,4608956,4656436,4656436,4657468,4657496
1691,4657052
1692
1693
1694,4658064
1695
1696
1697
1698
1699,4657320,4657320,4657320,4658348,4658360,4658360,4658360,4658396,4658396,4658396,4658396,4658396,4658396,4658428,4658436,4658484,4658516,4658548,4672829,4706504
1700,4608564,4608564,4608564,4608564,4608564,4608564,4608564,4608564,4608564,4608564,4656436,4656436,4656436,4656436,4656436,4656660,4657320,4657320,4658120,4658164,4658164,4658164,4658180,4658180,4658180,4658216,4658224,4658268,4658316,5351316
1701
1702
1703,4608564,4608564,4656436,4656768,4657320,4657320,4657320,4657832,4657884,4657884,4657884,4657900,4657920,4657948,5351316
1704,4608564,4608564,4656436,4658088
1705,4608564,4608564,4656436,4657320,4657972,4658004,4658044,4706504
1706,4608564,4608564,4608564,4608564,4608564,4656436,4656436,4656436,4656436,4656520,4656612,4656768,4656816
1707,4608564,4608564,4656436,4656520
1708,4608564,4608564,4656436,4656472
1709,4608564,4608564,4656436,4656716
1710,4608564,4608564,4656436,4656660
1711,4608564,4608564,4656436,4656612
1712,4608564,4608564,4656436,4656564
1713
1714,4608564,4608564,4656436,4657012
1715,5351316,5351316,5351316
1716,4657320,4657320,4657708,4657764,4657764,4657776,5351316,5351316,5351316,5351316
1717
1718,4658716,4658716,4658716,4659160,4659188,4659216,4659216,4659216,4659216,4659216,4659232
1719,4608564,4608564,4608564,4608564,4608564,4608564,4658088,4658620,4658620,4658620,4658620,4658620,4658656,4658856,4658864,4658916
1720,4608564,4608564,4608564,4608564,4608564,4608564,4608564,4608564,4608564,4608564,4658216,4658620,4658620,4658620,4658620,4658620,4658716,4658716,4658976,4659016,4659084,4659108,4659148,4659148,4659148,4659148,4659160,4659188,5351316,5351316
1721,5351316
1722
1723
1724
1725
1726,4608564,4608564,4658620,4658976
1727
1728
1729
1730
1731
1732,4608564,4608564,4608564,4608564,4656208,4656208,4656352,4656396
1733
1734
1735
1736,4608564,4608564,4658088,4658548,4658620,4658716,4658716,4658776,4658776,4658776,4658792,4658820,4659252,4659260,4659272,4659280,4659288,4659296,4659308
1737
1738,4658580
1739
1740
1741
1742
1743
1744
1745,4611532,4659308,4659320,4659328,4659336,4659344,4659356,4659364,4659368
1746
1747,4659252,4659260,4659272,4659280,4659288,4659296,4659308
1748,4608564,4608564,4658620,4658656,4658664,4658696,4658716,4658736
1749
1750
1751
1752
1753
1754
1755
1756,4608564,4608564,4608564,4608604,4608604,4608604,4608604,4608604,4608988,4608988,4659412,4659412,4659428,4659428,4659460,4659468,4659492,4659492,4659504,4659624,4659800,4659892,4706504
1757
1758
1759,4608564,4608564,4659428,4659940
1760,4608564,4608564,4659428,4659940
1761,4608564,4608564,4659428,4659940
1762
1763,4608564,4608564,4659428,4659940
1764,4608564,4608564,4659428,4659940
1765
1766,4608604,4608604,4659380,4659400,4659412
1767,4609024,4609024
1768,4608512,4608512,4608604,4608604
1769,4608564,4608564,4659428,4659960
1770,4608564,4608564,4659428,4659960
1771,4608564,4608564,4659428,4659940
1772,4608980,4608980,4608992,4608992,4659968,4660016,4660016,4660016,4660036,4660036,4660036,4660056,4660084
1773,4660036,4660036,4660196,4660196,4660252,4660252
1774,4608980,4608980,4660036,4660272,4660324
1775,4608624,4608624,4608980,4608980,4660036,4660124,4660176
1776,4608564,4608564,4608564,4608564,4608948,4608948,4609040,4609040,4660036,4660388,4660388,4660632,4660696,4660720,4660752,4660780
1777,4660036,4660348,4660368
1778,4608564,4608564,4608564,4608564,4608944,4608944,4660388,4660388,4661212,4661236,4706504
1779,4608564,4608564,4608564,4658856,4660036,4660388,4660388,4660432,4660912,4660968
1780,4608564,4608564,4608564,4608564,4658856,4660036,4660388,4660388,4660432,4660988,4661048,4672836,4674064
1781,4608564,4608564,4608564,4658856,4660036,4660388,4660388,4660432,4660836,4660892
1782,4608564,4608564,4608564,4658856,4660036,4660388,4660388,4660432,4661136,4661192
1783,4608564,4608564,4658856,4660036,4660388,4661068,4661116
1784,4608564,4608564,4660036,4660388,4660432,4660576,4660612
1785,4608564,4608564,4658856,4661256,4661364,4661456,4661512
1786,4608564,4608564,4658856,4661256,4661364,4661384,4661440
1787,4608564,4608564,4658856,4661256,4661292,4661348,4661364
1788,4608564,4608564,4608604,4608604,4608604,4608604,4658856,4661524,4661840,4661860,4661928,4706504
1789,4608564,4608564,4608564,4608564,4608564,4608564,4608564,4608564,4609040,4609040,4658856,4661524,4661524,4661524,4661524,4661560,4661624,4661704,4661768,4661824,4661840,4706504
1790,4608564,4608564,4658856,4661524,4661840,4661860,4661916,4706504
1791
1792
1793
1794
1795
1796
1797
1798
1799
1800
1801,4608564,4608564,4608564,4608564,4656208,4656208,4656352,4656396
1802
1803
1804
1805
1806
1807
1808
1809,4608564,4608564,4608564,4608564,4608564,4608564,4608564,4608564,4608564,4608564,4608564,4608564,4608564,4608564,4608604,4608604,4608604,4608604,4608604,4608604,4656208,4656208,4656352,4656396,4658656,4658856,4658916,4661944,4661944,4661944,4661944,4661980,4706504
1810
1811
1812
1813,4702320,4702320,5351316,5351324,5351324
1814
1815
1816
1817,4608604,4608604,5351316
1818,4608552,4608552,4608556,4608556,4662076
1819
1820,4661992,4662036,4662060
1821
1822,4608564,4608564,4658856,4662096,4662136,4662176,4662196
1823,4608564,4608564,4662272,4662272,4663904,4664008,4664008,4664008,4664008,4664028,4664064,4664124,4664168,4664224
1824
1825
1826,4662328,4680512
1827,4662216,4662248,4662248,4662272,4662292
1828,4662272,4662356,4662412
1829
1830
1831,4608564,4608564,4658216,4663904
1832,4608512,4608512,4662272,4662272,4662272,4662272,4662272,4662272,4662272,4662272,4662272,4662356,4662412,4662432,4662472,4662472,4662472,4662472,4662472,4662472,4662472,4662472,4662472,4662472,4662488,4662520,4662620,4662656,4662704,4663624,4663656,4663728,4663800,4706504,5351316
1833,4608564,4608564,4658856,4662272,4663904,4663940,4663984
1834
1835,4608564,4608564,4608604,4608604,4664272,4664312
1836,4608564,4608564,4664272,4664368
1837
1838,4608564,4608564,4664272,4664436
1839,4608564,4608564,4608564,4608564,4664272,4664272,4664484,4664524,4664540,4664540,4664552,4664552,4664572,4664616,5351316,5351316
1840
1841
1842
1843,4608564,4608564,4664272,4679820
1844
1845
1846
1847
1848
1849,4608564,4608564,4608564,4608564,4656208,4656208,4656352,4656396
1850
1851
1852
1853
1854
1855,4608532,4608532,4608552,4608552,4608552,4608552,4608556,4608556,4608636,4608636,4608656,4608656,4672908
1856,4608532,4608532,4608552,4608552,4608552,4608552,4608552,4608556,4608556,4608556,4608556,4608636,4608636,4608656,4608656,4608696,4608696,4664640,4672829,4672908
1857
1858,4608564,4608564,4608604,4608604,4664644,4664924
1859
1860,4608564,4608564,4608564,4608564,4608564,4608564,4664644,4664644,4664644,4664672,4664868,4664948
1861,4608564,4608564,4608564,4608564,4608564,4608564,4664644,4664644,4664644,4664644,4664644,4664672,4664672,4664716,4665000,4665052
1862
1863
1864,4608564,4608564,4664644,4664868
1865,4608564,4608564,4608564,4608564,4608564,4608564,4608564,4608564,4608564,4608564,4664644,4664644,4664644,4664644,4664644,4664672,4664672,4664672,4664716,4664824
1866,4608564,4608564,4664644,4664672
1867,4608564,4608564,4608564,4608564,4608564,4608564,4608564,4608564,4664644,4664644,4664644,4664644,4664672,4664672,4664716,4664752
1868
1869,4608604,4608604,4638600,4665088
1870,4608604,4608604
1871,4608564,4608564,4665648,4665680
1872,4665096
1873,4665144,4665216,4665252,4706504
1874,4665252,4665296,4706504
1875,4608648,4608648,4609024,4609024,4665716,5351332,5351332
1876,4608648,4608648,4609024,4609024,4665716,5351332,5351332
1877,4608648,4608648,4609024,4609024,4665716,4665724,5351332,5351332
1878,4609024,4609024
1879
1880,4665820,4665944,4666008
1881
1882
1883
1884
1885
1886,4608588,4608588,4608700,4608700,4665840,4665840
1887,4608700,4608700
1888,4608564,4608564,4666024,4666060
1889
1890,4608488,4608488,4608588,4608588,4608604,4608604,4608604,4608604,4608604,4608604,4608604,4608604,4608604,4608604,4608692,4608692,4608692,4608700,4608700
1891,4608588,4608588,4608588,4608588,4608700,4608700,4608700,4608700,4665840,4665840,4665840,4665840
1892,4608604
1893
1894,4608524,4608524,4608604,4608604,4608604,4608604,4608604,4608604,4665860,4665892,4702352,4702352,4702352
1895,4608604,4608604,4608604,4608604
1896,4608512,4608512,4608708,4608708,4611304
1897,4608708,4608708,4611304
1898,4609004,4609004,5354616,5354616,5354716,5354716
1899,4608604,4608604,4608604,4608604,4608604,4608604
1900,4608588,4608588,4608588,4608588,4608604,4608604,4608624,4608624,4608624,4608704,4608704
1901,4608604,4608604
1902,4608604,4608604,4608604,4608708,4608708,4611304
1903,4665744,4665800,4665820
1904,4608604,4608604,4666076,4666304
1905,4608604,4608604,4608604,4608604
1906,4666440
1907
1908,4608564,4608564,4666112,4666272,4666320,5351316
1909,4608528,4608528,4666348,4666356,4666392,4666420
1910,4608564,4608564,4608564,4608564,4666112,4666112,4666264,4666272
1911,4608604,4608604,4666464,4666500
1912,4608604,4608604,4608604,4608604
1913,4666440
1914
1915,4608564,4608564,4608564,4609040,4609040,4666112,4666272,4666516,4666556,4706504,5351316
1916,4666392,4666608,4666652
1917,4608564,4608564,4608564,4608564,4666112,4666112,4666264,4666272
1918,4608564,4608564,4609040,4609040,4666516,4666556
1919,4608552,4608552,4608552,4608552,4608556,4608556,4608556,4608556,4608712,4608712,4666672,4666688,4666728,4702364,4702364,4702364,4702364,4702364,4702364,4702364,4702364,4702364,4702364,4702364,4702364,4702364,4702368,4702368,5351388,5351392,5351392,5351392,5351392,5351396,5351396,5351396,5351396,5351396,5351396,5351396,5351396,5351396,5351396,5351396
1920,4608520,4608520,4608520,4608520,4608552,4608552,4608552,4608552,4608552,4608552,4608556,4608556,4608556,4608556,4608556,4608556,4608712,4608712,4666672,4666756,4666804,4666844,4666876,4702364,4702364,4702364,4702364,4702364,4702364,4702364,4702364,4702364,4702364,4702364,4702364,4702364,4702364,4702364,4702364,4702364,4702364,4702364,4702364,4702364,4702368,4702368,4702368,4702368,5351388,5351388,5351392,5351392,5351392
1921
1922
1923
1924,4702364,4702368,5351388,5351392
1925,4608716,4608716,4706504
1926,4608080,4608080
1927,4608080,4608080
1928,4608936,4608936
1929,4608072,4608072,4608072,4608072,4608076,4608076
1930,4608084,4608084,4608088,4608088,4608512,4608512,4608512,4608588,4608588,4608588,4608588,4706504
1931,4608084,4608084,4608088,4608088,4608512,4608512,4706504
1932,4608512,4608512,4608588,4608588,4608588,4608588
1933,4608512,4608512,4608604,4608604,4608724,4608724,4608728,4608728,4706504
1934,4608564,4608564,4625320,4652464,4666908,4666972,4666996,4667000,4667008
1935,4608564,4608564,4608932,4608932,4608932,4608932,4666908,4666944,4706504,5351404,5351404
1936,4608488,4608488,4608652,4608652,4608660,4608660,4608660,4608660,4608672,4608672,4666964,4685820,4706504,5352632,5352632,5352632
1937,5351536,5351536,5351536
1938,4608928,4608928
1939,5351400,5351608
1940
1941
1942,4702376
1943
1944,4608488,4608488,4608536,4608536
1945,4608564,4608564,4625480,4666908
1946
1947,4608612,4608612
1948,4609000
1949,4608112,4608112,5351408,5351408
1950,4625320,4667024,4667032,4667040
1951,4608516,4608516,4608516,4608516,4608516,4608624,4608624,4608624,4608624,4608720,4608720,4622576,4625320,4666936,4666940,4667016,4667016,4667032,4683384
1952,4608624,4608624,4608624,4608624,4608720,4608720
1953,4608936,4608936
1954
1955,5351400,5351608
1956,4608532,4608532,4608552,4608552,4608552,4608552,4608556,4608556,4608636,4608636,4608656,4608656,4667048
1957,4608732,4608732,4667060,4667108
1958,4608736,4608736,4667148,4667196
1959,4608600,4608600,4667060,4667108
1960,5352896,5352896,5352904,5352904
1961,5352896,5352896,5352904,5352904
1962,5352896,5352896,5352904,5352904
1963,5352896,5352896,5352904,5352904
1964,5352896,5352896,5352904,5352904
1965,5352896,5352896,5352904,5352904
1966,5352896,5352896,5352904,5352904
1967,5352896,5352896,5352896,5352896,5352896,5352900,5352900,5352904,5352904,5352904,5352904,5352904,5352904,5352904,5352904,5353172,5353172,5353172,5353176,5353176,5353180,5353180,5353184,5353184
1968,5352896,5352896,5352904,5352904
1969
1970
1971
1972,4608000,4608000,4608004,4608004,4608024,4608024,4706504
1973
1974,4608588,4608588,4667236,4667236
1975,4608588,4608588,4608588,4608588,4667248,4667248,4667268,4667268,4706504
1976,4608432,4608432
1977,4608612,4608612
1978,4608432,4608432
1979,4608432,4608432
1980
1981,4608588,4608588,4667340
1982,4608564,4608564,4667288,4667312
1983,4608512
1984,4608512,4608512,4608612,4608612,4667344,4667348
1985,4608740,4608740
1986
1987,4608604,4608604,4608604,4608604,4608700,4608700,4608700,4608700,4706504
1988
1989
1990,4608612,4608612,4667352,4706504
1991
1992
1993
1994
1995
1996
1997
1998,4608604,4608604,4608604,4608604
1999
2000,4608488,4608488,4608488,4608488,4608488,4608488,4608488,4608488,4667372,4667384,4667396,4667416,4667416
2001,4608748,4608748,4608748,4608748
2002,4608048,4608048,4608564,4608564,4667436,4667656,5353196,5353196
2003,4608044,4608044,4608052,4608052,4608064,4608064,4608068,4608068,4608068,4608068,4608072,4608072,4608072,4608076,4608076,4608100,4608100,4608100,4608100,4608100,4608100,4608100,4608564,4608564,4608564,4608564,4608564,4608744,4608744,4608748,4608748,4608748,4608748,4608752,4608752,4667436,4667436,4667436,4667436,4667468,4667512,4667556,4667600,5353188,5353188,5353192,5353192,5353192,5353196,5353196,5353196,5353196,5353200,5353200,5353200,5353200
2004,4608056,4608056,4608060,4608060,4608060,4608100,4608100,4608100,4706504,5353192,5353192,5353192,5353200,5353200
2005,4608624,4608624,4608624,4608624,4609044,4609044,4681148,4681152,4706504
2006,4608624,4608624,4609044,4609044
2007,4608624,4608624,4609044,4609044
2008
2009
2010,4608624,4608624,4608624,4608624,4609044,4609044,4609044,4609044
2011,5353208,5353208,5353208,5353208,5353216,5353728
2012,4608624,4608624,4608648,4608648,4667700
2013,4608624,4608624
2014,4608536,4608536,4608588,4608588,4608624,4608624,4609016,4609016,4706504
2015
2016,4608624,4608624
2017
2018,4609044,4609044,4706504
2019,4608604,4608604,4608604,4608604
2020,4608624,4608624,4609044,4609044,4706504
2021,4608040,4608040,4608624,4608624
2022,4608604,4608604,4608732,4608732,4706504
2023,4608600,4608600
2024,4609040,4609040,4609040,4609040,4609040,4609040
2025,4608604,4608604
2026,4706504
2027
2028,4608600,4608600,4706504
2029
2030,4706504
2031,4608660,4608660,4609540,4624576,4655304,4667704,4667708,4667712
2032,4608596,4608596,4608692,4608692,4608692
2033
2034,4609540,4624576,4655304,4667704,4667708
2035,4608732,4608732,4608736,4608736
2036,4609540,4624576,4655304,4667704,4667708
2037,4608520,4608520,4608520,4608520,4608520,4608520,4609540,4624576,4655304,4667704,4667708
2038,4608604,4608604,4608604,4608732,4608732,4609540,4624576,4655304,4667704,4667708
2039,4608604
2040
2041,4608040,4608040,4608624,4608624
2042
2043,4608588,4608588,4608600,4608600,4706504
2044,4608624,4608624,4608624,4608624,4706504
2045,4706504
2046,4608600,4608600
2047,4608040,4608040,4608624,4608624
2048,4608508,4608508,4706504
2049,4704424
2050,4608536,4608536
2051,4608508,4608508,4706504
2052,4608648,4608648,4669388,4706504
2053,4608536,4608536,4609040,4609040,4672829,4706504
2054,4608508,4608508,4706504
2055,4703400
2056,4608536,4608536
2057,4705448
2058,4608508,4608508,4608508,4608508,4608624,4608624,4608624,4608624,4609024,4609024,4609024,4609024,4609024,4609024,4609040,4609040
2059,4609040,4609040,4609040,4609040,4609040,4609040,4609044,4609044
2060,4609040,4609040
2061
2062,4609044
2063,4609040
2064,4609036
2065,4609032
2066,4609028
2067,4609024
2068,4609020
2069,4609016
2070,4609012
2071,4609008
2072,4609004
2073,4609000
2074,4608996
2075,4608992
2076,4608988
2077,4608984
2078,4608980
2079,4608976
2080,4608972
2081,4608968
2082,4608964
2083,4608960
2084,4608956
2085,4608952
2086,4608948
2087,4608944
2088,4608940
2089,4608936
2090,4608932
2091,4608928
2092,4707392
2093,4695420
2094,4707392
2095,4707396
2096,4707396
2097,4707400
2098,4707400
2099,4707404
2100,4707404
2101,4707408
2102,4707408
2103,4707488
2104,4695452
2105,4707488
2106,4707484
2107,4707484
2108,4707480
2109,4707480
2110,4707476
2111,4707476
2112,4707444
2113,4707444
2114,4707440
2115,4707440
2116,4707492
2117,4707492
2118,4707448
2119,4707448
2120,4707452
2121,4707452
2122,4707456
2123,4707456
2124,4707460
2125,4707460
2126,4707464
2127,4707464
2128,4707468
2129,4707468
2130,4707472
2131,4707472
2132,4609084
2133,4609080
2134,4609076
2135,4609072
2136,4609068
2137,4609064
2138,4609060
2139,4609056
2140,4609052
2141,4608020
2142,4608016
2143,4608012
2144,4608008
2145,4608004
2146,4608000
2147,4608024
2148,4608300
2149,4608200
2150,4608204
2151,4608208
2152,4608212
2153,4608216
2154,4608220
2155,4608224
2156,4608228
2157,4608232
2158,4608236
2159,4608240
2160,4608244
2161,4608248
2162,4608252
2163,4608256
2164,4608260
2165,4608264
2166,4608268
2167,4608272
2168,4608276
2169,4608280
2170,4608284
2171,4608288
2172,4608292
2173,4608296
2174,4608920
2175,4608916
2176,4608912
2177,4608908
2178,4608904
2179,4608900
2180,4608896
2181,4608892
2182,4608888
2183,4608884
2184,4608880
2185,4608876
2186,4608872
2187,4608868
2188,4608864
2189,4608860
2190,4608856
2191,4608852
2192,4608848
2193,4608844
2194,4608840
2195,4608836
2196,4608832
2197,4608828
2198,4608824
2199,4608816
2200
2201
2202
2203
2204
2205
2206
2207
2208
2209
2210
2211
2212
2213
2214
2215
2216
2217
2218,4608120,4608120
2219
2220,4608032,4608032,4608036,4608036,4608036,4608036,4608036,4608036,4608116,4608116,4608120,4608120,4608184,4608184,4608184,4608184,5353736,5353736,5353736,5353736,5353740,5353740
2221,4706504
2222,4608120,4608120,4608604,4608604,4608604,4608604
2223,4608040,4608040,4608624,4608624,4609044,4609044,4706504
2224,4608040,4608040,4608624,4608624,4609044,4609044,4609044,4609044,4609044,4609044,4609044,4706504
2225,4608116,4608116,4669836
2226,4608604,4608604,4608732,4608732,4706504
2227,4706504
2228,4608084,4608084,4608600,4608600,4669820
2229,4608356
2230,4608308
2231,4608352
2232,4608348
2233,4608344
2234,4608340
2235,4608336
2236,4608332
2237,4608328
2238,4608324
2239,4608320
2240,4608316
2241,4608312
2242,4608468
2243,4608472
2244,4608476
2245,4608096,4608096,4608632,4608632,4608780,4608780,4637032,4669856,4670056,4670148,5358004,5358004,5358004,5358008,5358008,5358008,5358008,5358008
2246,4608096,4608096,4608096,4608096,4608096,4608096,4608160,4608160,4608160,4608160,4608160,4608160,4608788,4608788,4706504,5358004,5358004,5358008,5358008,5358008
2247
2248,4608164,4608164,5354540,5354540
2249,4670196,4706504,4706508,5353744,5353824
2250
2251,4670196,5353744
2252,4670196,5353744
2253,4608480
2254,4608484
2255,4608488
2256,4608492
2257,4608496
2258,4608500
2259,4608504
2260,4608508
2261,4608512
2262,4608516
2263,4608520
2264,4608524
2265,4608528
2266,4608532
2267,4608536
2268,4608540
2269
2270
2271
2272
2273,4706504
2274,4608808
2275,5354544,5354544
2276
2277,4608548
2278,4670212
2279
2280
2281,4608552
2282,4608556
2283,4608560
2284,4608564
2285,4608568
2286,4608572
2287,4608576
2288,4608580
2289,4608584
2290,4608588
2291,4608592
2292,4608596
2293,4608600
2294,4608604
2295
2296,4608608
2297
2298,4608612
2299,4608616
2300,4608620
2301,4608624
2302,4608628
2303,4608632
2304,4608636
2305,4608640
2306,4608644
2307,4608648
2308,4608652
2309,4608656
2310,4608660
2311,4608664
2312,4670280
2313,4670288
2314,4670280
2315
2316,4670272,4670304,4670312
2317,4670240,4670248,4670336
2318
2319,4670352
2320,4670280
2321,4670288
2322,4670280
2323
2324,4670272,4670280,4670296,4670304
2325,4670224,4670340,4670344,4670348
2326,4670256
2327,4608668
2328,4608672
2329,4608676
2330,4608680
2331,4608684
2332,4608688
2333,4608692
2334,4706504
2335,4608096,4608096,4608372,4608372,4608376,4608376,4608392,4608392,4608424,4608428,4706532,4706536,5354556,5354592,5354604,5358004,5358004,5358008
2336,4608396,4608396,5354560,5354564,5354568,5354572,5354572,5354576,5354576,5354596,5354600
2337
2338,4608380,4608380,4608380,4608380,4608384,4608420,4608464,4608464,4608532,4608532,4608632,4608632,4637032,4670360,4670440,4706504,5354548,5354548,5354548,5354552,5354552,5354552,5354556,5354556,5354560,5354564,5354568,5354568,5357996,5357996,5357996,5357996,5357996,5357996,5358000,5358000,5358000
2339
2340
2341,4608696
2342,4608700
2343,4608704
2344,4608708
2345,4608712
2346,4608716
2347,4608720
2348,4608724
2349,4608728
2350,4608732
2351,4608736
2352,4608740
2353,4608744
2354,4608748
2355,4608752
2356,4608756
2357,4608760
2358,4608764
2359,4608768
2360,4608772
2361,4608776
2362,4608780
2363,4608784
2364,4608792
2365,4608796
2366,4608800
2367,4608036,4608036,4706504
2368,4608036,4608036,4706504
2369,4608116,4608116,4608172,4608172,4608172,4608184,4608184,4671664,4671664,4671688,4671704,4671780,4671792,4671836,4671844,4671864,4671936,4671956,4671960,4672908,4706504,4706528,5354580,5354580
2370,4670528,4706512
2371,4670576,4670604,4671616,4706504,4706520
2372,4671656,5354580
2373
2374,4608164,4608164,4608176,4608176,4608176,4608180,4608180,4608180,4670552,4671368,4671480,4671544,4671564,4671584,4706504
2375,4670624,4670640,4671972,4706504,4706524
2376,5354584
2377,5354588
2378,4672024
2379
2380,5354584,5354584,5354588
2381,5354584,5354588,5354588
2382,4706512,4706512
2383,4608804
2384,4706504
2385
2386,4706504
2387,4608544
2388,4608412
2389,4608408
2390
2391
2392,4608404
2393,4608400
2394
2395,4608396
2396,4608392
2397,4608464
2398
2399,4706504
2400
2401,4608384
2402,4608380
2403,4608148,4608148,4608152,4608152,4608156,4608156,4608188,4608188,4706504,4706504,4706504,4706504,4706508,4706508
2404
2405,4690480
2406,4690556
2407,4608376
2408
2409,4672240,4672328,4672376
2410,4608372
2411,4608388
2412,4608416
2413,4608432
2414,4608124,4608124,4608128,4608128,4608128,4608128,4608172,4608172,4608172,4608172,4608172,4608184,4608184,4608184,4608184,4672512,4672792,4706504,5354612,5354612
2415,4608116,4608116,4608116,4608116,4608120,4608120,4608120,4608120,4608172,4608172,4608172,4608172,4608172,4608184,4608184,4608184,4608184,4672476,4672568,4672568,4672596,4672612,4672632,4672648,4672740,4706504
2416,4672764,4672772,4706504
2417,4608116,4608116,4608128,4608128,4608132,4608132,4608136,4608136,4608136,4608136,4608140,4608140,4608144,4608144,4622304,4672812,5354608,5354608,5354608,5354613,5354613
2418,4608436
2419,4608440
2420,4608444
2421,4608448
2422,4608452
2423,4608456
2424,4608460
2425,4608364
2426,4608192
2427,4608120
2428,4608116
2429,4608112
2430,4608108
2431,4608104
2432,4608100
2433,4608184
2434,4608092
2435,4608088
2436,4608084
2437,4608080
2438,4608076
2439,4608072
2440,4608068
2441,4608064
2442,4608060
2443,4608056
2444,4608052
2445,4608048
2446,4608044
2447,4608040
2448,4608036
2449,4608032
2450,4608096
2451,4608160
2452,4608164
2453,4608168
2454,4608172
2455,4608176
2456,4608180
2457,4608188
2458,4608156
2459,4608152
2460,4608148
2461,4608144
2462,4608140
2463,4608136
2464,4608132
2465,4608128
2466,4608124
2467,4707428
2468,4707428
2469,4707424
2470,4707424
2471,4707420
2472,4707420
2473,4707416
2474,4707416
2475,4707412
2476,4707412
2477,4707432
2478,4707432
2479,4707496
2480,4707496
2481,4707500
2482,4707500
2483,4609088
2484
2485
2486
2487
2488
2489
2490
2491
2492
2493
2494
2495
2496
2497
2498
2499
2500
2501
2502
2503
2504
2505
2506
2507
2508
2509
2510
2511
2512
2513
2514
2515
2516
2517
2518
2519
2520
2521
2522
2523
2524
2525
2526
2527
2528
2529
2530
2531
2532
2533
2534
2535
2536
2537
2538
2539
2540
2541
2542
2543
2544
2545
2546
2547
2548
2549
2550
2551
2552
2553
2554
2555
2556
2557
2558
2559
2560
2561
2562
2563
2564
2565
2566,4709312
2567,4709292
2568
