2666,5480,5502
2667,5480,5502
2668,5502
2669,2668,5502
2670,2673,2669,5502
2671,2674,2672,5502
2672,2689,5502
2673,5501
2674,5501
2675,2677,3131,5501,5502
2676,2670,2668,2689,2685,5502,5504
2677,2676,2678,2674,5502
2680,2693,2682,5502
2681,2693,2729,5502
2682,2693,2681,5502
2683,2694,2684,5502
2684,2694,3154,5502
2685,2687,2695,5502
2686,2729,2695,5502
2687,2686,2695,5502
2688,2729,2696,5502
2689,2691,5502
2691,2690,5502
2697,2714,5502
2698,2714,5502
2699,2714,5502
2700,3124,2705,5502
2701,2697,3123,5502
2702,3123,2698,5502
2703,2699,3123,5502
2704,2703,5502
2705,5502
2706,2707,5502
2709,2700,2707,5502
2710,5502
2711,2763,5502
2712,2750,5502
2715,2728,5502
2716,2728,5502
2717,2728,5502
2718,3130,2723,5502
2719,2715,5502
2720,2716,5502
2721,2717,5502
2722,2721,5502
2723,5502
2724,2718,3140,5502
2725,5502
2726,2766,5502
2727,2865,5502
2728,3136,5501,5502
2731,3126,5502
2732,3127,5502
2733,3128,5502
2734,2731,5502
2735,2732,5502
2736,2733,5502
2737,3167,5502
2738,3168,5502
2739,3169,5502
2740,3132,5502
2741,3132,5502
2742,3132,5502
2743,2742,5502
2744,3132,5502
2745,3132,5502
2746,3132,5502
2747,2746,5502
2748,2724,5481,5502
2749,2727,5481,5502
2750,5502,5508
2751,2940,3004,2984,2983,2906,3072,2982,5501,5502,5503
2752,2792,5502,5508
2753,2870,2765,2990,3000,2784,2946,2824,2871,2759,2818,2862,2758,3117,2794,2798,3055,2767,2792,3820,2770,2900,3003,2878,2951,2975,2906,2771,3013,3813,3063,3042,3815,2950,2999,2753,2751,3116,2853,2796,3054,5481,5493,5501,5502,5503,5508
2754,2828,2783,2792,2975,2906,5501,5502
2755,2784,2818,3117,2783,3055,2878,2906,3116,3054,5501,5502,5503,5508
2756,2931,2784,2768,2824,2818,2868,2872,2792,3008,2906,2852,2799,2908,3815,2753,2853,5501,5502,5503
2757,2931,2754,2906,2908,5502
2758,2880,3037,2889,3172,3036,3102,2901,2776,2899,2894,2874,2902,2893,2881,2783,3044,2767,2896,3820,2775,3016,3831,3043,2777,3015,3017,3065,2895,3018,2910,2878,2906,2909,3029,3038,3013,2888,3042,3034,2778,3020,3019,5481,5498,5501,5502
2759,3037,2886,3025,3036,2917,2776,2782,2864,2781,3035,3823,3044,2897,2792,3413,3820,3043,3017,3065,2850,2887,3018,2900,2878,3422,2760,3028,2858,2906,2898,3038,3050,2859,3034,3020,3019,5494,5501,5502,5503,5508
2760,2864,2783,3016,3015,2906,3029,2851,5501,5502,5503
2761,2764,2994,3117,3041,3055,2995,3820,2752,2906,2753,3116,2860,2947,2933,3054,5501,5502,5503,5508
2762,2764,2994,3117,3041,3055,2995,2906,2753,3116,2860,3054,5502
2763,2712,5493,5502
2764,3058,2966,2904,3059,2809,2970,2905,3171,2968,3820,3056,2998,2906,2969,3118,2795,3119,3057,3120,2933,5501,5502,5503
2765,3035,2900,2906,3822,5501,5502
2766,2749,5502
2767,2981,2792,2906,2805,3050,5501,5502,5503
2768,2734,2740,3153,2735,3152,2720,2745,3423,3150,3413,3151,2744,3813,2741,2719,5501,5502,5503
2769,2906,2873,5502
2772,2936,2935,2906,5502
2773,5502
2774,2881,2906,5502
2775,2882,2906,5502
2776,2883,2906,5502
2777,2884,2906,5502
2778,2906,2885,5502
2779,2890,2906,5502
2780,2894,2906,5502
2781,2874,2906,5502
2782,2765,2900,2906,5502
2783,2903,2906,5502
2784,2878,2906,5501,5502,5503,5508
2785,2906,2913,5502
2786,2906,2915,5502
2787,2917,2906,5502
2788,2906,2918,5502
2789,2919,2922,2985,2906,5502
2790,2924,2923,2906,5501,5502,5503
2791,2925,2906,5502
2792,2818,2927,2926,2906,5502
2793,2926,2906,5502
2794,2927,2906,5502
2795,2928,2906,5502
2797,2878,2906,5502
2798,3814,3413,3426,5502
2799,2734,2740,3153,2735,3152,2720,2745,3423,3150,3413,3151,2744,3813,2741,2719,5501,5502,5503,5508
2800,2981,2906,5502
2801,2906,2986,5502
2802,2792,5501,5502,5503
2803,2906,2993,2992,5501,5502,5503
2804,2802,5501,5502,5503
2805,2998,2906,5502
2806,2802,5501,5502,5503
2807,2911,2878,2906,2753,2912,2853,5502
2808,3148,2743,2736,2906,2989,2747,2786,2722,3161,5501,5502
2809,3110,2823,3812,3108,3039,3109,3040,2906,3842,3107,5501,5502,5503
2810,2867,2906,5502
2811,2937,2906,5502
2812,2941,2813,2906,5502
2813,2822,2952,2906,5502
2814,5502
2815,2906,2972,5502
2816,2973,2906,5502
2817,2878,2906,5502
2818,2878,2906,2796,5502
2819,3148,3820,2743,2736,2906,2989,2747,2722,3161,5501,5502
2820,2940,2906,2869,5502
2821,2917,2905,2792,2934,2995,3820,3066,2825,2907,2906,3050,2908,2761,2933,5501,5502
2823,2773,3817,3090,3009,2841,3087,3049,2979,3093,3091,3089,3097,3086,3095,3082,3092,3085,2814,3099,3084,2906,3094,3096,3107,3098,3105,3088,5501,5502,5503
2824,3112,3812,3843,3100,3101,2973,2906,2972,3844,3104,5502
2825,2892,2776,2781,2810,2979,3103,3812,2987,2916,2815,2783,2767,2792,3111,3838,3014,2967,2976,3001,2878,2807,3818,2801,2826,2879,2906,2921,2920,2877,2891,2852,2861,2978,2808,2753,2778,3048,2977,5501,5502,5503
2826,2828,2824,2783,3044,2792,3820,3047,2878,2906,5501,5502,5503,5508
2827,2865,2750,2906,5502
2828,2880,2824,2776,2862,2781,2894,2881,2783,2914,3044,2897,2792,3820,3016,3015,3065,2850,2895,2878,2760,2858,2906,2898,3029,2778,5501,5502,5503
2829,3067,3068,2906,5502
2830,2906,3021,3022,5502
2831,3024,3023,2906,5502
2832,3026,3027,2906,5502
2833,3031,3030,2906,5502
2834,3032,3033,2906,5502
2835,2906,3078,3079,5502
2836,3045,3046,2906,5502
2837,3052,3053,2906,5502
2838,3071,2906,3070,5502
2839,3083,2906,3081,3080,5502
2840,3121,3122,2906,5502
2841,2959,3012,2906,2958,3113,5502
2842,3106,3011,2850,2906,5502
2843,3062,3060,2906,3061,5502
2844,2906,3069,5502
2845,3008,2906,5502
2846,2870,3005,2871,2818,3006,2905,2906,2751,5502
2847,2709,3114,3820,3166,2906,2989,3115,2988,5493,5501,5502
2848,3058,2904,3059,2809,2905,3171,3820,3056,2998,2906,3118,3119,3057,3120,2933,5502
2849,3010,2906,5502
2850,2793,2818,2906,2876,5501,5502,5503
2851,2781,2894,2881,2906,5501,5502,5503
2852,2758,3035,2792,2900,2906,3050,2751,5502
2853,2734,2740,3152,2991,3423,2974,3415,3150,3413,2739,2744,2738,3158,2737,3168,2719,5501,5502,5503
2854,3077,2870,2816,3058,2930,2946,3059,2892,2824,2871,2776,2818,2996,2757,2945,3076,3002,3075,2949,2810,3103,3812,2952,2815,2783,2941,2792,2997,2948,2956,2875,2976,2929,2980,3074,2910,2878,2801,2906,2932,2909,2953,2891,3842,3057,2786,2855,3809,2938,2939,3064,2954,2751,2778,2756,5501,5502,5503
2855,2784,3412,2803,2852,2753,5501,5502,5503
2856,2784,2852,2753,2853,5501,5502,5503
2857,2784,2852,2753,2853,5501,5502,5503
2858,2903,2874,2906,5501,5502,5503
2859,3413,2955,2878,2906,3425,2913,5502
2860,2966,2970,2961,2964,2965,2906,2957,2962,2971,2960,2963,5502
2861,2919,2866,2955,3074,2906,2944,2943,3073,3051,5502
2862,3413,2985,2955,2878,2906,3425,3808,5501,5502,5503
2863,2941,3007,2906,2942,5502
2864,5502
2865,2748,2852,5502
2866,2710,2725,5501,5502
2867,2710,2725,5501,5502
2868,2710,2725,5501,5502
2869,2710,2725,5501,5502
2870,2710,2725,5501,5502
2871,2710,2725,5501,5502
2872,2710,2725,5501,5502
2873,2710,2725,5501,5502
2874,2710,2725,5501,5502
2875,2710,2725,5501,5502
2876,2710,2725,5501,5502
2877,2710,2725,5501,5502
2878,2710,2725,5501,5502
2879,2710,2725,5501,5502
2880,2710,2725,5501,5502
2881,2710,2725,5501,5502
2882,2710,2725,5501,5502
2883,2710,2725,5501,5502
2884,2710,2725,5501,5502
2885,2710,2725,5501,5502
2886,2710,2725,5501,5502
2887,2710,2725,5501,5502
2888,2710,2725,5501,5502
2889,2710,2725,5501,5502
2890,2710,2725,5501,5502
2891,2710,2725,5501,5502
2892,2710,2725,5501,5502
2893,2710,2725,5501,5502
2894,2710,2725,5501,5502
2895,2710,2725,5501,5502
2896,2710,2725,5501,5502
2897,2710,2725,5501,5502
2898,2710,2725,5501,5502
2899,2710,2725,5501,5502
2900,2710,2725,5501,5502
2901,2710,2725,5501,5502
2902,2710,2725,5501,5502
2903,2710,2725,5501,5502
2904,2710,2725,5501,5502
2905,2710,2725,5501,5502
2906,2711,5484,5502
2907,2710,2725,5501,5502
2908,2710,2725,5501,5502
2909,2710,2725,5501,5502
2910,2710,2725,5501,5502
2911,2710,2725,5501,5502
2912,2710,2725,5501,5502
2913,2710,2725,5501,5502
2914,2710,2725,5501,5502
2915,2710,2725,5501,5502
2916,2710,2725,5501,5502
2917,2710,2725,5501,5502
2918,2710,2725,5501,5502
2919,2710,2725,5501,5502
2920,2710,2725,5501,5502
2921,2710,2725,5501,5502
2922,2710,2725,5501,5502
2923,2710,2725,5501,5502
2924,2710,2725,5501,5502
2925,2710,2725,5501,5502
2926,2710,2725,5501,5502
2927,2710,2725,5501,5502
2928,2710,2725,5501,5502
2929,2710,2725,5501,5502
2930,2710,2725,5501,5502
2931,2710,2725,5501,5502
2932,2710,2725,5501,5502
2933,2710,2725,5501,5502
2934,2710,2725,5501,5502
2935,2710,2725,5501,5502
2936,2710,2725,5501,5502
2937,2710,2725,5501,5502
2938,2710,2725,5501,5502
2939,2710,2725,5501,5502
2940,2710,2725,5501,5502
2941,2710,2725,5501,5502
2942,2710,2725,5501,5502
2943,2710,2725,5501,5502
2944,2710,2725,5501,5502
2945,2710,2725,5501,5502
2946,2710,2725,5501,5502
2947,2710,2725,5501,5502
2948,2710,2725,5501,5502
2949,2710,2725,5501,5502
2950,2710,2725,5501,5502
2951,2710,2725,5501,5502
2952,2710,2725,5501,5502
2953,2710,2725,5501,5502
2954,2710,2725,5501,5502
2955,2710,2725,5501,5502
2956,2710,2725,5501,5502
2957,2710,2725,5501,5502
2958,2710,2725,5501,5502
2959,2710,2725,5501,5502
2960,2710,2725,5501,5502
2961,2710,2725,5501,5502
2962,2710,2725,5501,5502
2963,2710,2725,5501,5502
2964,2710,2725,5501,5502
2965,2710,2725,5501,5502
2966,2710,2725,5501,5502
2967,2710,2725,5501,5502
2968,2710,2725,5501,5502
2969,2710,2725,5501,5502
2970,2710,2725,5501,5502
2971,2710,2725,5501,5502
2972,2710,2725,5501,5502
2973,2710,2725,5501,5502
2975,2710,2725,5501,5502
2976,2710,2725,5501,5502
2977,2710,2725,5501,5502
2978,2710,2725,5501,5502
2979,2710,2725,5501,5502
2980,2710,2725,5501,5502
2981,2710,2725,5501,5502
2982,2710,2725,5501,5502
2983,2710,2725,5501,5502
2984,2710,2725,5501,5502
2985,2710,2725,5501,5502
2986,2710,2725,5501,5502
2987,2710,2725,5501,5502
2988,2710,2725,5501,5502
2989,2710,2725,5501,5502
2990,2710,2725,5501,5502
2992,2710,2725,5501,5502
2993,2710,2725,5501,5502
2994,2710,2725,5501,5502
2995,2710,2725,5501,5502
2996,2710,2725,5501,5502
2997,2710,2725,5501,5502
2998,2710,2725,5501,5502
2999,2710,2725,5501,5502
3000,2710,2725,5501,5502
3001,2710,2725,5501,5502
3002,2710,2725,5501,5502
3003,2710,2725,5501,5502
3004,2710,2725,5501,5502
3005,2710,2725,5501,5502
3006,2710,2725,5501,5502
3007,2710,2725,5501,5502
3008,2710,2725,5501,5502
3009,2710,2725,5501,5502
3010,2710,2725,5501,5502
3011,2710,2725,5501,5502
3012,2710,2725,5501,5502
3013,2710,2725,5501,5502
3014,2710,2725,5501,5502
3015,2710,2725,5501,5502
3016,2710,2725,5501,5502
3017,2710,2725,5501,5502
3018,2710,2725,5501,5502
3019,2710,2725,5501,5502
3020,2710,2725,5501,5502
3021,2710,2725,5501,5502
3022,2710,2725,5501,5502
3023,2710,2725,5501,5502
3024,2710,2725,5501,5502
3025,2710,2725,5501,5502
3026,2710,2725,5501,5502
3027,2710,2725,5501,5502
3028,2710,2725,5501,5502
3029,2710,2725,5501,5502
3030,2710,2725,5501,5502
3031,2710,2725,5501,5502
3032,2710,2725,5501,5502
3033,2710,2725,5501,5502
3034,2710,2725,5501,5502
3035,2710,2725,5501,5502
3036,2710,2725,5501,5502
3037,2710,2725,5501,5502
3038,2710,2725,5501,5502
3039,2710,2725,5501,5502
3040,2710,2725,5501,5502
3041,2710,2725,5501,5502
3042,2710,2725,5501,5502
3043,2710,2725,5501,5502
3044,2710,2725,5501,5502
3045,2710,2725,5501,5502
3046,2710,2725,5501,5502
3047,2710,2725,5501,5502
3048,2710,2725,5501,5502
3049,2710,2725,5501,5502
3050,2710,2725,5501,5502
3051,2710,2725,5501,5502
3052,2710,2725,5501,5502
3053,2710,2725,5501,5502
3054,2710,2725,5501,5502
3055,2710,2725,5501,5502
3056,2710,2725,5501,5502
3057,2710,2725,5501,5502
3058,2710,2725,5501,5502
3059,2710,2725,5501,5502
3060,2710,2725,5501,5502
3061,2710,2725,5501,5502
3062,2710,2725,5501,5502
3063,2710,2725,5501,5502
3064,2710,2725,5501,5502
3065,2710,2725,5501,5502
3066,2710,2725,5501,5502
3067,2710,2725,5501,5502
3068,2710,2725,5501,5502
3069,2710,2725,5501,5502
3070,2710,2725,5501,5502
3071,2710,2725,5501,5502
3072,2710,2725,5501,5502
3073,2710,2725,5501,5502
3074,2710,2725,5501,5502
3075,2710,2725,5501,5502
3076,2710,2725,5501,5502
3077,2710,2725,5501,5502
3078,2710,2725,5501,5502
3079,2710,2725,5501,5502
3080,2710,2725,5501,5502
3081,2710,2725,5501,5502
3082,2710,2725,5501,5502
3083,2710,2725,5501,5502
3084,2710,2725,5501,5502
3085,2710,2725,5501,5502
3086,2710,2725,5501,5502
3087,2710,2725,5501,5502
3088,2710,2725,5501,5502
3089,2710,2725,5501,5502
3090,2710,2725,5501,5502
3091,2710,2725,5501,5502
3092,2710,2725,5501,5502
3093,2710,2725,5501,5502
3094,2710,2725,5501,5502
3095,2710,2725,5501,5502
3096,2710,2725,5501,5502
3097,2710,2725,5501,5502
3098,2710,2725,5501,5502
3099,2710,2725,5501,5502
3100,2710,2725,5501,5502
3101,2710,2725,5501,5502
3102,2710,2725,5501,5502
3103,2710,2725,5501,5502
3104,2710,2725,5501,5502
3105,2710,2725,5501,5502
3106,2710,2725,5501,5502
3107,2710,2725,5501,5502
3108,2710,2725,5501,5502
3109,2710,2725,5501,5502
3110,2710,2725,5501,5502
3111,2710,2725,5501,5502
3112,2710,2725,5501,5502
3113,2710,2725,5501,5502
3114,2710,2725,5501,5502
3115,2710,2725,5501,5502
3116,2710,2725,5501,5502
3117,2710,2725,5501,5502
3118,2710,2725,5501,5502
3119,2710,2725,5501,5502
3120,2710,2725,5501,5502
3121,2710,2725,5501,5502
3122,2710,2725,5501,5502
3123,3136,5501,5502
3124,2708,2688,2713,3145,5501,5502
3126,3132,5502
3127,3132,5502
3128,3132,5502
3129,2671,3131,5501,5502
3130,2708,2692,3157,5501,5502
3131,2706,5502
3134,3149,3165,5502
3136,5502
3137,3133,3125,5501,5502
3138,3129,3170,3155,3131,2675,3143,5502,5504
3139,3165,3141,3170,3142,3138,3134,5502
3140,3129,3155,3131,5502
3142,5502
3143,3144,5502
3144,2666,5502
3145,2667,5502
3146,2701,5502
3147,2702,5502
3148,2704,5502
3150,3146,5502
3151,3147,5502
3152,3159,5502
3153,3160,5502
3154,2729,5502
3155,3156,5502
3156,5481,5502
3157,5481,5502
3159,2701,5502
3160,2702,5502
3161,2704,5502
3162,3164,5502
3164,3163,5502
3165,3131,3162,5502
3166,2683,2680,3139,3137,2679,3135,3131,5502
3173,5480,5502
3174,5480,5502
3175,5480,5502
3176,5480,5502
3177,5480,5502
3178,5480,5502
3179,5480,5502
3180,5502
3181,5502
3182,5502
3183,5502
3184,5502
3185,5502
3186,5502
3187,5502
3188,3181,5502
3189,3182,5502
3190,3183,5502
3191,3184,5502
3192,3185,5502
3193,3186,5502
3194,3187,5502
3195,3188,3216,5502
3196,3217,3189,5502
3197,3190,3218,5502
3198,3219,3191,5502
3199,3220,3192,5502
3200,3193,3221,5502
3201,3222,3194,5502
3202,3223,3203,5502
3204,3224,3205,5502
3206,3225,3207,5502
3208,3209,3226,5502
3210,3227,3211,5502
3212,3213,3228,5502
3213,3301,5502
3214,3229,3215,5502
3216,5501
3217,5501
3218,5501
3219,5501
3220,5501
3221,5501
3222,5501
3223,5501
3224,5501
3225,5501
3226,5501
3227,5501
3228,5501
3229,5501
3230,3453,3244,5501,5502
3231,3454,3245,5501,5502
3232,3455,3246,5501,5502
3233,3247,3456,5501,5502
3234,3457,3248,5501,5502
3235,3249,3458,5501,5502
3236,3250,3459,5501,5502
3237,3195,3181,5502
3238,3196,3182,5502
3239,3295,3186,3301,3200,5502,5504
3240,3197,3183,5502
3241,3184,3198,5502
3242,3199,3185,5502
3243,3201,3187,5502
3244,3251,3237,3223,5502
3245,3238,3252,3224,5502
3246,3225,3253,3240,5502
3247,3241,3254,3226,5502
3248,3227,3242,3255,5502
3249,3228,3256,3239,5502
3250,3229,3257,3243,5502
3265,3304,3267,5502
3266,3304,2729,5502
3267,3304,3266,5502
3268,3310,3269,5502
3269,3548,3310,5502
3270,3305,3272,5502
3271,3305,2729,5502
3272,3305,3271,5502
3273,3274,3311,5502
3274,3549,3311,5502
3275,3277,3306,5502
3276,2729,3306,5502
3277,3276,3306,5502
3278,3279,3312,5502
3279,3550,3312,5502
3280,3282,3307,5502
3281,2729,3307,5502
3282,3281,3307,5502
3283,3284,3313,5502
3284,3551,3313,5502
3285,3287,3308,5502
3286,2729,3308,5502
3287,3308,3286,5502
3288,3314,3289,5502
3289,3314,3552,5502
3290,3309,3292,5502
3291,3309,2729,5502
3292,3309,3291,5502
3293,3315,3294,5502
3294,3553,3315,5502
3295,3297,3316,5502
3296,3316,2729,5502
3297,3296,3316,5502
3298,3300,3317,5502
3299,3317,2729,5502
3300,3317,3299,5502
3301,3303,5502
3303,3302,5502
3318,3180,5502
3319,2714,5502
3320,3431,3329,5502
3321,3432,3330,5502
3322,3433,3331,5502
3323,3434,3332,5502
3324,3435,3333,5502
3325,3436,3334,5502
3326,3335,3437,5502
3327,3123,3319,5502
3328,2701,5502
3329,5502
3330,5502
3331,5502
3332,5502
3333,5502
3334,5502
3335,5502
3336,3343,5502
3337,3344,5502
3338,3345,5502
3339,3346,5502
3340,3347,5502
3341,3348,5502
3342,3349,5502
3350,3343,3320,5502
3351,3344,3321,5502
3352,3345,3322,5502
3353,3323,3346,5502
3354,3324,3347,5502
3355,3348,3325,5502
3356,3326,3349,5502
3357,3351,3353,3354,5502,5508
3358,3350,5502
3359,3355,5502
3360,3428,3356,3352,5502
3361,3824,5502
3362,3410,5502
3363,2728,5502
3364,3446,3373,5502
3365,3447,3374,5502
3366,3448,3375,5502
3367,3376,3449,5502
3368,3450,3377,5502
3369,3378,3451,5502
3370,3379,3452,5502
3371,3363,5502
3372,2719,5502
3373,5502
3374,5502
3375,5502
3376,5502
3377,5502
3378,5502
3379,5502
3380,3364,3495,5502
3381,3496,3365,5502
3382,3366,3497,5502
3383,3498,3367,5502
3384,3368,3499,5502
3385,3500,3369,5502
3386,3501,3370,5502
3387,3542,3406,3398,3384,3610,3544,3405,3545,2738,3397,3168,3381,3404,3609,3383,5502
3389,3380,5502
3390,3385,3546,5502
3391,3409,3382,3386,5502
3392,3825,5502
3393,3411,5502
3394,3438,5502
3395,3394,5502
3396,3608,5502
3397,3609,5502
3398,3610,5502
3399,3132,5502
3400,2740,5502
3401,3132,5502
3402,2744,5502
3403,3387,5481,5502
3404,3388,5481,5502
3405,3389,5481,5502
3406,3390,5481,5502
3407,3391,5481,5502
3408,3823,3601,5501,5502
3409,2734,3531,3543,3400,3570,3402,3403,3372,5501,5502
3410,3360,5493,5502
3411,3407,5502
3412,3413,3426,5501,5502,5503,5508
3413,3430,3416,3427,3429,3362,2772,5484,5501,5502
3415,3414,3318,3169,3516,2739,3167,2737,3572,5501,5502,5503
3416,2734,3396,3421,3531,3608,2782,3400,3409,3570,3419,3823,3361,3402,3403,3372,3418,3392,3417,3357,3568,3603,5493,5501,5502,5503
3417,3169,3398,3602,3610,3358,2739,3397,3408,2811,3609,5493,5501,5502,5503
3418,3371,3602,3358,3395,3399,3540,3541,3401,3408,2811,5493,5501,5502,5503
3419,2784,3823,3604,3404,5493,5501,5502,5503
3420,2811,3606,5494,5498,5501,5502,5503
3421,3406,3359,3569,3605,3420,5493,5501,5502
3422,2734,2740,3152,3150,2744,2719,5501,5502
3424,3371,3395,3399,3540,3422,3541,3401,5501,5502
3425,3422,2738,3168,5502
3426,3398,3610,3422,5502
3428,3607,3547,5502
3431,2708,2688,2713,3145,5501,5502
3432,2708,2688,2713,3145,5501,5502
3433,2708,2688,2713,3145,5501,5502
3434,2708,2688,2713,3145,5501,5502
3435,2708,2688,2713,3145,5501,5502
3436,2708,2688,2713,3145,5501,5502
3437,2708,2688,2713,3145,5501,5502
3438,3132,5502
3439,3202,3453,5501,5502
3440,3204,3454,5501,5502
3441,3455,3206,5501,5502
3442,3208,3456,5501,5502
3443,3210,3457,5501,5502
3444,3212,3458,5501,5502
3445,3214,3459,5501,5502
3446,2708,2692,3157,5501,5502
3447,2708,2692,3157,5501,5502
3448,2708,2692,3157,5501,5502
3449,2708,2692,3157,5501,5502
3450,2708,2692,3157,5501,5502
3451,2708,2692,3157,5501,5502
3452,2708,2692,3157,5501,5502
3453,3336,5502
3454,3337,5502
3455,3338,5502
3456,3339,5502
3457,3340,5502
3458,3341,5502
3459,3342,5502
3460,3533,3594,5502
3461,3595,3534,5502
3462,3596,3535,5502
3463,3597,3536,5502
3464,3537,3598,5502
3465,3599,3538,5502
3466,3600,3539,5502
3474,3133,3125,5501,5502
3475,3133,3125,5501,5502
3476,3133,3125,5501,5502
3477,3133,3125,5501,5502
3478,3133,3125,5501,5502
3479,3133,3125,5501,5502
3480,3133,3125,5501,5502
3481,3517,3554,3439,3230,3167,3453,5502,5504
3482,3518,3454,3168,3555,3440,3231,5502,5504
3483,3455,3608,3519,3556,3441,3232,5502,5504
3484,3233,3557,3442,3520,3609,3456,5502,5504
3485,3234,3558,3610,3521,3457,3443,5502,5504
3486,3559,3169,3235,3444,3522,3458,5502,5504
3487,3523,3445,3560,3459,3236,3611,5502,5504
3488,3481,3167,3594,3460,3502,3509,5502
3489,3503,3595,3461,3482,3168,3510,5502
3490,3504,3608,3483,3596,3511,3462,5502
3491,3484,3505,3512,3597,3463,3609,5502
3492,3485,3464,3610,3598,3506,3513,5502
3493,3169,3514,3465,3486,3507,3599,5502
3494,3466,3600,3515,3611,3487,3508,5502
3495,3554,3439,3453,5502
3496,3454,3555,3440,5502
3497,3455,3556,3441,5502
3498,3557,3442,3456,5502
3499,3558,3457,3443,5502
3500,3559,3444,3458,5502
3501,3445,3560,3459,5502
3509,5502
3510,5502
3511,5502
3512,5502
3513,5502
3514,5502
3515,5502
3517,3524,5502
3518,3525,5502
3519,3526,5502
3520,3527,5502
3521,3528,5502
3522,3529,5502
3523,3530,5502
3524,3173,5502
3525,3174,5502
3526,3175,5502
3527,3176,5502
3528,3177,5502
3529,3178,5502
3530,3179,5502
3531,3328,5502
3532,3327,5502
3540,3532,5502
3541,3571,5502
3542,3440,5502
3543,3441,5502
3544,3442,5502
3545,3443,5502
3546,3444,5502
3547,3445,5502
3548,2729,5502
3549,2729,5502
3550,2729,5502
3551,2729,5502
3552,2729,5502
3553,2729,5502
3554,3561,5502
3555,3562,5502
3556,3563,5502
3557,3564,5502
3558,3565,5502
3559,3566,5502
3560,3567,5502
3561,5481,5502
3562,5481,5502
3563,5481,5502
3564,5481,5502
3565,5481,5502
3566,5481,5502
3567,5481,5502
3570,3328,5502
3571,3327,5502
3572,3612,5502
3573,3587,5502
3574,3588,5502
3575,3589,5502
3576,3590,5502
3577,3591,5502
3578,3592,5502
3579,3593,5502
3587,3580,5502
3588,3581,5502
3589,3582,5502
3590,3583,5502
3591,3584,5502
3592,3585,5502
3593,3586,5502
3594,3573,3453,5502
3595,3454,3574,5502
3596,3455,3575,5502
3597,3456,3576,5502
3598,3577,3457,5502
3599,3578,3458,5502
3600,3579,3459,5502
3601,3265,3268,3258,3453,3474,3488,3467,5502
3602,3468,3260,3270,3489,3273,3454,3475,5502
3603,3455,3469,3275,3261,3476,3490,3278,5502
3604,3477,3262,3491,3283,3470,3280,3456,5502
3605,3492,3471,3457,3263,3285,3288,3478,5502
3606,3293,3493,3290,3259,3472,3479,3458,5502
3607,3317,3298,3494,3264,3473,3459,3480,5502
3613,5501,5502
3615,3614,3616,5501,5502,5503,5511
3616,5502
3617,5502
3618,5502
3619,3618,5502
3620,3623,5502
3621,3624,5502
3625,3620,5502
3626,3621,5502
3627,3622,5502
3628,3655,5502
3629,3656,5502
3630,3657,5502
3634,5498,5502
3635,5498,5502
3636,5502
3638,3617,3654,5501,5502,5503
3639,3641,5502
3640,3641,5502
3641,3625,3666,3628,3647,3650,3653,3667,5501,5502,5503
3642,3641,5502
3643,3645,5502
3644,3645,5502
3645,3617,3647,3650,5502
3646,3645,5502
3647,3632,3626,3171,3659,3648,3629,3637,3638,3649,3651,3652,5494,5501,5502
3649,3171,3652,5501,5502
3652,3619,3637,5502
3653,3658,3627,3171,3630,3631,3660,3664,3633,3665,5494,5501,5502,5503
3655,3661,3634,5502
3656,3635,3662,5502
3657,3663,3636,5502
3664,3655,5502
3666,5502
3667,5502
3669,3618,5502
3671,3730,5502
3681,3620,5502
3682,3680,5502
3684,3731,5502
3685,3732,5502
3686,3733,5502
3687,3734,5502
3688,3735,5502
3689,3736,5502
3690,3737,5502
3691,3738,5502
3692,3739,5502
3693,3740,5502
3694,3749,5502
3695,3694,3749,5502
3696,3745,5502
3697,3671,3744,3685,5502
3698,3715,5502
3699,3746,5502
3709,3668,5502
3710,5502
3711,3687,5481,5498,5502,5514
3713,3698,3715,3697,3702,3171,3672,3648,3720,3670,3684,3721,3701,3685,3714,5501,5502
3729,3619,3712,5502
3730,5502
3731,5502
3732,5502
3733,5502
3734,5502
3735,5502
3736,5502
3737,5502
3738,5502
3739,5502
3740,5502
3742,3715,3700,3696,3658,3669,3171,3672,3631,3681,3682,3752,3750,3628,3685,3713,3729,3741,5494,5501,5502,5503,5508
3743,3707,3715,3688,3677,3726,3699,3718,3716,3686,3723,3689,3695,3171,3693,3717,3672,3727,3678,3673,3692,3704,3675,3728,3724,3674,3691,3709,3676,3706,3708,3753,3703,3722,3725,3705,3719,3679,3685,3690,3713,3747,5501,5502,5503,5518
3745,3751,3710,5502
3747,5502
3749,3748,5502
3754,3769,5502
3755,5502
3763,3792,5502
3764,3793,5502
3765,3794,5502
3766,3795,5502
3767,3796,5502
3768,3797,5502
3769,3799,5502
3775,3762,5502
3776,3767,3786,3760,3677,3726,3658,3765,3171,3773,3789,3631,3758,3755,3681,3691,3706,3628,3753,3791,3771,3798,3800,3801,3802,5494,5501,5502,5503,5518
3777,3779,5502
3778,3779,5502
3779,3757,3788,3785,3764,3666,3787,3756,3763,3770,3776,3800,3803,5501,5502,5503
3780,3779,5502
3781,3783,5502
3782,3783,5502
3783,3757,3693,3788,3785,3764,3755,3728,3708,3787,3756,3719,3763,3770,3679,3776,3800,5501,5502
3784,3783,5502
3792,5502
3793,5502
3794,5502
3795,5502
3796,5502
3797,5502
3799,3797,5502
3800,5502
3801,3754,3759,3774,3772,3768,3775,3790,3766,3761,3800,5501,5502
3802,5502,5518
3803,5502
3804,5502
3805,3845,5502
3806,5501,5502
3807,5502,5527
3808,3847,5502
3809,5502
3810,2784,3413,3426,5501,5502,5503,5508
3811,5501,5502,5503,5508
3812,3806,5502
3813,5501,5502,5503
3814,5502
3815,5502
3816,5501,5502,5503,5521
3817,5501,5502,5503,5521
3818,3805,2783,3743,2778,3742,5501,5502
3819,5501,5502
3820,2800,3804,3615,5501,5502,5503
3822,3832,5502
3823,3832,5502
3824,3833,5502
3825,3833,5502
3826,3833,5502
3827,3833,5502
3828,3833,5502
3829,3833,5502
3830,3833,5502
3831,3832,5502
3832,5502
3833,5502
3834,5501,5502
3835,5501,5502
3836,3835,5501,5502
3837,3835,5501,5502
3838,3835,5501,5502
3839,5501,5502
3840,2811,5502
3842,3835,5501,5502
3843,5501,5502
3844,5501,5502
3845,3846,5502
3847,5502
3848,3900
3849,3901
3850,3899
3851,3180,5502
3852,3865,3860,3862,3857,3864,3858,3868,3914,3910,3859,5502,5508
3853,3916,3865,3860,3861,3862,3858,3859,3904,5501,5502,5503
3854,3865,3947,3860,3862,3927,3853,3859,5501,5503
3855,3862,3852,5502
3856,3865,3947,3860,3862,3927,3852,3853,3859,5501,5503
3873,3969
3874,3931,5502
3875,3977
3876,3960
3877,3969,5502
3878,3969
3879,3931,3867,5503
3880,3960
3881,3977
3882,3961,3924
3883,3318,3880,3867,3928,3955,3922,3851,3873,3934,3812,3947,3876,3924,3929,3892,3945,3882,3893,3868,2788,3885,5501,5502,5503
3884,3870,3318,3926,3880,3954,3928,3955,3922,3936,3851,3948,3873,3879,3947,3891,3924,3970,3929,3892,3945,3882,3874,3868,3886,3875,3885,5501,5502,5503
3885,3865,3892,2801,3921,3859,3811,5502
3886,3933,3925
3887,3892,5501,5502
3888,3931,3926,3867,3936,3947,3895,3897,3896,3863,5501,5502,5503
3889,3891,3895,3920,3897,3896,5502
3890,3887,3895,3897,3896,5502
3895,3945,3866,3906,5501
3897,3902,3924,3939,3945,3906,3925,3946,5501
3899,3872
3900,3872
3901,3872
3902,3870,3948,3949,3970
3903,3924,5502
3904,3947,3927,3938,3946,5501,5503
3905,3947,3903,3927,3904,5501,5503
3906,3980,3971
3908,3917,3909,3907,5502
3910,3932,3947,5501,5503
3911,3946,5502
3914,3928,3947,3980,3929,3860,3979,3945,3868,5501,5503
3915,3929,3940,3963,3868,3911,3977,3912,3914,3952,5501,5503
3917,3916,5502
3920,3870,3926,3954,3928,3948,3879,3947,3924,3970,3945,3956,3874,3868,3886,5501,5503
3921,2810,2792,3813,3815,5501,5502,5503
3922,3953,3878,3954,3873,3865,3923,3876,3924,3877,3945,3944,3971,3963,3881,3859,5501
3923,5502
3924,5502
3925,5502
3926,3863,5501,5502,5503
3927,3863,5501,5503
3928,3957,3937,3868,3863,5501,5503
3929,3930,3977
3930,3867,3954,3948,3978,3937,3949,3970,3951,3950,3967,3863,5501,5502,5503
3931,3863,5501,5503
3932,3870,3943,3868,3942,3863,5501,5502,5503
3933,3870,3868,3863,5501,5503
3934,3935,3971
3935,3941,3933
3936,3971,3863,5501,5503
3937,3863,5501,5503
3939,3868
3940,3868,3958
3941,3848,3850,3965,3966,3849,3972,5501
3942,3612,5502
3943,5502
3944,5502
3945,5502
3946,5502
3947,5502
3948,3870
3951,3870
3953,3949
3954,3870
3955,3973,3975,3966,3962,3976,3974
3961,3959,5502
3964,3968,3868
3968,3869,3871,5501
3972,3870,3868,3964,5501,5502
3979,5502,5529
3981,4047,5502
3982,3981,5502
3983,5480,5502
3984,5480,5502
3985,5480,5502
3986,5480,5502
3987,5480,5502
3988,5480,5502
3989,5480,5502
3990,5480,5502
3991,5480,5502
3992,5480,5502
3993,5502
3994,5502
3995,5502
3996,5502
3997,5502
3998,5502
3999,5502
4000,5502
4001,5502
4002,5502
4003,5502
4005,3994,5502
4006,3995,5502
4007,3996,5502
4008,3997,5502
4009,3998,5502
4010,3999,5502
4011,4000,5502
4012,4001,5502
4013,4002,5502
4014,4003,5502
4015,4403,4004,4340,4461,5502
4016,4005,4049,5502
4017,4050,4006,5502
4018,4051,4007,5502
4019,4008,4052,5502
4020,4009,4053,5502
4021,4054,4010,5502
4022,4011,4055,5502
4023,4012,4056,5502
4024,4013,4057,5502
4025,4058,4014,5502
4026,4340,4059,4015,4240,5502
4027,4068,4028,5502
4029,4030,4069,5502
4031,4032,4070,5502
4033,4034,4071,5502
4035,4072,4036,5502
4037,4038,4073,5502
4039,4040,4074,5502
4041,4042,4075,5502
4043,4044,4076,5502
4045,4046,4077,5502
4046,4181,5502
4047,4868,4395,4340,5502
4049,5501
4050,5501
4051,5501
4052,5501
4053,5501
4054,5501
4055,5501
4056,5501
4057,5501
4058,5501
4059,5501
4060,4061,4069,5502
4061,5502
4062,4072,4063,5502
4063,5502
4064,4074,4065,5502
4065,5502
4066,4067,4075,5502
4067,5502
4068,5501
4069,5501
4070,5501
4071,5501
4072,5501
4073,5501
4074,5501
4075,5501
4076,5501
4077,5501
4078,4806,5502
4079,4100,4752,5501,5502
4080,4753,4101,5501,5502
4081,4754,4102,5501,5502
4082,4103,4755,5501,5502
4083,4104,4756,5501,5502
4084,4757,4105,5501,5502
4085,4106,4758,5501,5502
4086,4107,4759,5501,5502
4087,4760,4108,5501,5502
4088,4761,4109,5501,5502
4089,4827,4340,5502
4090,3994,4016,5502
4091,4017,3995,5502
4092,3996,4018,5502
4093,4019,3997,5502
4094,3998,4020,5502
4095,4181,4025,4178,4003,5502,5504
4096,4021,3999,5502
4097,4022,4000,5502
4098,4023,4001,5502
4099,4024,4002,5502
4100,4110,4068,4090,5502
4101,4091,4111,4069,5502
4102,4112,4070,4092,5502
4103,4113,4093,4071,5502
4104,4072,4094,4114,5502
4105,4096,4073,4115,5502
4106,4097,4116,4074,5502
4107,4098,4117,4075,5502
4108,4118,4076,4099,5502
4109,4119,4077,4095,5502
4130,4132,4203,5502
4131,2729,4203,5502
4132,4131,4203,5502
4133,4185,4135,5502
4134,2729,4185,5502
4135,4134,4185,5502
4136,4137,4194,5502
4137,4905,4194,5502
4138,4186,4140,5502
4139,4186,2729,5502
4140,4186,4139,5502
4141,4142,4195,5502
4142,4906,4195,5502
4143,4145,4187,5502
4144,2729,4187,5502
4145,4144,4187,5502
4146,4147,4196,5502
4147,4196,4907,5502
4148,4188,4150,5502
4149,2729,4188,5502
4150,4149,4188,5502
4151,4152,4197,5502
4152,4197,4908,5502
4153,4155,4189,5502
4154,2729,4189,5502
4155,4189,4154,5502
4156,4157,4198,5502
4157,4198,4909,5502
4158,4190,4160,5502
4159,4190,2729,5502
4160,4190,4159,5502
4161,4162,4199,5502
4162,4199,4910,5502
4163,4191,4165,5502
4164,4191,2729,5502
4165,4191,4164,5502
4166,4200,4167,5502
4167,4200,4911,5502
4168,4192,4170,5502
4169,2729,4192,5502
4170,4192,4169,5502
4171,4172,4201,5502
4172,4201,4912,5502
4173,4175,4193,5502
4174,2729,4193,5502
4175,4174,4193,5502
4176,4177,4202,5502
4177,4913,4202,5502
4178,4180,4204,5502
4179,4204,2729,5502
4180,4204,4179,5502
4181,4183,5502
4183,4182,5502
4184,4078,4089,4340,4026,4048,4240,5502
4205,3993,5502
4206,3993,5502
4207,4314,5502
4208,2714,5502
4209,2714,5502
4210,2714,5502
4211,4314,5502
4212,2714,5502
4213,2714,5502
4214,4314,5502
4215,2714,5502
4216,4314,5502
4217,2714,5502
4218,2714,5502
4219,4240,5502
4220,4340,4240,5502
4221,4254,4714,5502
4222,4255,4715,5502
4223,4716,4256,5502
4224,4717,4257,5502
4225,4718,4258,5502
4226,4719,4259,5502
4227,4720,4260,5502
4228,4721,4261,5502
4229,4262,4722,5502
4230,4263,4723,5502
4231,4207,5502
4232,4208,3123,5502
4233,3123,4209,5502
4234,3123,4210,5502
4235,4211,5502
4236,3123,4212,5502
4237,3123,4213,5502
4238,4214,5502
4239,4215,3123,5502
4240,4216,5502
4241,3123,4217,5502
4242,4218,3123,5502
4243,4231,5502
4244,4232,5502
4245,4233,5502
4246,4234,5502
4247,4235,5502
4248,4236,5502
4249,4237,5502
4250,4239,5502
4251,4240,5502
4252,4241,5502
4253,4242,5502
4254,5502
4255,5502
4256,5502
4257,5502
4258,5502
4259,5502
4260,5502
4261,5502
4262,5502
4263,5502
4264,4274,5502
4265,4275,5502
4266,4276,5502
4267,4277,5502
4268,4278,5502
4269,4279,5502
4270,4280,5502
4271,4281,5502
4272,4282,5502
4273,4283,5502
4284,4219,5502
4285,4220,4340,4240,5502
4286,4274,4221,5502
4287,4275,4222,5502
4288,4276,4223,5502
4289,4277,4224,5502
4290,4225,4278,5502
4291,4279,4226,5502
4292,4227,4280,5502
4293,4281,4228,5502
4294,4229,4282,5502
4295,4230,4283,5502
4296,4308,5502
4297,4296,5502
4298,4287,4306,4296,5502
4299,4294,5502
4300,4286,4288,4292,4303,5502
4301,4293,4291,4289,4295,5502
4302,3834,3812,4299,4309,5502
4303,4310,5502
4304,4290,4299,4306,5502
4305,4297,5502
4306,4299,5502
4307,4299,5502
4308,4903,4404,4299,4437,4879,4454,4950,4349,5481,5501,5502,5508
4309,4660,5502
4310,3861,5502
4311,4303,5502
4312,3860,3861,3858,5502
4314,4388,5502
4315,2728,5502
4316,2728,5502
4317,2728,5502
4318,2728,5502
4319,2728,5502
4320,2728,5502
4321,2728,5502
4322,2728,5502
4323,4340,5502
4324,4350,4742,5502
4325,4743,4351,5502
4326,4352,4744,5502
4327,4745,4353,5502
4328,4746,4354,5502
4329,4355,4747,5502
4330,4748,4356,5502
4331,4749,4357,5502
4332,4358,4750,5502
4333,4751,4359,5502
4334,4315,5502
4335,4316,5502
4336,4317,5502
4337,4318,5502
4338,4319,5502
4339,4320,5502
4340,4321,5502
4341,4322,5502
4342,4334,5502
4343,4335,5502
4344,4336,5502
4345,4337,5502
4346,4338,5502
4347,4339,5502
4348,4340,5502
4349,4341,5502
4350,5502
4351,5502
4352,5502
4353,5502
4354,5502
4355,5502
4356,5502
4357,5502
4358,5502
4359,5502
4360,4323,5502
4361,4817,4324,5502
4362,4818,4325,5502
4363,4819,4326,5502
4364,4327,4820,5502
4365,4328,4821,5502
4366,4822,4329,5502
4367,4823,4330,5502
4368,4824,4331,5502
4369,4825,4332,5502
4370,4333,4826,5502
4371,4382,5502
4372,4371,5502
4373,4638,4371,4380,4362,5502
4374,4903,4404,4437,4879,4454,4950,4369,4349,5481,5501,5502
4375,4431,4898,4363,4367,4343,4896,4637,4870,4941,4398,4361,4448,5481,5501,5502
4376,4366,4401,4899,4364,4399,4368,4370,4449,4943,4346,4901,4451,4945,4344,4432,4872,4874,4434,5481,5501,5502
4377,4374,4383,5502
4378,4365,4639,4374,4380,5502
4379,4372,5502
4380,4374,5502
4381,4374,5502
4382,4374,5502
4383,5350,5498,5502
4384,4388,5502
4385,4384,5502
4386,4387,5502
4387,3866,5502
4388,3136,3123,5501,5502
4389,4724,5502
4390,4725,5502
4391,4726,5502
4392,4727,5502
4393,4728,5502
4394,4729,5502
4395,4730,5502
4396,4731,5502
4397,4389,5502
4398,4390,5502
4399,4391,5502
4400,4392,5502
4401,4393,5502
4402,4394,5502
4403,4395,5502
4404,4396,5502
4405,5007,5502
4406,5007,5502
4407,5008,5502
4408,5008,5502
4409,5010,5502
4410,5010,5502
4411,5011,5502
4412,5011,5502
4413,5012,5502
4414,5012,5502
4415,5013,5502
4416,5014,5502
4417,5015,5502
4418,5015,5502
4419,5016,5502
4421,4340,4428,4456,4240,5501,5502
4422,3132,5502
4423,3132,5502
4424,3132,5502
4425,3132,5502
4426,3132,5502
4427,3132,5502
4428,3132,5502
4429,3132,5502
4430,4422,5502
4431,4423,5502
4432,4424,5502
4433,4425,5502
4434,4426,5502
4435,4427,5502
4436,4428,5502
4437,4429,5502
4438,4456,5502
4439,3132,5502
4440,3132,5502
4441,3132,5502
4442,3132,5502
4443,3132,5502
4444,3132,5502
4445,3132,5502
4446,3132,5502
4447,4439,5502
4448,4440,5502
4449,4441,5502
4450,4442,5502
4451,4443,5502
4452,4444,5502
4453,4445,5502
4454,4446,5502
4455,4438,5502
4456,3132,5502
4457,4730,5502
4458,4342,4243,4465,5501,5502
4459,4345,4247,4466,5501,5502
4460,4251,4467,4348,5501,5502
4461,4730,5502
4462,3132,5502
4463,3132,5502
4464,3132,5502
4465,4462,5502
4466,4463,5502
4467,4464,5502
4468,4371,5481,5502
4469,4372,5481,5502
4470,4373,5481,5502
4471,4374,5481,5502
4472,4377,5481,5502
4473,4378,5481,5502
4474,4379,5481,5502
4475,4380,5481,5502
4476,4381,5481,5502
4477,4382,5481,5502
4478,4687,4676,4675,4296,4684,4677,4481,5493,5502
4479,4687,4663,4297,4676,4675,4684,4677,4481,5493,5502
4480,4676,4675,4684,4677,4481,4298,5493,5502
4481,4593,3615,5001,5502
4482,4302,4676,4684,4677,4481,4686,5493,5502
4483,4409,4998,5010,5493,5501,5502,5508
4484,4556,4658,4696,4996,5008,3615,5493,5501,5502,5508
4485,5011,4999,4696,5493,5501,5502
4486,4676,4304,4684,4677,4481,4685,5493,5502
4487,4687,4664,4305,4676,4675,4684,4677,4481,4661,5493,5502
4488,4680,4676,4684,4307,4677,4481,4697,5493,5502
4489,4687,4308,4676,4684,4677,4481,5493,5502
4490,5012,4413,5000,5493,5501,5502,5508
4491,5012,4413,5000,5493,5501,5502,5508
4492,5349,5350,5355,5501,5502
4493,5501,5502,5503
4494,5501,5502,5503
4495,4904,5502
4496,4904,5502
4497,4520,4712,3925,5017,3946,5501
4498,4492,5353,5502
4499,4546,5502
4508,4638,4536,5502
4509,5502
4510,4535,4894,4664,4891,4339,4569,4427,4402,4444,5501,5502
4511,4507,4630,5502
4512,4531,5502
4513,5502
4514,5502
4515,5502
4516,5502
4518,4533,4565,4206,4205,5502,5534
4519,2864,4413,5018,3615,5501,5502,5503
4520,4313,5502
4521,4640,4206,4205,4630,5502
4523,2776,3865,4529,4566,3866,3857,3864,5004,4312,2778,3859,5501,5502,5503
4524,4530,3865,3866,3857,3864,5004,4312,3859,5501,5502
4525,4524,4313,4541,4542,5501,5502,5503
4527,4403,4526,4436,4877,4453,4348,4948,5501,5502
4528,5502
4529,2864,4419,5016,4904,5501,5502,5503,5534
4530,2864,4419,4939,5016,4904,5501,5502,5503,5534
4531,5008,4408,5502
4532,4894,4891,4339,4509,4427,4402,4444,5501,5502
4536,4538,5502
4537,4894,4891,4339,4427,4549,4402,4444,5501,5502
4538,4894,4891,4339,4569,4427,4549,4402,4444,5501,5502
4539,4894,4891,4339,4427,4402,4444,5501,5502
4540,4537,5502
4543,4423,4440,4890,4398,4335,4893,5501,5502
4544,4418,5502
4546,4406,4547,5502
4547,4410,5502
4550,5011,4412,5502
4551,5008,4408,5502
4552,4531,3615,4408,5502
4554,4415,5013,5502
4555,4492,5351,5352,5502
4556,5008,5502
4558,4415,5013,5502
4559,4492,5351,5352,5502
4560,4408,5502
4561,5011,4412,5502
4562,4408,5502
4563,4533,5502
4564,5502
4566,4567,4406,5502
4567,4414,5502
4571,4658,5502
4572,5502
4573,4556,4658,4509,5502
4575,4555,4654,4658,4640,4565,4630,4629,4559,4521,4518,5502
4576,4411,5011,4658,4206,4700,4205,4557,5502
4577,4510,4658,5502
4579,4698,5502
4580,4658,4653,2792,4509,5502
4581,4653,2792,5502
4582,4568,4556,4658,4407,4653,2792,4509,5008,4656,5501,5502
4584,4713,4654,4653,4565,2792,4498,4630,5501,5502
4585,4568,4411,5011,4658,4653,2792,4206,4205,4557,4656,4936,5501,5502
4586,4510,4658,4653,2792,5502
4587,4631,4710,2792,2801,4656,5502
4588,4711,4658,4653,2792,4698,5502
4589,4694,4636,4594,5502
4590,4636,4594,4693,5502
4591,4694,4636,4594,5502
4592,4668,5502
4593,4431,4670,4343,3820,4569,4870,5013,4941,4398,4448,5501,5502
4594,4672,4303,4669,4695,4497,4673,5501,5502,5503
4595,5264,3820,3640,5501,5502,5503
4596,4565,4660,5502
4597,4411,5011,4696,5493,5502
4598,4565,4660,5502,5534
4601,4527,4548,4894,4891,4339,2792,4539,4569,4606,4347,4435,4452,4875,4946,4625,4402,2769,4444,5501,5502
4603,4654,4658,4640,4420,4596,4565,4630,4629,4521,4518,5502
4604,2792,5502
4605,2792,5502
4606,4360,4403,3982,4892,4184,4914,4558,4415,4915,4445,4421,4340,4428,4385,5013,4455,4457,4877,4937,3615,4554,4348,4895,5501,5502
4607,4519,2864,4595,3820,5012,5345,5501,5502,5503,5508
4608,4401,4528,4346,4451,4945,4874,4434,5501,5502
4612,4611,4654,5502
4613,4614,5502
4615,4658,4653,4599,5502
4616,4653,4599,5502
4617,4658,4653,4599,5008,5502
4619,4653,4599,5502
4620,4593,5502
4622,4593,5502
4625,4539,5502
4627,4894,4530,4493,4891,4494,4523,4529,4566,4339,4496,4520,4701,2801,4427,4634,4525,4402,4655,4541,4542,4495,4444,5501,5502,5503
4628,4533,4206,5501,5502,5503
4629,4598,4630,4521,5502
4630,4713,4565,4498,4632,5501,5502
4633,4404,4437,4879,4454,4635,4950,4349,5501,5502
4634,4347,4435,4452,4875,4532,4946,4402,5501,5502
4635,4668,5502
4636,4678,4403,4892,4445,5014,4340,4428,4416,5002,4895,5501,5502
4637,4902,4347,4435,4452,4875,4946,4402,5501,5502
4638,4940,4430,4897,4696,4397,4447,4342,4869,5481,5501,5502
4639,4900,4696,4345,4450,4944,4873,4400,4433,5481,5501,5502
4640,5502
4641,4238,4509,4347,4435,4452,4549,4875,4946,4402,4953,5501,5502
4642,4430,4231,4696,4342,4869,5008,4951,4458,5481,5501,5502
4643,4235,5011,4658,4696,4345,4459,4873,4952,4433,5481,5501,5502
4644,4523,4417,4525,4497,5501,5502,5503
4645,4523,4417,4525,4497,5502
4646,4631,4568,4523,4407,4417,4679,4546,3866,5008,4547,4668,4525,4553,4497,5501,5502,5503
4648,4674,3834,4544,3812,4533,4523,4417,4546,4498,4206,4205,4630,4668,4525,4522,4497,5501,5502,5503
4649,4631,4568,4411,5011,4523,4417,4679,4547,4525,4553,4497,4936,5501,5502,5503
4650,4523,4417,2801,4656,4497,5502
4651,4523,4417,4497,5502
4652,4417,4525,4497,5502
4653,5502
4654,3834,3812,5502
4655,5502
4656,4506,4710,5502
4657,4411,5011,4658,4700,5502
4658,4549,5502
4660,5494,5498,5502,5508,5534
4662,5502
4663,5502
4664,5502
4665,4658,5502
4666,4510,4658,5502
4667,4537,5502
4668,4520,3866,5502
4669,4997,4311,4431,4343,4870,4386,4941,4398,4448,5493,5501,5502
4670,5015,4417,5003,4386,4303,5493,5501,5502
4672,5007,4995,4483,4405,5502
4673,4592,5502
4677,5502
4679,4506,4710,5502
4680,4698,5502
4681,4658,4407,5008,5502
4682,4556,4658,5502
4683,4531,4658,5502
4684,5502
4686,4565,4630,4688,5502
4687,5502
4688,4534,4660,5502
4689,4417,5502
4690,4417,5502
4692,4686,5501,5502,5503,5508,5521
4693,5007,4995,4490,4405,5502
4694,4491,5007,4995,4405,5502
4695,4592,5502
4696,4506,4710,5502
4697,4698,5502
4698,4658,4206,4205,5502
4700,4710,5502
4701,5502
4702,4678,4954,4938,5014,4416,4877,4460,4348,4240,5502
4703,4631,4705,4632,5502
4704,4631,4417,4679,4684,4700,4547,4705,4677,4553,4632,5502
4705,5502
4706,4705,5502
4707,4631,4417,4679,4684,4700,4547,4705,4677,4553,5502
4708,4710,4705,4632,5502
4709,4631,4705,4632,5502
4710,4631,4205,5502
4711,4632,5502
4713,4492,5354,5502
4714,2708,2688,2713,3145,5501,5502
4715,2708,2688,2713,3145,5501,5502
4716,2708,2688,2713,3145,5501,5502
4717,2708,2688,2713,3145,5501,5502
4718,2708,2688,2713,3145,5501,5502
4719,2708,2688,2713,3145,5501,5502
4720,2708,2688,2713,3145,5501,5502
4721,2708,2688,2713,3145,5501,5502
4722,2708,2688,2713,3145,5501,5502
4723,2708,2688,2713,3145,5501,5502
4724,3132,5502
4725,3132,5502
4726,3132,5502
4727,3132,5502
4728,3132,5502
4729,3132,5502
4730,3132,5502
4731,3132,5502
4732,4027,4752,5501,5502
4733,4029,4753,5501,5502
4734,4754,4031,5501,5502
4735,4033,4755,5501,5502
4736,4756,4035,5501,5502
4737,4757,4037,5501,5502
4738,4758,4039,5501,5502
4739,4041,4759,5501,5502
4740,4760,4043,5501,5502
4741,4761,4045,5501,5502
4742,2708,2692,3157,5501,5502
4743,2708,2692,3157,5501,5502
4744,2708,2692,3157,5501,5502
4745,2708,2692,3157,5501,5502
4746,2708,2692,3157,5501,5502
4747,2708,2692,3157,5501,5502
4748,2708,2692,3157,5501,5502
4749,2708,2692,3157,5501,5502
4750,2708,2692,3157,5501,5502
4751,2708,2692,3157,5501,5502
4752,4264,5502
4753,4265,5502
4754,4266,5502
4755,4267,5502
4756,4268,5502
4757,4269,5502
4758,4270,5502
4759,4271,5502
4760,4272,5502
4761,4273,5502
4762,4880,4985,5502
4763,4881,4986,5502
4764,4882,4987,5502
4765,4988,4883,5502
4766,4884,4989,5502
4767,4885,4990,5502
4768,4886,4991,5502
4769,4992,4887,5502
4770,4888,4993,5502
4771,4994,4889,5502
4782,4334,4244,5502
4783,4337,4248,5502
4784,4339,4250,5502
4785,4340,4252,5502
4786,3133,3125,5501,5502
4787,3133,3125,5501,5502
4788,3133,3125,5501,5502
4789,3133,3125,5501,5502
4790,3133,3125,5501,5502
4791,3133,3125,5501,5502
4792,3133,3125,5501,5502
4793,3133,3125,5501,5502
4794,3133,3125,5501,5502
4795,3133,3125,5501,5502
4796,5007,4848,4916,4079,4752,4732,5502,5504
4797,4849,4753,4080,4733,5008,4917,5502,5504
4798,4918,5009,4734,4081,4850,4754,5502,5504
4799,4851,4735,4919,4082,5010,4755,5502,5504
4800,4852,5011,4083,4920,4756,4736,5502,5504
4801,4757,4853,5012,4084,4921,4737,5502,5504
4802,4738,4854,4922,4085,5013,4758,5502,5504
4803,4923,5014,4855,4739,4759,4086,5502,5504
4804,4760,5015,4740,4087,4856,4924,5502,5504
4805,4741,4088,4925,4761,5016,4857,5502,5504
4807,4838,4762,5007,4796,4828,4985,5502
4808,4763,4839,5008,4829,4986,4797,5502
4809,4798,5009,4830,4764,4840,4987,5502
4810,4988,4841,5010,4765,4831,4799,5502
4811,4832,4800,5011,4842,4989,4766,5502
4812,4990,5012,4801,4843,4767,4833,5502
4813,4768,4844,4834,5013,4802,4991,5502
4814,4835,4992,5014,4845,4803,4769,5502
4815,5015,4804,4770,4846,4993,4836,5502
4816,4805,4837,4994,5016,4771,4847,5502
4817,4916,4752,4732,5502
4818,4753,4733,4917,5502
4819,4918,4734,4754,5502
4820,4735,4919,4755,5502
4821,4920,4756,4736,5502
4822,4757,4921,4737,5502
4823,4738,4922,4758,5502
4824,4923,4739,4759,5502
4825,4760,4740,4924,5502
4826,4741,4925,4761,5502
4838,5502
4839,5502
4840,5502
4841,5502
4842,5502
4843,5502
4844,5502
4845,5502
4846,5502
4847,5502
4848,4858,5502
4849,4859,5502
4850,4860,5502
4851,4861,5502
4852,4862,5502
4853,4863,5502
4854,4864,5502
4855,4865,5502
4856,4866,5502
4857,4867,5502
4858,3983,5502
4859,3984,5502
4860,3985,5502
4861,3986,5502
4862,3987,5502
4863,3988,5502
4864,3989,5502
4865,3990,5502
4866,3991,5502
4867,3992,5502
4868,4240,5502
4869,4244,5502
4870,4245,5502
4871,4233,5502
4872,4246,5502
4873,4248,5502
4874,4249,5502
4875,4250,5502
4876,4239,5502
4877,4252,5502
4878,4241,5502
4879,4253,5502
4890,4871,5502
4891,4876,5502
4892,4878,5502
4893,4942,5502
4894,4947,5502
4895,4949,5502
4896,4732,5502
4897,4733,5502
4898,4734,5502
4899,4735,5502
4900,4736,5502
4901,4737,5502
4902,4738,5502
4903,4740,5502
4904,4741,5502
4905,2729,5502
4906,2729,5502
4907,2729,5502
4908,2729,5502
4909,2729,5502
4910,2729,5502
4911,2729,5502
4912,2729,5502
4913,2729,5502
4914,5005,5502
4915,5006,5502
4916,4926,5502
4917,4927,5502
4918,4928,5502
4919,4929,5502
4920,4930,5502
4921,4931,5502
4922,4932,5502
4923,4933,5502
4924,4934,5502
4925,4935,5502
4926,5481,5502
4927,5481,5502
4928,5481,5502
4929,5481,5502
4930,5481,5502
4931,5481,5502
4932,5481,5502
4933,5481,5502
4934,5481,5502
4935,5481,5502
4940,4244,5502
4941,4245,5502
4942,4233,5502
4943,4246,5502
4944,4248,5502
4945,4249,5502
4946,4250,5502
4947,4239,5502
4948,4252,5502
4949,4241,5502
4950,4253,5502
4951,4231,4782,4334,4787,4733,4060,3132,5502
4952,4235,4337,4783,4790,4736,4062,3132,5502
4953,4738,4238,4064,4339,4784,4792,3132,5502
4954,4340,4739,4785,4066,4793,3132,4240,5502
4955,4975,5502
4956,4976,5502
4957,4977,5502
4958,4978,5502
4959,4979,5502
4960,4980,5502
4961,4981,5502
4962,4982,5502
4963,4983,5502
4964,4984,5502
4975,4965,5502
4976,4966,5502
4977,4967,5502
4978,4968,5502
4979,4969,5502
4980,4970,5502
4981,4971,5502
4982,4972,5502
4983,4973,5502
4984,4974,5502
4985,4955,4752,5502
4986,4956,4753,5502
4987,4754,4957,5502
4988,4958,4755,5502
4989,4959,4756,5502
4990,4757,4960,5502
4991,4758,4961,5502
4992,4962,4759,5502
4993,4760,4963,5502
4994,4761,4964,5502
4995,4130,4786,4121,4752,4772,4807,4203,5502
4996,4122,4773,4753,4787,4133,4808,4136,5502
4997,4809,4123,4774,4141,4754,4138,4788,5502
4998,4810,4124,4143,4146,4775,4755,4789,5502
4999,4811,4790,4125,4756,4776,4151,4148,5502
5000,4126,4757,4791,4156,4777,4812,4153,5502
5001,4813,4778,4158,4758,4127,4792,4161,5502
5002,4128,4814,4779,4163,4166,4793,4759,5502
5003,4815,4780,4760,4129,4171,4168,4794,5502
5004,4795,4176,4761,4120,4781,4173,4816,5502
5005,4360,4284,4285,4949,5502
5006,4360,4878,4284,4285,5502
5017,5502,5533
5018,2864,3644,5501,5502
5019,5502
5020,5019,5502
5021,2714,5502
5022,2714,5502
5023,3123,5021,5502
5024,3123,5022,5502
5025,4300,5502
5026,2728,5502
5027,2728,5502
5028,5026,5502
5029,5027,5502
5030,4551,4556,4536,4375,5481,5502
5031,5107,5502
5032,5108,5502
5033,5031,5502
5034,5032,5502
5035,5117,5037,5502
5036,3132,5502
5037,3132,5502
5038,3132,5502
5039,3132,5502
5040,4484,4536,4512,5502
5041,4484,4536,4512,5502
5042,4484,4536,3808,4512,5502
5043,4484,5050,4536,4512,5502
5044,4484,4536,4512,5502
5045,4484,4536,4512,5501,5502,5503
5046,4484,4536,4512,5501,5502,5503
5047,4484,4536,4512,5493,5501,5502,5503
5048,4484,4536,4512,5501,5502,5503
5049,4544,4484,4543,4479,4526,4478,4489,4672,4480,4536,5096,5052,4487,5501,5502
5051,5025,5484,5502
5053,4538,5502
5055,3413,3422,5502
5056,3413,3424,5502
5057,3413,3425,5502
5058,3413,3426,5502
5059,4538,5502
5060,4560,4536,5502
5061,4560,4536,5502
5062,4560,4536,5502
5063,4560,4536,5502
5064,4560,4536,5502
5065,4560,4536,5502
5066,4560,4536,5502
5067,4560,4536,5502
5068,4560,4536,5502
5069,5053,5054,5502
5070,4560,4536,5502
5071,4538,5502
5072,4589,5049,5502
5073,4590,5049,5502
5074,4591,5049,5502
5075,5059,5054,5502
5076,4601,5095,5502
5077,4681,5060,5043,4638,4536,5055,3397,5085,3609,5502
5078,5042,4681,5091,5104,3412,5105,4638,4536,5079,5075,2738,5055,3615,3168,2790,5501,5502,5503
5079,5089,4681,5028,5111,5113,5104,5038,5105,4638,5045,4536,2738,5090,5062,5055,5033,5036,3168,5501,5502
5080,3820,4662,5502
5082,4659,5100,5097,5502
5083,5104,5068,5501,5502
5084,5069,5502
5085,5044,5093,4681,4667,5063,2991,5101,4638,2974,3413,3820,4536,5020,3425,5087,5501,5502
5086,5089,5093,2784,5091,2818,5094,2847,2792,5106,5079,2803,5090,2762,5095,5083,2819,5077,5088,5085,5084,5087,5078,5501,5502,5503
5087,2734,5042,2740,4663,4681,5053,3152,3423,4638,5040,3150,3413,4536,5070,5079,2744,5075,2738,2752,5077,5055,3168,2719,2853,5501,5502,5508
5088,5065,5502
5089,4681,5046,4638,4536,5064,3167,2737,5088,5057,5502
5090,5066,5502
5091,5067,5502
5092,4627,5502
5093,4681,4667,5104,3398,5041,3610,5105,4638,3413,4536,5075,3422,5078,5502
5094,2734,5042,5044,2740,4663,4681,5028,2784,4667,5111,5113,5053,5104,5046,3152,5041,5098,2991,5043,5101,3423,5038,5105,4638,5040,2974,3150,5045,3413,3820,4536,2744,5075,3167,2738,2801,3158,2737,5058,3425,5048,5055,3397,5033,5036,3168,2719,5057,3609,5047,5501,5502,5503
5095,5094,5502
5096,5502
5099,4551,4556,4682,4536,5502
5101,4667,5059,4664,5502
5102,5086,5502
5103,4537,4658,5106,5502
5104,5099,5035,5029,4551,4556,5114,4638,3413,4536,5075,3426,5112,5039,5047,5034,5481,5501,5502
5105,3612,4663,4681,3169,5053,3810,2818,5054,4638,4536,2739,5075,5058,5083,5048,5501,5502,5503
5106,4687,5071,5501,5502,5503
5107,3132,5502
5108,3132,5502
5109,5023,5502
5110,5024,5502
5111,5109,5502
5112,5110,5502
5113,5115,5502
5114,5116,5502
5115,5023,5502
5116,5024,5502
5117,3259,5502
5119,5120,5121,5502
5121,5501
5122,5199,5123,5502
5123,5502
5124,5125,5502
5126,5125,5122,5502
5127,5126,5502
5128,5201,5129,5502
5129,5502
5130,5128,5203,5502
5131,5141,5130,5502
5132,5131,5481,5502
5133,5502
5134,5169,5502
5135,5502
5136,5502
5137,5264,3820,5206,5494,5498,5501,5502
5138,5170,5173,5153,3865,5182,5133,3860,5140,5139,3859,5494,5501,5502,5534
5139,2864,5501,5502,5503
5140,2864,5501,5502,5503
5141,5134,5118,5498,5502,5538
5142,5502
5146,5502
5151,3926,5502
5154,3924
5155,3924
5156,3926,5502
5169,5118,5168,5502
5177,3926,5502
5181,5142,5264,3820,5494,5501,5502,5503
5182,5258,5268,2778,5501,5502,5503
5183,5185,5502
5184,5185,5502
5185,5186,5185,5502
5186,5170,5118,5168,5501,5502,5503,5538
5188,3931,3926,3947,5188,5501,5503
5189,3931,3926,5189,3867,5195,5194,3936,3947,3971,3933,3874,3868,3938,3863,5144,5501,5503
5190,3936,3947,3971,3933,3874,5193,5144,5501,5503
5191,3926,5189,3867,3928,5190,3947,3874,5501,5503
5192,3868
5193,3978,5192,3970,5196,3962,5198
5194,5197
5196,3957
5197,3870
5199,2708,2688,2713,3145,5501,5502
5200,5202,5119,5501,5502
5201,2708,2692,3157,5501,5502
5202,5124,5502
5203,5202,5200,5204,5502
5204,5205,5502
5205,5481,5502
5206,5502
5207,5480,5502
5208,5502
5209,5208,5502
5210,5209,5213,5502
5211,5212,5214,5502
5212,5228,5502
5213,5501
5214,5501
5215,5217,5285,5501,5502
5216,5210,5225,5228,5208,5502,5504
5217,5218,5214,5216,5502
5220,5231,5222,5502
5221,5231,2729,5502
5222,5231,5221,5502
5223,5224,5232,5502
5224,5302,5232,5502
5225,5227,5233,5502
5226,2729,5233,5502
5227,5226,5233,5502
5228,5230,5502
5230,5229,5502
5234,2714,5502
5235,5281,5237,5502
5236,5234,3123,5502
5237,5502
5238,5239,5502
5240,5239,5235,5502
5241,5240,5502
5242,5279,3861,5502
5244,2728,5502
5245,5247,5284,5502
5246,5244,5502
5247,5502
5248,5292,5245,5502
5249,5280,5248,5502
5251,5282,5502
5252,5251,5502
5253,5314,5502
5254,5255,5311,5502
5255,3132,5502
5256,3132,5502
5257,4493,4701,5502
5258,5259,5501,5502,5503,5521
5259,5312,5252,5299,5246,5300,5256,5254,5243,3779,3642,5501,5502,5503
5260,5264,3820,5346,5501,5502,5503
5261,5264,3777,3640,5501,5502,5503
5262,5264,3777,3640,5501,5502,5503
5263,2800,2792,2852,2791,5501,5502,5503
5264,5265,5206,5266,5501,5502,5503,5508,5521
5265,5501,5502,5503,5508
5266,5270,5502
5267,3929,3927,3868
5268,5241,5480,5502
5269,5270,5502
5271,3805,3743,3742,5502
5272,5270,5502
5273,2805,5501,5502,5503
5274,5276,5501,5502,5503,5521
5275,5277,5501,5502,5503,5521
5276,4524,3820,3615,5502
5277,4524,3820,3615,5501,5502,5503
5278,4655,5502
5279,4313,3866,5502
5280,5253,5313,5301,5314,5502
5281,2708,2688,2713,3145,5501,5502
5282,3132,5502
5283,5285,5211,5501,5502
5284,2708,2692,3157,5501,5502
5285,5238,5502
5286,5298,5310,5502
5289,3133,3125,5501,5502
5290,5283,5303,5215,5295,5285,5314,5502,5504
5291,5293,5286,5294,5290,5310,5314,5502
5292,5283,5303,5285,5502
5294,5502
5295,5296,5502
5296,5207,5502
5297,5236,5502
5299,5297,5502
5300,5306,5502
5301,5283,5502
5302,2729,5502
5303,5304,5502
5304,5481,5502
5306,5236,5502
5307,5309,5502
5309,5308,5502
5310,5307,5285,5502
5311,5219,5502
5312,5223,5219,5291,5288,5285,5220,5289,5502
5313,5305,5290,5292,5287,5314,5502
5316,5250,5481,5502
5317,3924
5318,3924
5319,3924
5320,3926,5502
5321,3926,5502
5322,3926,5502
5323,5072,3954,5059,4479,4664,4589,4478,3868,5340,4487,4662
5327,4601,4602,3889,5076,3890,5324,5502
5328,3867,3936,2864,5080,3879,5342,3820,5343,5136,2779,3868,5261,3915,5242,4607,3912,5260,3918,2778,3859,5341,5347,5480,5501,5502,5503
5329,5316,5141,5268,3919,5081,5280,4608,5502
5330,5322,5147,2780,3937,4313,3947,5092,4627,5149,3820,5174,5336,5321,3945,2774,3866,3874,3868,3824,3825,5315,3898,5183,5319,5324,5176,3875,5317,5318,5320,5501,5502,5503
5331,4609,5502
5332,5337,4610,5100,3917,3820,5082,5097,3910,5502
5333,3884,5502
5334,2856,5095,2855,5324,5502
5336,2781,5338,5277,3868,2785,2789,5339,2817,5278,5257
5338,3946
5340,3865,3945
5342,3943,3868,3863,5501,5503
5343,3943,3868,3863,5501,5503
5344,2764,2830,2834,2842,2809,2831,2837,2787,2838,2840,2835,2832,5323,2829,2761,2821,2833,5502
5483,5550,5551,5553
5484,5483
5493,5480
5494,5493
5495,5481
5500,5557,5559
5501,5559
5502,5558
5503,5520
5505,5568,5570
5506,5570
5514,5516
5515,5571
5516,5515
5519,5572,5573,5574
5520,5519,5613
5521,5522
5522,5519,5613
5523,5519,5613
5532,5481,5514,5575
5537,5498
5544,5548,5581,5593,5597
5545,5484,5580
5547,5344,5546,5578,5579,5580,5586,5599,5600
5549,5547,5591
5554,5601
5557,5503,5560,5561
5558,5561
5559,5503,5561
5561,5503,5555,5556,5563,5564,5605
5562,5503,5561
5576,5571
5577,5606
5586,5585,5587
5596,5607
5597,5596,5608
5602,5503,5603,5604
5603,5503
5604,5487,5503,5540,5609
5605,5602
5625,5503,5507
5626,2730
5627,5503,5507
5628,2730
5629,5503,5507
5630,2730
5631,5503,5507
5632,2723
5633,5503,5507
5634,2715
5635,5503,5507
5636,2716
5637,5503,5507
5638,2717
5639,5503,5507
5640,5495
5641,5503,5507
5642,2719
5643,2719
5644,2720
5645,2720
5646,5503,5507
5647,2719
5648,2719
5649,2720
5650,2720
5651,5503,5507
5652,2722
5653,2722
5654,5503,5507
5655,2722
5656,2722
5657,5503,5507
5658,5495
5659,5503,5507
5660,2719
5661,2719
5662,2719
5663,5503,5507
5665,5503,5507
5666,5502
5667,5502
5668,5503,5507
5669,5502
5670,5503,5507
5671,5503,5507
5672,5503,5507
5673,2730
5674,5503,5507
5675,2730
5676,5503,5507
5677,2730
5678,5503,5507
5679,2730
5680,5503,5507
5681,2730
5682,5503,5507
5683,2730
5684,5503,5507
5685,2730
5686,5503,5507
5687,2730
5688,5503,5507
5689,3373
5690,5503,5507
5691,3374
5692,5503,5507
5693,3375
5694,5503,5507
5695,3376
5696,5503,5507
5697,3377
5698,5503,5507
5699,3378
5700,5503,5507
5701,3379
5702,5503,5507
5703,3363
5704,5503,5507
5705,3384
5706,3383
5707,5503,5507
5708,3380
5709,5503,5507
5710,3386
5711,3382
5712,5503,5507
5713,3384
5714,3383
5715,3381
5716,5503,5507
5717,3385
5718,5503,5507
5719,3386
5720,3382
5721,5503,5507
5722,3372
5723,3372
5724,5503,5507
5725,5495
5726,5503,5507
5728,5503,5507
5729,3392
5730,5495
5731,5495
5732,3372
5733,3372
5734,5503,5507
5735,5495
5736,5503,5507
5737,3371
5738,3371
5739,5495
5740,5503,5507
5741,5495
5742,5503,5507
5743,2719
5744,2719
5745,5503,5507
5746,3371
5747,3371
5748,5503,5507
5749,5502
5750,5503,5507
5751,5502
5752,5503,5507
5753,5502
5754,5503,5507
5755,5502
5756,5503,5507
5757,5502
5758,5503,5507
5759,5502
5760,5503,5507
5761,5502
5762,5503,5507
5763,5503,5507
5764,5503,5507
5765,5503,5507
5766,5503,5507
5767,5503,5507
5768,5503,5507
5769,5503,5507
5770,3628
5771,5503,5507
5772,3629
5773,5503,5507
5774,3685
5775,3684
5776,3685
5777,5503,5507
5778,3685
5779,3696
5780,3628
5781,5503,5507
5782,3695
5783,3685
5784,3693
5785,3689
5786,3690
5787,3686
5788,3692
5789,3688
5790,3691
5791,5503,5507
5792,3767
5793,3628
5794,3765
5795,3691
5796,3691
5797,5503,5507
5798,3763
5799,3764
5800,5503,5507
5801,3693
5802,3763
5803,3764
5804,5503,5507
5805,3766
5806,3768
5807,5503,5507
5809,5503,5507
5810,4340
5811,4340
5812,5503,5507
5813,4340
5814,4340
5815,4340
5816,5503,5507
5817,4340
5818,5503,5507
5819,4340
5820,5503,5507
5821,5503,5507
5822,2730
5823,5503,5507
5824,2730
5825,5503,5507
5826,2730
5827,5503,5507
5828,2730
5829,5503,5507
5830,2730
5831,5503,5507
5832,2730
5833,5503,5507
5834,2730
5835,5503,5507
5836,2730
5837,5503,5507
5838,2730
5839,5503,5507
5840,2730
5841,5503,5507
5842,2730
5843,5503,5507
5844,4340
5845,4340
5846,4340
5847,5503,5507
5848,4340
5849,5503,5507
5850,4350
5851,5503,5507
5852,4351
5853,5503,5507
5854,4352
5855,5503,5507
5856,4353
5857,5503,5507
5858,4354
5859,5503,5507
5860,4355
5861,5503,5507
5862,4356
5863,5503,5507
5864,4357
5865,5503,5507
5866,4358
5867,5503,5507
5868,4359
5869,5503,5507
5870,4315
5871,5503,5507
5872,4316
5873,5503,5507
5874,4317
5875,5503,5507
5876,4318
5877,5503,5507
5878,4319
5879,5503,5507
5880,4320
5881,5503,5507
5882,4321
5883,5503,5507
5884,4322
5885,5503,5507
5886,4340
5887,5503,5507
5888,4371
5889,4380
5890,5503,5507
5891,4361
5892,4361
5893,4367
5894,4363
5895,5503,5507
5896,4370
5897,4368
5898,4366
5899,5503,5507
5900,4374
5901,4383
5902,5503,5507
5903,4374
5904,4380
5905,5503,5507
5906,4374
5907,4349
5908,4349
5909,5503,5507
5910,4371
5911,4380
5912,4362
5913,5503,5507
5914,4369
5915,4349
5916,4349
5917,5503,5507
5918,4361
5919,4361
5920,4367
5921,4363
5922,4343
5923,4343
5924,5503,5507
5925,4370
5926,4368
5927,4366
5928,4364
5929,4344
5930,4344
5931,4346
5932,4346
5933,5503,5507
5934,4374
5935,5503,5507
5936,4374
5937,4380
5938,4365
5939,5503,5507
5940,5502
5941,5503,5507
5942,4340
5943,5503,5507
5944,4342
5945,5503,5507
5946,4345
5947,5503,5507
5948,4348
5949,5503,5507
5950,5495
5951,5503,5507
5952,5495
5953,5503,5507
5954,5495
5955,5503,5507
5956,5495
5957,5503,5507
5958,5495
5959,5503,5507
5960,5495
5961,5503,5507
5962,5495
5963,5503,5507
5964,5495
5965,5503,5507
5966,4339
5967,4339
5968,5503,5507
5969,4348
5970,4348
5971,5503,5507
5972,4339
5973,4339
5974,5503,5507
5975,4339
5976,4339
5977,5503,5507
5978,4339
5979,4339
5980,5503,5507
5981,4339
5982,4339
5983,5503,5507
5984,4335
5985,4335
5986,5503,5507
5987,4343
5988,4343
5989,5503,5507
5990,4339
5991,4339
5992,4347
5993,4347
5994,5503,5507
5995,4340
5996,4340
5997,4360
5998,4360
5999,4340
6000,4340
6001,4348
6002,4340
6003,4340
6004,4348
6005,5503,5507
6006,4346
6007,4346
6008,5503,5507
6009,4339
6010,4339
6011,5503,5507
6012,4349
6013,4349
6014,5503,5507
6015,4347
6016,4347
6017,5503,5507
6018,4340
6019,4340
6020,5503,5507
6021,4347
6022,4347
6023,5503,5507
6024,4342
6025,4342
6026,5503,5507
6027,4345
6028,4345
6029,5503,5507
6030,4347
6031,4347
6032,5503,5507
6033,4342
6034,4342
6035,5503,5507
6036,4345
6037,4345
6038,5503,5507
6039,4343
6040,4343
6041,5495
6042,5503,5507
6043,5495
6044,5503,5507
6045,4348
6046,4348
6047,5503,5507
6048,4334
6049,5503,5507
6050,4337
6051,5503,5507
6052,4339
6053,5503,5507
6054,4340
6055,5503,5507
6056,5502
6057,5503,5507
6058,5502
6059,5503,5507
6060,5502
6061,5503,5507
6062,5502
6063,5503,5507
6064,5502
6065,5503,5507
6066,5502
6067,5503,5507
6068,5502
6069,5503,5507
6070,5502
6071,5503,5507
6072,5502
6073,5503,5507
6074,5502
6075,5503,5507
6076,5503,5507
6077,5503,5507
6078,5503,5507
6079,5503,5507
6080,5503,5507
6081,5503,5507
6082,5503,5507
6083,5503,5507
6084,5503,5507
6085,5503,5507
6086,4334
6087,5503,5507
6088,4337
6089,5503,5507
6090,4339
6091,5503,5507
6092,4340
6093,5503,5507
6094,5026
6095,5503,5507
6096,5027
6097,5503,5507
6098,4375
6099,5503,5507
6100,4375
6101,4375
6102,5503,5507
6104,5503,5507
6105,5028
6106,5028
6107,5503,5507
6108,2719
6109,2719
6110,5503,5507
6111,2719
6112,2719
6113,5028
6114,5028
6115,5503,5507
6116,5029
6117,5029
6118,5503,5507
6119,5129
6120,5503,5507
6121,5130
6122,5503,5507
6123,5537
6124,5537
6125,5537
6126,5503,5507
6127,5503,5507
6128,2730
6129,5503,5507
6130,2730
6131,5503,5507
6132,5247
6133,5503,5507
6134,5244
6135,5503,5507
6136,5248
6137,5503,5507
6138,5246
6139,5246
6140,5503,5507
6141,5481
6142,5503,5507
6143,5502
6144,5503,5507
6145,5503,5507
6146,5481
6147,5503,5507
6148,5503,5507
6164,4295,5484,5502
6165,3856,5502
6166,5025,5484,5502
6167,4301,5484,5502
6168,4300,5484,5502
6169,3854,5502
6170,5127,5484,5502
6171,4300,5484,5502
6172,3863,5502
6173,2726,5502
6174,3393,5502
6175,4370,5502
6176,5030,5502
6177,5030,5502
6178,4376,5502
6179,4375,5502
6180,5131,5502
6181,4375,5502
