2386,5170,2983,5190
2387,5170,2984,5190
2388,2948,5190
2389,5190,2943
2390,5190,2963
2391,5190,2956
2392,5190,2947
2393,5190,2952
2394,5190,2953
2395,5190,2942
2396,5190,2961
2397,5190,2960
2398,5190,2959
2399,5190,2962
2400,2944,5190
2401,5190,2946
2402,2945,5190
2403,5190,2950
2404,2957,5190
2405,5190,2949
2406,5190,2954
2407,2955,5190
2408,5190,2958
2409,2964,5190
2410,5190,2951
2420,5170,2983,5190
2421,5170,2984,5190
2422,2948,5190
2423,5190,2943
2424,5190,2963
2425,5190,2956
2426,5190,2947
2427,5190,2952
2428,5190,2953
2429,5190,2942
2430,5190,2961
2431,5190,2960
2432,5190,2959
2433,5190,2962
2434,2944,5190
2435,5190,2946
2436,2945,5190
2437,5190,2950
2438,2957,5190
2439,5190,2949
2440,5190,2954
2441,2955,5190
2442,5190,2958
2443,2964,5190
2444,5190,2951
2454,5170,2983,5190
2455,5170,2984,5190
2456,2948,5190
2457,5190,2943
2458,5190,2963
2459,5190,2956
2460,5190,2947
2461,5190,2952
2462,5190,2953
2463,5190,2942
2464,5190,2961
2465,5190,2960
2466,5190,2959
2467,5190,2962
2468,2944,5190
2469,5190,2946
2470,2945,5190
2471,5190,2950
2472,2957,5190
2473,5190,2949
2474,5190,2954
2475,2955,5190
2476,5190,2958
2477,2964,5190
2478,5190,2951
2488,5170,2983,5190
2489,5170,2984,5190
2490,2948,5190
2491,5190,2943
2492,5190,2963
2493,5190,2956
2494,5190,2947
2495,5190,2952
2496,5190,2953
2497,5190,2942
2498,5190,2961
2499,5190,2960
2500,5190,2959
2501,5190,2962
2502,2944,5190
2503,5190,2946
2504,2945,5190
2505,5190,2950
2506,2957,5190
2507,5190,2949
2508,5190,2954
2509,2955,5190
2510,5190,2958
2511,2964,5190
2512,5190,2951
2522,5170,2983,5190
2523,5170,2984,5190
2524,2948,5190
2525,5190,2943
2526,5190,2963
2527,5190,2956
2528,5190,2947
2529,5190,2952
2530,5190,2953
2531,5190,2942
2532,5190,2961
2533,5190,2960
2534,5190,2959
2535,5190,2962
2536,2944,5190
2537,5190,2946
2538,2945,5190
2539,5190,2950
2540,2957,5190
2541,5190,2949
2542,5190,2954
2543,2955,5190
2544,5190,2958
2545,2964,5190
2546,5190,2951
2556,5170,2983,5190
2557,5170,2984,5190
2558,2948,5190
2559,5190,2943
2560,5190,2963
2561,5190,2956
2562,5190,2947
2563,5190,2952
2564,5190,2953
2565,5190,2942
2566,5190,2961
2567,5190,2960
2568,5190,2959
2569,5190,2962
2570,2944,5190
2571,5190,2946
2572,2945,5190
2573,5190,2950
2574,2957,5190
2575,5190,2949
2576,5190,2954
2577,2955,5190
2578,5190,2958
2579,2964,5190
2580,5190,2951
2590,5170,2984,5190
2591,5190,2953
2592,5190,2951
2593,5170,2984,5190
2594,5190,2953
2595,5190,2951
2596,5170,2983,5190
2597,5170,2984,5190
2598,2948,5190
2599,5190,2943
2600,5190,2963
2601,5190,2956
2602,5190,2947
2603,5190,2952
2604,5190,2953
2605,5190,2942
2606,5190,2961
2607,5190,2960
2608,5190,2959
2609,5190,2962
2610,2944,5190
2611,5190,2946
2612,2945,5190
2613,5190,2950
2614,2957,5190
2615,5190,2949
2616,5190,2954
2617,2955,5190
2618,5190,2958
2619,2964,5190
2620,5190,2951
2630,5170,2983,5190
2631,5170,2984,5190
2632,2948,5190
2633,5190,2943
2634,5190,2963
2635,5190,2956
2636,5190,2947
2637,5190,2952
2638,5190,2953
2639,5190,2942
2640,5190,2961
2641,5190,2960
2642,5190,2959
2643,5190,2962
2644,2944,5190
2645,5190,2946
2646,2945,5190
2647,5190,2950
2648,2957,5190
2649,5190,2949
2650,5190,2954
2651,2955,5190
2652,5190,2958
2653,2964,5190
2654,5190,2951
2664,5170,2983,5190
2665,5170,2984,5190
2666,2948,5190
2667,5190,2943
2668,5190,2963
2669,5190,2956
2670,5190,2947
2671,5190,2952
2672,5190,2953
2673,5190,2942
2674,5190,2961
2675,5190,2960
2676,5190,2959
2677,5190,2962
2678,2944,5190
2679,5190,2946
2680,2945,5190
2681,5190,2950
2682,2957,5190
2683,5190,2949
2684,5190,2954
2685,2955,5190
2686,5190,2958
2687,2964,5190
2688,5190,2951
2698,5170,2983,5190
2699,5170,2984,5190
2700,2948,5190
2701,5190,2943
2702,5190,2963
2703,5190,2956
2704,5190,2947
2705,5190,2952
2706,5190,2953
2707,5190,2942
2708,5190,2961
2709,5190,2960
2710,5190,2959
2711,5190,2962
2712,2944,5190
2713,5190,2946
2714,2945,5190
2715,5190,2950
2716,2957,5190
2717,5190,2949
2718,5190,2954
2719,2955,5190
2720,5190,2958
2721,2964,5190
2722,5190,2951
2732,5170,2983,5190
2733,5170,2984,5190
2734,2948,5190
2735,5190,2943
2736,5190,2963
2737,5190,2956
2738,5190,2947
2739,5190,2952
2740,5190,2953
2741,5190,2942
2742,5190,2961
2743,5190,2960
2744,5190,2959
2745,5190,2962
2746,2944,5190
2747,5190,2946
2748,2945,5190
2749,5190,2950
2750,2957,5190
2751,5190,2949
2752,5190,2954
2753,2955,5190
2754,5190,2958
2755,2964,5190
2756,5190,2951
2766,5170,2983,5190
2767,5170,2984,5190
2768,2948,5190
2769,5190,2943
2770,5190,2963
2771,5190,2956
2772,5190,2947
2773,5190,2952
2774,5190,2953
2775,5190,2942
2776,5190,2961
2777,5190,2960
2778,5190,2959
2779,5190,2962
2780,2944,5190
2781,5190,2946
2782,2945,5190
2783,5190,2950
2784,2957,5190
2785,5190,2949
2786,5190,2954
2787,2955,5190
2788,5190,2958
2789,2964,5190
2790,5190,2951
2800,5170,2983,5190
2801,5170,2984,5190
2802,2948,5190
2803,5190,2943
2804,5190,2963
2805,5190,2956
2806,5190,2947
2807,5190,2952
2808,5190,2953
2809,5190,2942
2810,5190,2961
2811,5190,2960
2812,5190,2959
2813,5190,2962
2814,2944,5190
2815,5190,2946
2816,2945,5190
2817,5190,2950
2818,2957,5190
2819,5190,2949
2820,5190,2954
2821,2955,5190
2822,5190,2958
2823,2964,5190
2824,5190,2951
2834,5170,2983,5190
2835,5170,2984,5190
2836,2948,5190
2837,5190,2943
2838,5190,2963
2839,5190,2956
2840,5190,2947
2841,5190,2952
2842,5190,2953
2843,5190,2942
2844,5190,2961
2845,5190,2960
2846,5190,2959
2847,5190,2962
2848,2944,5190
2849,5190,2946
2850,2945,5190
2851,5190,2950
2852,2957,5190
2853,5190,2949
2854,5190,2954
2855,2955,5190
2856,5190,2958
2857,2964,5190
2858,5190,2951
2868,5170,2983,5190
2869,5170,2984,5190
2870,2948,5190
2871,5190,2943
2872,5190,2963
2873,5190,2956
2874,5190,2947
2875,5190,2952
2876,5190,2953
2877,5190,2942
2878,5190,2961
2879,5190,2960
2880,5190,2959
2881,5190,2962
2882,2944,5190
2883,5190,2946
2884,2945,5190
2885,5190,2950
2886,2957,5190
2887,5190,2949
2888,5190,2954
2889,2955,5190
2890,5190,2958
2891,2964,5190
2892,5190,2951
2902,5135,5170
2903,5190,3149
2904,5190,5167
2905,5190,5167
2906,5190,5167
2907,5190
2908,5190
2909,5190
2910,2909,5190
2911,2914,2910,5190
2912,2913,5190,2915
2914,5189
2915,5189
2916,5189
2918,3009,5189,2970,5190,3081,5191,2923
2920,3009,5190,3091
2921,2911,5190,2908
2922,2916,2921,5190
2923,3009,2922,2917,2970,5190,2920,2919
2925,2937,2927,5190
2926,2937,5190,3025
2927,2937,5190,2926
2928,2930,2938,5190
2929,2938,5190,3025
2930,2938,5190,2929
2931,5190,2933
2933,2932,5190
2934,5190,2936
2936,2935,5190
2939,2940,5190
2942,3060,5190
2943,3060,5190
2944,3060,5190
2945,3060,5190
2946,3060,5190
2947,3060,5190
2948,3060,5190
2949,3060,5190
2950,3060,5190
2951,3060,5190
2952,3060,5190
2953,3060,5190
2954,3060,5190
2955,3060,5190
2956,3060,5190
2957,3060,5190
2958,3060,5190
2959,3060,5190
2960,3060,5190
2961,3060,5190
2962,3060,5190
2963,3060,5190
2964,3060,5190
2965,2996,5190
2966,5190,2997
2967,3070,5190,2968
2968,5190
2969,3071,5190,2972
2970,2965,5190
2971,2966,3069,5190
2972,5190
2973,5190,2977
2974,2978,5190
2975,2979,5190
2976,5190,2980
2981,3103,2967,5190,3089,2977
2982,3118,3144,3140,3090,5192,2918,5190,3081,3106,3074,2969
2983,3056,5190,2986,3033,3035,2990
2984,2991,5190,3047
2985,5174,5190
2987,2988,5190,2982
2988,5190,2989
2990,2985,5190
2991,2941,2985,5190
2993,2999,5190
2995,5190,2993
2996,5190,3027
2998,5190,2993
3001,3002,5190
3002,5190,3049
3003,5190,3063
3004,5190,3057
3005,5190,3021
3006,3007,3078,5190
3007,5190
3008,3079,5190,3010
3009,3005,5190
3010,5190
3011,3090,3008,5190
3012,3064,5190,3017
3013,3018,5190,3065
3014,5190
3016,3011,5190
3017,5190,3015
3018,3003,5190,3015
3019,5190,3023
3020,3019,5190
3021,5189,5190,3088,5191
3022,3019,5190
3024,5190,3014
3027,5189,3069,5190,3088,5191
3029,3147,3108,5190,3028
3030,3073,5190
3031,3144,5190
3035,3068,5190
3036,5162,3004,5190,5163,5182
3037,5162,5190,3024,5163,5182
3038,3016,5162,5190
3039,5162,3019,5190
3040,5162,5190,3020
3041,5162,3022,5190
3042,5162,5190,3023
3043,3085,5190
3044,5189,5190,2903,3046,5191
3045,5190
3046,5190,3045
3047,3056,5190,3034,2986,3035
3048,3055,3030,5190,3066,3063
3049,5190,3050
3050,5190
3052,3144,5190
3056,3072,5190,3149
3057,5190
3058,3148,5190
3059,3144,5190,3031
3060,5190
3061,3084,3038,5190
3063,5190
3064,5190,3066
3065,3054,5190,3048
3066,5190
3067,5174,5189,3001,3044,5190,2939,3032,3095,3051,5191
3068,5189,3001,3044,5190,3067,2939,3032,3095,5191
3069,5189,5190,3088,5191
3070,5189,2992,3101,5190,2980,5191,2929
3071,5189,2992,2976,3098,5190,2928,5191
3072,5190
3073,5190
3074,3093,3132,5190,3081,3097
3075,5189,2925,3096,3109,5192,3077,5190,3089,3131,3080,5191,3086
3076,5189,2912,5190,3081,5191
3077,3105,5190,3086
3078,3115,5189,2935,5190,2980,5191
3079,5189,3112,2934,2976,5190,5191
3080,2973,5190
3081,5190,2975
3082,3092,3077,5190,3089,3131,3075
3083,5190,3086
3086,2924,5190
3087,2924,5190
3088,5190
3089,2924,3109,3077,5190,2931,3080,3110
3090,5190,3081,3111,3076
3092,5190
3093,5190
3094,5190
3095,5174,5190
3096,3099,5190
3097,5190,3100
3098,3101,5190
3099,2904,5190
3100,2905,5190
3101,2906,5190
3102,3087,3122,3109,3082,3094,3077,5190,3143,3121,3086
3103,3104,3124,5190,2907
3104,3083,3109,3082,3077,3102,5190,2907,3086
3106,5190,2971
3109,5173,5190
3110,5190,3113
3111,3114,5190
3112,3115,5190
3113,5162,5190
3114,5162,5190
3115,5162,5190
3116,3145,3000,5190,3123
3117,3000,5190
3118,5190,2971
3119,3107,3146,5190,3028
3120,3029,5190
3121,3094,3077,5190
3122,3094,3136,3077,5190,3086
3124,5175,5190
3125,5190,3129
3126,3130,5190
3129,5190,3127
3130,5190,3128
3131,5190,3080,3125
3132,3126,5190,3081
3133,5190,2981
3134,5190,3133,2981
3135,5190,2981
3136,5190
3140,2974,3142,5190
3141,2978,5190
3142,3141,5190
3148,5190,3150
3150,5172,5190
3151,5190
3152,5190,3251
3153,3252,5190
3154,5190,3254
3155,3255,5190
3156,3253,5190
3157,5190,5167
3158,5190,5167
3159,5190
3160,5190
3161,5190,3159
3162,3165,5190,3161
3163,3164,3166,5190
3164,3193,5190
3165,5189
3166,5189
3168,5189,3174,5190,3282,5191
3170,5190,3278
3171,3166,5190,3172,3176
3172,3193,3187,5192,5190,3162,3159
3173,5190,3175,2915,3170
3174,3171,3167,3169,5190
3179,3181,5190,3196
3180,5190,3196,3025
3181,5190,3180,3196
3182,3197,5190,3184
3183,3202,3197,5190,3025
3184,3197,3183,5190
3185,3198,5190,3186
3186,3318,3198,5190
3187,3189,5190,3199
3188,3201,5190,3025,3199
3189,5190,3188,3199
3190,3192,5190
3192,3191,5190
3193,3195,5190
3194,5190,3238
3195,3194,5190
3201,5190,3270
3202,3255,5190
3204,5190,3272,3205
3205,5190
3206,3207,3273,5190
3207,5190
3208,5190,3211
3209,3212,5190
3210,3213,5190
3214,3204,3281,3311,5190,3338,3293
3215,3204,3213,5190,3312,3293
3216,2979,5189,3090,5192,5190,3081,3173,3074,5191,2969
3217,3206,5190,3211
3219,3220,3232,3221,3152,3214,5190,3200,3222,3217
3220,5190,2989
3221,5190,2989
3222,5190,2989
3223,5190,3256
3224,5190,3257
3225,5190,3258
3226,3259,5190
3227,3260,5190
3228,3229,5190,3279
3229,5190
3230,3231,3280,5190
3231,5190
3232,3228,5190,3293
3233,3230,3294,5190
3234,3223,3232,3224,3233,5190
3235,5190,3269
3237,3203,5190
3238,5162,5190,3227
3239,5162,5190,3234
3240,3085,5190
3241,3240
3242,3240
3243,3225,3156,5190,3246
3244,3226,3247,5190,3315,3249,3154
3250,3153,3224,3245,5190,3248
3251,5190
3252,5190
3253,5190
3254,5190
3255,5190
3256,5190
3257,5190
3258,5190
3259,5190
3260,5190
3261,5189,3232,3300,3316,3309,3307,5190,3216,5167,3155,3320,3301,3337,2987,5191,3302,3227,3215
3262,3236,3271,3235,5190,3237
3263,3148,5190
3264,3263
3265,3263
3266,3084,5190,3239
3267,3266
3268,3266
3269,5190,3257
3271,5192,5190,3218
3272,5189,2992,3101,5190,2980,5191,2929
3273,5189,2992,2976,3098,5190,2928,5191
3275,3334,5189,3319,3288,3281,5192,3179,5190,3277,3304,3293,5191
3276,5189,3163,5190,3282,5191
3277,3288,5190,3314
3278,5174,5190
3279,3115,5189,2935,5190,2980,5191
3280,5189,3112,2934,2976,5190,5191
3281,3210,5190
3282,3208,5190
3284,3334,3296,5190,3277,3293,3275
3285,3335,5190,3317
3286,3288,5190
3288,5190,3178
3289,5190,3178
3290,5189,3283,5190,3274,5191
3291,3168,3303,3321,5192,5190,3342,3276,3282
3292,3297,3335,3285,3295,5190,3342,3291
3293,3319,3281,5190,3322,3277,3190,3178
3294,3321,5190,3276,3282
3296,5190
3297,5190
3298,5190
3299,5190
3300,5174,5190
3301,5174,5190
3302,5174,5190
3303,3305,5190
3304,3306,5190
3305,3157,5190
3306,3158,5190
3307,5190,3308
3308,3296,3319,3289,3288,3298,5190,3277,3284,3341
3309,5190,3310,3327,3160
3310,3296,3319,3288,5190,3277,3284,3286,3308,3160
3311,3326,3319,3289,3288,3298,5190,3277,3284,3325,3341
3312,3313,5190,3327,3160
3313,3319,3288,3311,5190,3277,3284,3286,3160
3315,5190,3342,3299
3316,3289,5190
3318,3202,5190,3025
3319,5190,3343
3321,3323,5190
3322,3324,5190
3323,5162,5190
3324,5162,5190
3325,3298,5190,3277
3326,3288,3336,3298,5190,3277
3327,5190
3328,3332,5190
3329,3333,5190
3332,3330,5190
3333,5190,3331
3334,3281,3329,5190
3335,3328,5190,3282
3336,5190,3344
3337,3287,3177,3182,3292,5190,3185,3282,3290
3338,3340,5190,3209
3339,3212,5190
3340,3339,5190
3343,5173,5190
3344,5190
3351,5190,3350
3352,3518,5190
3353,3509,5190
3354,5190,3513
3355,3514,5190
3356,3449,5190
3357,5190,3451
3358,5190,3459
3359,3455,5190
3360,3460,5190
3361,5190,3461
3362,3463,5190
3404,3271,5190
3409,3375,3365,3374,3500,3382,3367,3383,5190,3363,3404,3364,3381,3366,3370,3372,3501,3368
3410,3519,5190
3411,3520,5190
3412,3521,5190
3413,5190,3522
3414,5190,3523
3415,3524,5190
3416,5190,3525
3417,5190,3526
3418,3527,5190
3419,3528,5190
3420,3529,5190
3421,3530,5190
3422,5190,3531
3423,3532,5190
3424,5190,3533
3425,3534,5190
3426,5190,3535
3427,5190,3536
3428,3537,5190
3429,5190,3538
3430,3539,5190
3431,5190
3435,3519,5190
3436,5190,3523
3437,3528,5190
3438,3532,5190
3439,5190,3533
3440,3534,5190
3441,5190,3535
3442,3537,5190
3443,3352,3568,5190,3430
3444,5190,3544
3445,3545,5190
3446,3546,5190
3447,3547,5190
3448,5190,3548
3449,5190,3549
3450,5190,3550
3451,3551,5190
3452,3552,5190
3453,3553,5190
3454,3554,5190
3455,3554,5190
3456,3556,5190
3457,3557,5190
3458,5190,3558
3459,3559,5190
3460,3560,5190
3461,5190,3561
3462,3562,5190
3463,5190,3563
3464,5190,3555
3477,5190,3384
3478,3385,5190
3479,3386,5190
3480,3387,5190
3481,3388,5190
3482,3389,5190
3483,3390,5190
3484,3391,5190
3485,3392,5190
3486,3393,5190
3487,3394,5190
3488,3395,5190
3489,3396,5190
3490,5190,3397
3491,3398,5190
3492,5190,3399
3493,3400,5190
3494,3401,5190
3495,5190,3402
3496,3403,5190
3498,5189
3499,5190,3580
3500,3496,5174,5189,3447,3271,5190,3480,5158,3362,3464,5191,3488
3501,3576,3371,3478,3452,3356,3483,3418,3564,5189,3416,3357,3479,3510,3271,3484,3492,3445,3482,3450,3465,5190,3378,3425,3572,3369,3446,3485,5159,5191,3358,3571,3467
3502,3576,3493,3453,3437,3507,3469,3360,3406,3359,3448,3486,3379,5174,5189,3354,3468,3434,3575,3487,3432,3361,3481,3405,3466,3271,3505,3517,3454,3435,3491,5200,3474,3498,3492,3380,3420,3495,3472,5190,3378,3425,3407,3436,3433,3573,3497,3477,3541,3512,3473,3462,3475,3494,3373,3424,3499,3503,3577,3578,3427,3444,5191,3358,3377,3426,3458
3515,3576,3493,3360,3379,5189,3575,3271,3491,3492,3472,5190,3378,3425,3473,3511,3424,3577,5191,3358,3377,3426,3458
3516,3514,3470,3489,5189,3271,3355,3456,3509,5190,3353,5191
3517,3466,3502,3442,5190,3501
3518,5190
3519,5190
3520,5190
3521,5190
3522,5190
3523,5190
3524,5190
3525,5190
3526,5190
3527,5190
3528,5190
3529,5190
3530,5190
3531,5190
3532,5190
3533,5190
3534,5190
3535,5190
3536,5190
3537,5190
3538,5190
3539,5190
3540,3514,3470,3443,3219,3232,3261,3271,3214,3579,3476,5190,5167,3508
3541,5189
3542,3469,3506,3271,3517,5190,3504,3475
3544,3519,5190
3545,3520,5190
3546,3521,5190
3547,5190,3522
3548,5190,3523
3549,3524,5190
3550,5190,3525
3551,5190,3526
3552,3527,5190
3553,3528,5190
3554,3529,5190
3555,3530,5190
3556,5190,3531
3557,3532,5190
3558,5190,3533
3559,3534,5190
3560,5190,3535
3561,5190,3536
3562,3537,5190
3563,5190,3538
3564,5190,5159
3565,3466,3502,5190
3566,3502,5190
3567,5189,3466,3502,5190,5191
3569,3576,5189,3492,5190,3378,3425,3473,5191,3358
3570,3576,3493,3440,3360,3471,3379,3438,5189,3468,3575,5160,3271,3376,3439,3517,3491,3474,3441,3492,3472,5190,3378,3425,3423,3473,3457,3424,3574,3490,3577,5191,3358,3377,3426,3458
3571,5174,5190
3572,5174,5190
3573,5174,5190
3574,5174,5190
3575,5174,5190
3576,5174,5190
3577,5174,5190
3578,5174,5190
3579,5174,5190
3580,5190
3581,3212,5190,3582
3583,5190,3581
3584,5190,3626
3585,5189
3586,5189
3587,3600,3602,3691,3617,5190,3690,3695
3598,2996,5190
3599,5190,2997
3600,3598,5190
3601,3069,5190,3599
3602,3600,5190
3603,3601,5190
3604,3204,3213,5190,3293
3605,3686,3597,5190
3606,3589,5189,3591,3232,3604,3592,3620,5190,5217,4840,3605,5191,3215
3607,3589,3591,3604,3592,5190,4840,3605
3608,3654,5190
3610,3655,5190
3611,3656,5190
3612,3657,5190
3613,3658,5190
3614,5190,3688
3615,5190,3021
3616,3615,5190
3617,3616,5190
3618,3614,5190,3688
3619,3613,4848,3232,3610,3618,3671,5190,3612
3620,3588,3583,3587,3281,3691,5190,3678,3690,3677,3293
3621,3686,5190,3688
3622,3685,5190,3688
3623,3679,5190
3624,5190,3651
3625,3667,5190
3626,5190,3668
3627,5190,3669
3628,3670,5190
3629,3680,5190
3632,3681,5190
3633,3288,3682,5190
3634,5190,3633
3635,3679,5190
3636,3616,3600,5190,3635
3637,3593,5190
3638,3594,5190
3639,5190,3595
3640,5190,3596
3641,5190
3643,3611,5189,3653,3271,3639,3584,3516,3689,3630,3590,3638,4600,5190,3632,3627,5191
3644,4862,3637,3271,3645,5190,3632,3608,3625,3652
3645,5190
3646,4863,3666,5189,3665,3692,3653,3271,3631,3642,3316,3624,5190,3632,3647,3640,3651,3628,5191,3652,3650,3649
3647,5190
3652,3648,5190
3653,5190,3508
3655,5190
3656,5190
3657,5190
3658,5190
3663,5190,3641,3629
3665,5190,3585
3666,5190,3586
3667,3655,5190
3668,3656,5190
3669,3657,5190
3670,3658,5190
3671,3675,4610,5190,3674
3672,3621,5190,4866,3673
3673,3655,5190
3674,3657,5190
3675,3658,5190
3676,3622,3618,5190
3677,3281,3336,3179,5190,3293
3679,3682,5190
3684,3616,5190,3635
3685,3683,5190,3687
3686,5190,3687
3688,3683,5190
3689,5174,5190
3690,3288,5190,3603
3691,3288,5190,3603
3693,3296,3319,3289,3288,3336,3298,5190,3277,3284,3341
3694,3693,3296,3319,3288,3336,3298,5190,3277,3284,3286,3160
3695,3616,3623,3326,3600,3634,3617,3636,5190,3684,3690,3694
3696,3409,3726,5190,3025
3699,5189,3767,3788,3709,5190,3729,3034,3789,3766,2986,3035,5191,3817
3702,3841,5190,3837
3705,3696,3843,5189,3715,3839,5190,3716,3734,5167,5191,3702
3707,3700,5189,5190,5191
3708,5189,5190,5191,3701
3709,3751,5190,3789
3710,3711,5190
3711,5190,3712
3712,3721,5190,3719,3722
3713,3831,3703,5190
3715,5190,3713,3704
3716,3714,5190
3720,5190,3710,3716
3722,3718,5190
3726,3840,5190
3729,3828,5190
3730,5190,3731
3731,3732,5190
3732,5190,3737,3034,2986,3035
3733,5190,3739
3734,3832,5190
3735,3741,5190
3736,3844,5190,3632,3734,3567,3730,3744
3737,5190,3735
3738,3429,3417,3413,3422,3428,3431,3410,3419,3412,3421,5190,3411,3430,3415,3414
3740,5152,5190
3741,5153,5190
3742,3715,5190,3734,3845,3706
3744,3681,5190
3745,5162,3733,5190
3746,5162,3736,5190
3747,5162,3738,5190
3748,5162,5190,3739
3749,3751,3787,5190
3750,3752,5190
3751,5192,3717,3743,2986,3035
3752,3073,5189,3709,5190,3729,3034,3789,2986,3035,5191
3753,5189,3709,5190,3729,3034,3789,2986,3035,5191
3754,3749,5189,5190,5191
3755,5189,5190,3699
3756,5190
3757,5190
3758,3816,3777,3780,3759,3778,5190,3776,3782
3759,3784,3054,5190,3750
3762,5190
3764,5190
3765,3753,5190
3766,5190
3767,5190
3768,5190
3769,3770,5190
3772,5190,3513
3773,3769,5190
3774,5190
3780,5190,3779
3782,3781,5190
3783,3785,3740,5190
3784,5190,3783
3785,5190
3786,3727,3232,3316,3705,5190,3742,3734,3758,3149,3728,3744
3787,3724,5190,3697
3788,5190
3789,3790,5190
3790,5190
3792,5157,5189,3825,5190,3632,3826,3567,5191
3793,5190
3794,5190,3820
3796,5190
3798,5190
3800,5190
3804,3515,3772,5190,3632
3805,5189,5190,3756,3764,5191,3820
3806,3771,5189,3822,5190,3632,5191
3808,3771,5189,3822,5190,3632,5191
3810,3771,5189,3822,5190,3632,5191
3812,3814,3148,5190
3813,3768,3771,5189,3566,5190,3632,5191,3820
3814,5190
3815,3804,3800,3796,3792,5189,3812,3803,3794,3793,3805,3791,3806,5190,3034,3798,3810,2986,3035,3808,3813,5191
3816,5190,3755
3817,3754,5190
3820,3723,3515,5190,3632,3542,3757,3652
3821,5189,5190,5191,3820
3822,5190
3823,3771,3565,5190,3632,3744
3824,5190
3825,5190
3826,5190
3827,3784,3824,3765,5190,3034,3773,2986,3035
3828,3829,5190
3829,5190
3830,5189,3824,3762,3725,5190,3774,5191
3831,5190,3842
3832,3833,5190
3833,3834,5190
3834,5190
3835,5190
3836,3839,3747,5190
3841,3833,5190
3842,3708,5190,3707
3843,5174,5190
3844,5190,3716,3734,3845
3845,5190,3842
3846,4264,3726,5190,3025
3848,3868,5190,3837
3851,3848,5189,3855,3870,3856,3867,5190,5167,3846,3858,5191
3852,5189,5190,3847,5191
3853,3849,5190,3862
3855,3850,5190,3853
3856,3854,5190
3857,5190,3739
3858,3863,5190
3859,3866,5190
3860,5162,3857,5190
3861,5190,3149
3862,3869,5190
3863,3833,5190
3864,5190
3865,3867,5190
3868,3833,5190
3869,3708,3852,5190
3870,5174,5190
3871,5189,3851,4345,3870,3859,5190,3821,3858,5191,3215,3861
3872,4120,4084,3726,5190,3606,4069,3025
3873,4070,5190
3874,4071,5190
3875,5190,4072
3876,4073,5190
3877,4074,5190
3878,5190,4075
3879,5190,4076
3880,4077,5190
3881,5190,4078
3882,5190,4079
3883,5190,4080
3884,5190,4081
3885,5190,4082
3886,5190,4083
3887,4085,4084,4982,3726,5190,3025
3888,4085,3726,4924,5190,3025
3889,4086,5190
3890,4087,5190
3891,4088,5190
3892,4089,5190
3893,4090,5190
3894,5190,4091
3895,4092,5190
3896,5190,4093
3897,4094,5190
3898,5190,4095
3899,5190,4096
3900,5190,4097
3901,5190,4098
3902,4099,5190
3903,4100,4158,5190
3904,3993,4100,3597,5190
3905,4101,5190,4159
3906,4101,3597,5190,3994
3907,5190,4160,4102
3908,3995,3597,5190,4102
3909,4161,5190,4103
3910,3996,3597,5190,4103
3911,4162,4104,5190
3912,4104,3597,5190,3997
3913,4105,5190,4163
3914,4105,3998,3597,5190
3915,4106,5190,4164
3916,3597,4106,5190,3999
3917,4107,5190,4165
3918,4107,4000,3597,5190
3919,4166,5190,4108
3920,3597,4001,5190,4108
3921,5190,4167,4109
3922,3597,5190,4002,4109
3923,4110,4168,5190
3924,4003,4110,3597,5190
3925,4111,4169,5190
3926,4111,3597,5190,4004
3927,4170,4112,5190
3928,4005,3597,4112,5190
3929,4171,5190,4113
3930,3597,5190,4113,4006
3945,4217,4007,5190
3946,4217,4008,5190
3947,4217,4009,5190
3948,5190,5167
3949,5190,5167
3950,5190,5167
3951,5190,5167
3952,5190,5167
3953,5190,5167
3954,5190,5167
3955,5190,5167
3956,5190,5167
3957,5190,5167
3958,5190,5167
3959,5190,5167
3960,5190,5167
3961,5190,5167
3962,5190,4411,4299
3963,5190,4413,4300
3964,5190,4415,4301
3965,4417,5190,4302
3966,4419,5190,4303
3967,5190,4421,4304
3968,5190,4423,4305
3969,5190,4425,4306
3970,4427,5190,4307
3971,5190,4429,4308
3972,4431,5190,4309
3973,5190,4433,4310
3974,4435,5190,4311
3975,4437,5190,4312
3976,5189,4100,4027,4225,5190,4174,3687,3931,4503,5191,3025
3977,3932,4029,4101,5189,4227,5190,4177,3687,4504,5191,3025
3978,4505,5189,3933,4031,5190,3687,4180,5191,3025,4102,4229
3979,4506,5189,4033,3934,5190,3687,4183,4231,4103,5191,3025
3980,4233,4104,5189,3935,5190,3687,4186,5191,3025,4035,4507
3981,4105,5189,4189,5190,4508,3687,4235,4037,3936,5191,3025
3982,5189,3937,4192,4039,4237,4106,5190,3687,4509,5191,3025
3983,4107,4239,5189,4195,4041,5190,3687,3938,5191,3025,4510
3984,4511,4241,5189,4043,4198,3939,5190,3687,5191,3025,4108
3985,4243,5189,4201,3940,4512,4045,5190,3687,5191,3025,4109
3986,5189,4204,4110,4245,5190,3687,4047,4513,3941,5191,3025
3987,4111,5189,4049,5190,3687,4514,4207,3942,5191,3025,4247
3988,5189,4210,3943,4112,5190,3687,4515,4249,4051,5191,3025
3989,3944,5189,4251,4213,5190,3687,4053,4113,4516,5191,3025
3993,4010,4100,4223,5190
3994,4101,4011,4223,5190
3995,4012,4223,5190,4102
3996,4223,5190,4013,4103
3997,4104,4014,4223,5190
3998,4105,4223,4015,5190
3999,4016,4223,4106,5190
4000,4107,4223,5190,4017
4001,4223,5190,4018,4108
4002,4019,4223,5190,4109
4003,4020,4110,4223,5190
4004,4111,4223,5190,4021
4005,4022,4223,4112,5190
4006,4223,5190,4023,4113
4007,5190,4480
4008,5190,4480
4009,5190,4480
4010,4100,5190,3976,4222
4011,4101,5190,4222,3977
4012,5190,3978,4222,4102
4013,5190,4103,4222,3979
4014,4104,5190,3980,4222
4015,4105,5190,3981,4222
4016,3982,4106,5190,4222
4017,4107,5190,3983,4222
4018,5190,3984,4222,4108
4019,3985,5190,4222,4109
4020,3986,4110,5190,4222
4021,4111,5190,3987,4222
4022,3988,4112,5190,4222
4023,5190,3989,4113,4222
4024,4476,5190,3837
4025,5190,3837,4478
4026,5190,3837,4479
4027,5190,4028
4029,4030,5190
4031,4032,5190
4033,5190,4034
4035,4036,5190
4037,5190,4038
4039,4040,5190
4041,4042,5190
4043,5190,4044
4045,5190,4046
4047,4048,5190
4049,4050,5190
4051,5190,4052
4053,4054,5190
4055,5190
4056,5190
4057,5190
4058,5190
4059,5190
4060,5190
4061,5190
4062,5190
4063,5190
4064,5190
4065,5190
4066,5190
4067,5190
4068,5190
4121,4287,4120,5189,4024,4084,4259,4500,5190,4456,5167,4258,3872,4069,5191
4122,4085,4288,4025,5189,4084,3887,4260,4261,5190,4501,5167,4457,5191
4123,4085,4263,5189,3888,4502,4262,5190,4289,4458,5167,4026,5191
4141,5189,3990,5190,5191
4142,5189,3991,5190,5191
4143,5189,3992,5190,5191
4173,4086,4172,5190,4224,3889
4174,4100,4172,5190,3903,4224
4175,3873,4172,5190,4224
4176,4226,3890,4172,4087,5190
4177,4101,4226,4172,5190,3905
4178,4226,3874,4172,5190
4179,3891,4228,4088,4172,5190
4180,3907,4228,4172,5190,4102
4181,4228,4172,5190,3875
4182,4089,4172,3892,4230,5190
4183,4172,4230,5190,4103,3909
4184,3876,4172,4230,5190
4185,3893,4090,4232,4172,5190
4186,4104,3911,4232,4172,5190
4187,4232,4172,5190,3877
4188,4234,4172,5190,3894,4091
4189,4105,3913,4234,4172,5190
4190,3878,4234,4172,5190
4191,3895,4092,4236,4172,5190
4192,4236,3915,4172,4106,5190
4193,4236,3879,4172,5190
4194,4238,3896,4172,5190,4093
4195,4107,4238,3917,4172,5190
4196,4238,3880,4172,5190
4197,4094,4172,3897,5190,4240
4198,4172,5190,4240,3919,4108
4199,4172,5190,3881,4240
4200,3898,4172,5190,4095,4242
4201,3921,4172,5190,4242,4109
4202,4172,5190,3882,4242
4203,4172,3899,5190,4244,4096
4204,3923,4110,4172,5190,4244
4205,3883,4172,5190,4244
4206,4172,3900,5190,4246,4097
4207,4111,4172,5190,4246,3925
4208,3884,4172,5190,4246
4209,3901,4248,4172,5190,4098
4210,4248,4172,4112,5190,3927
4211,3885,4248,4172,5190
4212,4250,3902,4172,4099,5190
4213,3929,4250,4172,5190,4113
4214,3886,4250,4172,5190
4215,4114,5190,4357
4218,4358,5190,4115
4220,4116,5190,4359
4252,3204,3588,3281,5190,3677,3293
4253,3204,3311,5190,3293
4254,3204,3213,3313,5190,3293
4255,4459,3213,5190,4461
4256,4255,5190
4258,4117,5190,4215
4259,4216,5190
4260,4118,5190,4218
4261,5190,4219
4262,4220,5190,4119
4263,5190,4221
4264,4263,4288,4343,3916,4287,3924,4122,4297,3918,3914,4293,3720,5189,4705,3930,3232,4123,3928,4536,3271,3604,3920,4995,3926,4681,4261,3904,4500,3910,4997,4291,4546,3947,4292,3912,4294,3946,3620,5190,4289,5011,3922,3945,4501,4121,3676,3908,3906,4296,5191,4266,3215,4144,4145,4146,4147,4148,4149,4150,4151,4152,4153,4154,4155,4156,4157
4268,5190,4267
4269,5190,4267
4270,5190,4267
4271,5190,4267
4272,5190,4267
4273,5190,4267
4274,5190,4267
4275,5190,4267
4276,5190,4267
4277,5190,4267
4278,5190,4267
4279,5190,4267
4280,5190,4267
4281,5190,4267
4282,5190,3739
4283,5190,3739
4284,5190,3739
4285,5190,4498
4286,4285,5190
4287,5190,4374
4288,4375,5190
4289,5190,4376
4290,4288,3232,4691,4998,3736,3543,5190,4289,3632
4291,5190,3312
4292,4287,4547,5190,4258,4138
4293,4288,4260,4139,5190,4548
4294,4549,4262,4140,5190,4289
4296,4453,5190
4297,4454,5190
4298,4455,5190
4299,5190,5002
4300,5000,5190
4301,5014,5190
4302,5190,5003
4303,5190,5003
4304,5190,5016
4305,5009,5190
4306,5009,5190
4307,5190,5013
4308,5190,5018
4309,5190,5015
4310,5009,5190
4311,5010,5190
4312,5017,5190
4313,5190,4286
4314,4334
4315,5162,5190,4267
4316,5162,5190,4268
4317,4269,5162,5190
4318,4270,5162,5190
4319,5162,5190,4271
4320,5162,4272,5190
4321,5162,5190,4273
4322,5162,4274,5190
4323,4275,5162,5190
4324,5162,5190,4276
4325,5162,4277,5190
4326,5162,4278,5190
4327,5162,4279,5190
4328,5162,5190,4280
4329,4281,5162,5190
4330,5162,4282,5190
4331,5162,4283,5190
4332,5162,4284,5190
4333,5162,4285,5190
4334,5162,4313,5190
4335,3619,5162,5190
4336,5162,4290,5190
4337,4985,5162,5190
4338,5162,4934,5190
4339,5189
4340,3214,5190,3632,3540
4341,5190
4342,4612,4297,3771,5189,3692,4995,5007,4298,3214,5190,3632,4353,5191,3652
4343,5157,5189,5190,5191
4344,5190
4345,3786,3232,5004,3214,3543,5190,3632
4346,5190
4347,5190
4348,4344,4343,5174,5189,5005,4517,3823,5190,3632,4339,4356,5191,3652
4349,5005,4517,3823,5190,4356
4350,5190
4351,5190
4352,5190
4353,5157,5189,3232,4256,3271,3309,3307,4313,5190,4545,5191,4499,3215
4354,5190
4355,5190
4356,5190
4357,4481,5190
4358,4482,5190
4359,5190,4483
4360,4175,5190,4503,3025
4361,4178,5190,4504,3025
4362,4181,4505,5190,3025
4363,4506,5190,3025,4184
4364,5190,3025,4187,4507
4365,4190,5190,4508,3025
4366,4193,5190,4509,3025
4367,4196,5190,3025,4510
4368,4511,5190,4199,3025
4369,4202,4512,5190,3025
4370,4205,5190,4513,3025
4371,4208,5190,4514,3025
4372,4211,5190,4515,3025
4373,5190,4516,4214,3025
4374,3833,5190
4375,3833,5190
4376,3833,5190
4377,5189,4055,5190,4224,4519,5191
4378,5189,4520,4226,5190,4056,5191
4379,4521,5189,4057,4228,5190,5191
4380,5189,4058,4522,4230,5190,5191
4381,4059,5189,4232,5190,4523,5191
4382,5189,4234,4060,5190,4524,5191
4383,5189,4236,4525,5190,4061,5191
4384,4062,4238,5189,4526,5190,5191
4385,4527,5189,4063,5190,4240,5191
4386,4528,5189,5190,4064,5191,4242
4387,5189,5190,4244,4529,4065,5191
4388,4530,5189,4066,5190,4246,5191
4389,5189,4248,4067,5190,4531,5191
4390,5189,4250,4532,4068,5190,5191
4391,5190
4392,5190
4393,5190
4394,5190,4456,4335
4395,4337,5190,4457
4396,4338,5190,4458
4397,5190,3962
4398,5190,3963
4399,3964,5190
4400,3965,5190
4401,3966,5190
4402,5190,3967
4403,3968,5190
4404,5190,3969
4405,5190,3970
4406,3971,5190
4407,3972,5190
4408,3973,5190
4409,5190,3974
4410,5190,3975
4439,5190,4412
4440,5190,4414
4441,4416,5190
4442,4418,5190
4443,5190,4420
4444,5190,4422
4445,4424,5190
4446,4426,5190
4447,5190,4428
4448,4430,5190
4449,4432,5190
4450,4434,5190
4451,4436,5190
4452,4438,5190
4461,3306,3319,5190
4462,4173,5190,4124,4503,3025
4463,4176,5190,4125,4504,3025
4464,4505,4126,4179,5190,3025
4465,4506,4182,5190,3025,4127
4466,5190,4128,4185,3025,4507
4467,4129,5190,4508,4188,3025
4468,4130,4191,5190,4509,3025
4469,4194,4131,5190,3025,4510
4470,4511,4197,4132,5190,3025
4471,4512,4133,5190,4200,3025
4472,5190,4513,4203,3025,4134
4473,5190,4206,4514,3025,4135
4474,4209,4136,5190,4515,3025
4475,4137,5190,4212,4516,3025
4476,3833,5190
4477,3833,5190
4478,3833,5190
4479,3833,5190
4480,4460,4477,5190
4481,3708,5190,4141
4482,3708,4142,5190
4483,3708,4143,5190
4498,3324,5190
4499,5174,5190
4500,5174,5190
4501,5174,5190
4502,5174,5190
4503,5190,3948
4504,3949,5190
4505,5190,3950
4506,5190,3951
4507,3952,5190
4508,5190,3953
4509,5190,3954
4510,3955,5190
4511,5190,3956
4512,3957,5190
4513,5190,3958
4514,3959,5190
4515,5190,3960
4516,5190,3961
4517,5190,3277
4518,5190,4553
4519,5162,5190
4520,5162,5190
4521,5162,5190
4522,5162,5190
4523,5162,5190
4524,5162,5190
4525,5162,5190
4526,5162,5190
4527,5162,5190
4528,5162,5190
4529,5162,5190
4530,5162,5190
4531,5162,5190
4532,5162,5190
4536,4541,5190
4537,3281,3212,5190
4538,4533,5190
4539,4533,4550,3306,3319,3324,5190,4535,4538
4540,4533,4534,4550,5190,4535,4538
4541,4534,3289,4518,5190,3160
4542,4257,5190
4543,4257,4295,5190
4544,5189,3232,3604,4252,5190,4254,5191
4545,5190,4544
4546,4253,4537,5190
4547,4481,5190
4548,4482,5190
4549,5190,4483
4552,4533,5190,4551
4555,4586,5190
4557,5189,4554,5190,5191
4560,4585,5190,4558
4561,4559,5190,4555
4562,4559,5190
4563,4567,4562,4560,5190,4570
4564,4562,4560,5190
4565,5190,4589
4566,5190,4589,4565
4567,4579,5190
4568,4567,4566,5190
4569,5190,4584,4589
4570,4590,4567,4561,5190
4571,4580,5190
4572,4581,5190
4573,4085,4556,5190
4574,3349,5190,4572
4576,4566,4569,5190
4577,4571,5190,3351,4573,4572,3348
4578,4571,4575,5190,3351,4573,4572,3348
4579,3833,5190
4583,3833,5190
4584,5190,4587,4582
4585,5190,4587
4586,4460,4583,5190
4588,3708,5190,4557
4589,5190,4582
4590,5190,4588
4591,4614,5190
4593,3714,5190,4591
4594,3589,4592,5190,3716
4595,3589,4592,5190,3716
4597,5190,4605
4598,4597,4610,4611,3610,5190,3734
4599,4593,5190,3734,3845
4600,4599,5190
4601,3637,3271,3645,5190,3632,3608,3625,3652
4602,3666,5190,3632,3647,3652,3649
4605,5190
4611,5190,3673
4614,3841,4460,5190
4615,5190,4713
4616,5190,5167
4620,5190
4621,4620,5190
4622,4687,4701,5190,4693,4619
4623,5190,4621,4629
4624,4673,4687,4622,5190,4630
4625,4632,5190,4626
4626,4653,5190
4627,5190,4702
4628,5190,4703
4629,5189
4630,5189
4632,5189
4634,5190,4480
4635,5189,4640,5190,4736,5191
4637,4744,4687,5190
4638,4632,5190,4639,4641
4639,4620,4653,4650,5192,4623,5190
4640,4636,4638,4633,5190
4644,5190,4750
4645,4647,5190,4659
4646,4679,5190,4659,3025
4647,5190,4646,4659
4648,5190,4660,4649
4649,4753,5190,4660
4650,4662,5190,4652
4651,4678,4662,5190,3025
4652,4662,5190,4651
4653,5190,4655
4654,5190,4704
4655,5190,4654
4656,4756,5190
4657,4637,4673,4663,4624,4687,5190,4627,4617
4658,4637,4673,4624,4664,4687,5190,4628,4618
4665,5189,5190,4631,5191
4667,2996,5190
4668,5190,2997
4669,5190,4730,4661
4670,5190,4675,4729
4671,5190,4667
4672,3069,5190,4668
4673,5190,4671
4674,4672,5190
4675,5190
4676,4677,5190
4678,4662,5190,4669
4679,4217,4634,5190
4680,4677,4670,5190
4681,5021,4680,5190,3716
4684,5190,3021
4685,5190,4734,4688
4686,4684,5190
4687,4686,5190
4688,5190
4689,4732,5190
4690,4743,4685,5190
4691,4726,3844,4690,5190,5022,4752,3734
4692,4731,5190
4693,5190,4692
4695,4698,5190,4762
4696,5190,4735
4697,3682,5190
4698,4697,5190
4699,3682,5190
4700,5190,4699
4701,4731,5190
4702,5190,4696
4703,4727,4719,4708,3271,4615,5190,4723,4696
4704,5162,4689,5190
4705,4689,5024,5023,5190,4763
4706,4756,5189,4599,4687,5024,4700,4747,5023,5190,4757,4695,4693,4750,5191
4707,4756,5189,4687,5024,4700,4747,5023,5190,4757,4695,4693,4750,5191
4708,5190
4709,4656,5189,4714,4644,4658,5024,5023,5190,3632,5191,4666
4710,5190
4711,4756,5189,3665,3271,4717,4694,4687,5024,4700,4747,5023,5190,4757,4695,4710,4693,4750,5191
4714,5190,4712
4717,5189,4683,5190,5191
4720,4711,5190
4721,4711,5190
4722,4711,5190
4723,5190,4605
4724,4756,5189,4687,5024,4700,4747,5023,5190,4757,4695,4693,4764,4750,5191
4725,4756,5189,4687,5024,4700,4747,5023,5190,4757,4695,4693,4764,4750,5191
4726,4656,4657,4644,5190
4729,5189,2992,2976,3098,5190,2928,5191
4730,4742,5190
4731,3682,5190
4732,3833,5190
4733,5189,5190,4736,4625,5191
4734,5189,3112,2934,2976,5190,5191
4736,5190,4676
4737,4751,5190,4761
4739,5189,3283,5190,3274,5191
4740,5192,4733,4754,5190,4736,4635,4764,4748
4741,4745,4740,5190,4746,4764,4761,4737
4742,3708,5190,4665
4743,4733,4754,5190,4736
4746,5190
4747,5174,5190
4748,5190,4749
4749,5190,4616
4750,4674,5190
4752,4733,5190
4753,4679,5190,3025
4754,4755,5190
4755,5162,5190
4756,4674,5190
4757,5190,4735
4758,5190,4760
4760,4759,5190
4761,4758,5190,4736
4762,5190,4643
4763,4642,4738,5190,4736,4648,4741,4739,4645
4765,4796,4561,3726,5190,4563,3025,4799
4766,5190,4797
4767,5190,4798
4768,4085,3726,5190,4808,3345,3025
4769,5190,4800
4770,5190,4801
4771,4802,5190,4818
4772,4802,4784,5190,4558
4773,4819,5190,4803
4774,5190,4558,4803,4785
4777,5190,5167
4778,5190,5167
4779,4085,4556,5190,4882,4853
4780,4085,4884,4556,5190,4854
4781,4833,4775,4822,5189,4802,4790,5190,4587,5191,3025,4900
4782,4835,5189,4792,5190,4587,4825,4901,4776,4803,5191,3025
4784,4831,4802,4786,5190
4785,4831,5190,4787,4803
4786,4830,4802,4781,5190
4787,4782,4830,5190,4803
4788,4583,5190,3837
4789,4893,5190,3837
4790,4791,5190
4792,5190,4793
4794,5190
4795,5190
4809,4085,4889,4567,5189,4562,4898,4836,5190,4808,4788,5167,4768,5191
4810,4890,4838,4847,5189,4837,4796,4899,5190,5167,4789,4765,5191,4799
4815,4783,5189,5190,5191
4821,4832,4769,5190,4800,4820
4822,4832,4802,5190,4820,4771
4823,4832,4766,5190,4820
4824,4770,5190,4801,4834,4820
4825,5190,4773,4834,4820,4803
4826,5190,4834,4820,4767
4827,4869,5190,4804
4828,4805,5190,4870
4836,4827,5190,4806
4837,4828,4807,5190
4838,5190,4829
4839,4838,5190,4595
4840,4838,5190,4594
4843,4842,5190
4844,4842,5190
4845,5190,3739
4846,5190,3739
4847,5190,4873
4848,4847,4598,5190,4866
4849,4590,4567,4836,5190,4813
4850,4814,4847,4837,4905,5190
4851,5190,4888
4852,5190,4888
4853,4867,5190
4854,4867,5190
4855,4842,5162,5190
4856,4843,5162,5190
4857,5162,5190,4844
4858,4845,5162,5190
4859,5162,5190,4846
4860,5162,3347,5190
4861,5162,5190,4568
4862,4601,5190
4863,3589,3666,4897,5189,3637,3271,3610,3645,5190,3632,3647,3608,3625,5191,3652,3649
4864,4809,4567,4774,4847,5189,4852,4562,4898,4576,4849,5190,4851,5191,4810,4850,4817
4865,4809,4567,4772,4847,5189,4852,4562,4898,4576,4849,4904,4867,5190,4851,5191,4810,4850,4816
4866,4611,5190
4868,4852,4904,5190,4851,4574,4578
4869,5190,4588
4870,4894,5190
4871,4823,5190,3025,4900
4872,4826,5190,4901,3025
4873,3833,5190
4874,4832,5189,4794,5190,4902,5191
4875,4903,5189,4795,5190,4834,5191
4876,5190
4877,5190
4878,4889,5190,4860
4879,4890,4861,5190
4880,4085,4556,5190,4779
4881,4085,4780,4556,5190
4886,4883,5190
4887,4885,5190
4891,4811,4821,5190,3025,4900
4892,4812,5190,4901,4824,3025
4893,3833,5190
4894,3708,4815,5190
4897,5174,5190
4898,5174,5190
4899,5174,5190
4900,5190,4777
4901,5190,4778
4902,5162,5190
4903,5162,5190
4904,4838,4847,4905,5190
4905,4894,5190
4906,4926,3726,5190,3025
4908,4974,5190
4909,4973,5190,3837
4912,4933,5189,4921,4909,4906,4972,4978,4923,5190,5167,5191
4914,5189,5190,5191,4907
4919,4910,4967,5190
4921,4911,5190,4919
4922,4920,5190,4908
4923,4920,5190
4924,4923,5190,4594
4925,4923,5190,4594
4926,4915,4918,5190
4928,4961,5190
4929,4962,5190
4930,4963,5190
4931,4964,5190
4932,5190,3739
4933,4968,5190
4934,4610,4933,4598,4966,5190
4935,4928,5190,4931
4936,4933,4921,4913,4980,5190
4937,4933,4922,4980,5190
4938,4951,5190
4939,4953,5190
4943,4971,5190
4944,5162,4932,5190
4945,4935,5162,5190
4946,5190
4947,4933,5189,3232,4536,3271,4965,4546,4936,3316,3309,3214,4600,5190,5191,3215
4948,4943,4955,3271,4953,4946,4939,5190,3632,3652
4949,3666,3771,4943,4933,5189,4951,4938,4937,4978,4923,5190,3632,4950,5191,3652
4950,5190
4959,4954,5190
4961,5190
4962,5190
4963,5190
4964,5190
4965,4956,4912,4943,4933,5189,4921,4916,4958,3232,3271,4929,4959,4941,4940,3316,4978,5190,3632,4977,4942,4917,4976,4957,5191,4952,4930
4966,4979,5190
4967,4975,5190
4968,3833,5190
4969,5190
4970,4945,4972,5190
4973,3833,5190
4974,4460,4973,5190
4975,4914,3708,5190
4976,5174,5190
4977,5174,5190
4978,5174,5190
4979,4933,4980,4923,5190
4980,4975,5190
4981,5190,3651
4982,3589,3591,3604,3592,5190,4595
4983,3589,3591,3604,3592,5190,4594
4985,3613,3232,4994,4598,3610,5190,3612
4986,4996,3583,3281,5190,3678,3293
4987,5190,3649
4988,5190,3650
4990,4601,3637,3271,3645,5190,3632,3608,3625,3652
4991,4993,3665,4987,5190,3632,3651,3652,3649
4993,3692,3653,3271,3316,4989,4988,5190,3632,4981,4992,3640,3628,3650
4994,4611,5190,3673
4995,3675,3232,4986,5190
4996,3311,5190
4998,5190
4999,5190,3149
5000,5190,5020
5001,5189,5190,3149,5191
5002,5190,5020
5003,5174,5189,5190,3149,5191
5004,5008,5190,3149
5005,4999,5200,5190
5006,5190,3149
5007,5006,5190
5008,5012,5189,4999,5001,5190,5019,5191
5009,5174,5189,5190,3149,5191
5010,5174,5189,5190,3149,5191
5012,5174,5189,5190,3149,5191
5013,5174,5189,5190,3149,5191
5014,5174,5189,5190,3149,5191
5015,5174,5189,5190,3149,5191
5016,5174,5189,5190,3149,5191
5017,5174,5189,5190,3149,5191
5018,5174,5189,5190,3149,5191
5019,5190,3149
5020,5174,5189,5190,3149,5191
5021,5190
5023,5190
5024,5190
5025,5190
5135,3056,5137
5137,5174
5139,5148
5140,5148
5142,3751,5220
5143,5142
5144,3751
5145,5141
5148,5179
5149,5151
5150,5141,5149
5151,5227,5144
5152,5154
5154,5300
5163,5165
5164,5228
5165,5164
5169,5230,5231,5233
5170,5169
5188,5238,5236
5189,5238
5190,5237
5191,5216
5193,5248,5250
5194,5250
5198,5251,5162,5163
5200,5203
5201,5203
5203,5206
5204,5205,5206,5207
5205,5207
5206,5207
5207,5252
5208,5211
5209,5211
5211,5206
5212,5204,5205,5206,5207
5214,5213
5215,5255,5253,5254
5216,5300,5215
5217,5218
5218,5300,5215
5219,5300,5215
5221,5278,5274,5261,5226
5222,5170,5260
5224,5271,5225
5225,5281,5223,3871,5266,5260,5258,5280
5229,5282
5236,5191,5239,5240,5241
5237,5241
5238,5191,5240,5241
5241,5286,5243,5191,5244,5234,5235
5242,5191,5240,5241
5256,5228
5257,5287
5266,5265,5267
5277,5288
5278,5277,5289
5283,5191,5284,5285
5284,5191
5285,5290,5177,5191,5291
5286,5283
5312,3009
5313,3009
5314,3009
5315,3009
5316,3009
5317,3009
5318,3026
5319,3026
5320,3007
5321,3010
5322,3005
5323,3006
5324,3008
5325,3015
5326,3017
5327,3018
5328,3015
5329,5190
5330,3001
5331,5190
5332,5190
5333,3026
5334,3026
5335,3026
5336,3229
5337,3231
5338,3228
5339,3228
5340,3008
5341,3232
5342,3232
5343,3232
5344,5162
5345,5162
5346,3227
5347,5190
5348,3431
5349,3415
5350,3417
5351,3428
5352,3419
5353,3414
5354,3413
5355,3411
5356,3412
5357,3410
5358,3421
5359,3429
5360,3430
5361,3422
5362,3416
5363,3418
5364,3425
5365,3425
5366,3424
5367,3426
5368,3420
5369,3433
5370,3420
5371,3432
5372,3427
5373,3425
5374,3424
5375,3426
5376,3232
5377,5162
5378,3425
5379,3425
5380,3424
5381,3426
5382,3423
5383,3426
5384,3423
5385,3617
5386,3617
5387,3617
5388,3617
5389,3617
5390,3616
5391,3617
5392,3615
5393,3228
5394,4848
5395,3610
5396,3612
5397,3613
5398,3232
5399,3618
5400,4848
5401,3610
5402,3612
5403,3613
5404,4848
5405,3610
5406,3612
5407,3613
5408,3232
5409,3618
5410,3616
5411,3611
5412,3618
5413,3616
5414,3616
5415,3617
5416,3617
5417,3616
5418,3616
5419,3616
5420,3617
5421,3616
5422,3616
5423,3617
5424,3616
5425,3739
5426,3026
5427,3729
5428,5162
5429,3734
5430,3737
5431,3730
5432,3734
5433,3232
5434,3698
5435,3739
5436,3026
5437,5162
5438,3858
5439,3739
5440,3026
5441,3739
5442,3026
5443,3739
5444,3026
5445,3614
5446,3614
5447,3614
5448,3614
5449,3614
5450,3614
5451,3614
5452,3614
5453,3614
5454,3614
5455,3614
5456,3614
5457,3614
5458,3614
5459,3026
5460,3026
5461,3026
5462,3026
5463,3026
5464,3026
5465,3026
5466,3026
5467,3026
5468,3026
5469,3026
5470,3026
5471,3026
5472,3026
5473,3026
5474,3026
5475,3026
5476,3026
5477,3026
5478,3026
5479,3026
5480,3026
5481,3026
5482,3026
5483,3026
5484,3026
5485,3026
5486,3026
5487,5162
5488,4287
5489,5162
5490,4288
5491,5162
5492,4289
5493,4267
5494,4267
5495,4267
5496,4267
5497,4267
5498,4267
5499,4267
5500,4267
5501,4267
5502,4267
5503,4267
5504,4267
5505,4267
5506,4267
5507,4267
5508,4267
5509,4267
5510,4267
5511,4267
5512,4267
5513,4267
5514,4267
5515,4267
5516,4267
5517,4267
5518,4267
5519,4267
5520,4267
5521,4267
5522,4267
5523,4267
5524,4267
5525,4267
5526,4267
5527,4267
5528,4267
5529,4267
5530,4267
5531,4267
5532,4267
5533,4267
5534,4267
5535,3228
5536,3228
5537,5190
5538,5190
5539,5190
5540,3736
5541,4289
5542,4288
5543,4288
5544,3232
5545,3232
5546,4998
5547,4691
5548,3232
5549,4288
5550,4287
5551,3736
5552,4289
5553,4288
5554,4288
5555,3232
5556,3232
5557,4998
5558,4691
5559,3232
5560,3232
5561,4313
5562,3232
5563,3232
5564,4313
5565,3232
5566,3026
5567,3026
5568,3026
5569,3026
5570,3026
5571,3026
5572,3026
5573,3026
5574,3026
5575,3026
5576,3026
5577,3026
5578,3026
5579,3026
5580,3026
5581,3026
5582,3026
5583,3026
5584,3026
5585,3026
5586,3026
5587,3026
5588,3026
5589,3026
5590,3026
5591,3026
5592,3026
5593,3026
5594,4566
5595,3734
5596,3610
5597,4597
5598,4687
5599,4687
5600,4687
5601,4687
5602,4687
5603,4687
5604,3026
5605,3026
5606,4687
5607,4687
5608,4687
5609,4687
5610,4687
5611,4687
5612,4688
5613,4684
5614,4690
5615,4690
5616,5022
5617,3734
5618,4689
5619,4687
5620,4687
5621,4687
5622,4687
5623,4687
5624,4687
5625,4687
5626,4687
5627,4687
5628,4687
5629,4687
5630,4687
5631,5190
5632,3739
5633,3026
5634,4567
5635,3739
5636,3026
5637,4565
5638,4565
5639,3026
5640,3026
5641,3026
5642,3026
5643,5162
5644,4567
5645,5162
5646,4847
5647,4842
5648,4842
5649,4842
5650,4842
5651,4842
5652,4842
5653,4598
5654,4847
5655,3610
5656,4567
5657,4567
5658,3026
5659,3026
5660,3026
5661,3026
5662,3739
5663,5162
5664,4933
5665,4598
5666,4933
5667,4933
5668,4933
5669,4933
5670,3232
5671,3232
5672,3232
5673,3232
5674,3232
5675,3232
5676,4933
5677,3232
5678,4933
5679,4929
5680,4930
5681,4598
5682,4598
5683,4598
5684,3232
5685,3612
5686,3613
5687,3610
5688,3232
5689,3012,5190
5690,3013,5190
5691,3012,5190
5692,3013,5190
5693,3012,5190
5694,3013,5190
5695,3012,5190
5696,3013,5190
5697,3012,5190
5698,3013,5190
5699,3012,5190
5700,3013,5190
5701,3013,5190
5702,3013,5190
5703,3012,5190
5704,3013,5190
5705,3012,5190
5706,3013,5190
5707,3012,5190
5708,3013,5190
5709,3012,5190
5710,3013,5190
5711,3012,5190
5712,3013,5190
5713,3012,5190
5714,3013,5190
5715,3012,5190
5716,3013,5190
5717,3012,5190
5718,3013,5190
5719,3012,5190
5720,3013,5190
5721,5139
