1,2,0,1.000,1001.000,SEQ_1_STEP
2,3,0,1.000,1001.000,SEQ_1_STEP
3,4,0,1.000,1001.000,SEQ_1_STEP
4,5,0,1.000,1001.000,SEQ_1_STEP
5,6,0,1.000,1001.000,SEQ_1_STEP
6,7,0,1.000,1001.000,SEQ_1_STEP
7,8,0,1.000,1001.000,SEQ_1_STEP
8,9,0,1.000,1001.000,SEQ_1_STEP
9,10,0,1.000,1001.000,SEQ_1_STEP
10,11,0,1.000,1001.000,SEQ_1_STEP
11,12,0,1.000,1001.000,SEQ_1_STEP
12,13,0,1.000,1001.000,SEQ_1_STEP
13,14,0,1.000,1001.000,SEQ_1_STEP
14,15,0,1.000,1001.000,SEQ_1_STEP
15,16,0,1.000,1001.000,SEQ_1_STEP
16,17,0,1.000,1001.000,SEQ_1_STEP
17,18,0,1.000,1001.000,SEQ_1_STEP
18,19,0,1.000,1001.000,SEQ_1_STEP
19,20,0,1.000,1001.000,SEQ_1_STEP
20,21,0,1.000,1001.000,SEQ_1_STEP
21,22,0,1.000,1001.000,SEQ_1_STEP
22,23,0,1.000,1001.000,SEQ_1_STEP
23,24,0,1.000,1001.000,SEQ_1_STEP
24,25,0,1.000,1001.000,SEQ_1_STEP
25,26,0,1.000,1001.000,SEQ_1_STEP
26,27,0,1.000,1001.000,SEQ_1_STEP
27,28,0,1.000,1001.000,SEQ_1_STEP
28,29,0,1.000,1001.000,SEQ_1_STEP
29,30,0,1.000,1001.000,SEQ_1_STEP
30,31,0,1.000,1001.000,SEQ_1_STEP
31,32,0,1.000,1001.000,SEQ_1_STEP
32,33,0,1.000,1001.000,SEQ_1_STEP
33,34,0,1.000,1001.000,SEQ_1_STEP
34,35,0,1.000,1001.000,SEQ_1_STEP
35,36,0,1.000,1001.000,SEQ_1_STEP
36,37,0,1.000,1001.000,SEQ_1_STEP
37,38,0,1.000,1001.000,SEQ_1_STEP
38,39,0,1.000,1001.000,SEQ_1_STEP
39,40,0,1.000,1001.000,SEQ_1_STEP
40,41,0,1.000,1001.000,SEQ_1_STEP
41,42,0,1.000,1001.000,SEQ_1_STEP
42,43,0,1.000,1001.000,SEQ_1_STEP
43,44,0,1.000,1001.000,SEQ_1_STEP
44,45,0,1.000,1001.000,SEQ_1_STEP
45,46,0,1.000,1001.000,SEQ_1_STEP
46,47,0,1.000,1001.000,SEQ_1_STEP
47,48,0,1.000,1001.000,SEQ_1_STEP
48,49,0,1.000,1001.000,SEQ_1_STEP
49,50,0,1.000,1001.000,SEQ_1_STEP
50,51,0,1.000,1001.000,SEQ_1_STEP
51,52,0,1.000,1001.000,SEQ_1_STEP
52,53,0,1.000,1001.000,SEQ_1_STEP
53,54,0,1.000,1001.000,SEQ_1_STEP
54,55,0,1.000,1001.000,SEQ_1_STEP
55,56,0,1.000,1001.000,SEQ_1_STEP
56,57,0,1.000,1001.000,SEQ_1_STEP
57,58,0,1.000,1001.000,SEQ_1_STEP
58,59,0,1.000,1001.000,SEQ_1_STEP
59,60,0,1.000,1001.000,SEQ_1_STEP
60,61,0,1.000,1001.000,SEQ_1_STEP
61,62,0,1.000,1001.000,SEQ_1_STEP
62,63,0,1.000,1001.000,SEQ_1_STEP
63,64,0,1.000,1001.000,SEQ_1_STEP
64,65,0,1.000,1001.000,SEQ_1_STEP
65,66,0,1.000,1001.000,SEQ_1_STEP
66,67,0,1.000,1001.000,SEQ_1_STEP
67,68,0,1.000,1001.000,SEQ_1_STEP
68,69,0,1.000,1001.000,SEQ_1_STEP
69,70,0,1.000,1001.000,SEQ_1_STEP
70,71,0,1.000,1001.000,SEQ_1_STEP
71,72,0,1.000,1001.000,SEQ_1_STEP
72,73,0,1.000,1001.000,SEQ_1_STEP
73,74,0,1.000,1001.000,SEQ_1_STEP
74,75,0,1.000,1001.000,SEQ_1_STEP
75,76,0,1.000,1001.000,SEQ_1_STEP
76,77,0,1.000,1001.000,SEQ_1_STEP
77,78,0,1.000,1001.000,SEQ_1_STEP
78,79,0,1.000,1001.000,SEQ_1_STEP
79,80,0,1.000,1001.000,SEQ_1_STEP
80,81,0,1.000,1001.000,SEQ_1_STEP
81,82,0,1.000,1001.000,SEQ_1_STEP
82,83,0,1.000,1001.000,SEQ_1_STEP
83,84,0,1.000,1001.000,SEQ_1_STEP
84,85,0,1.000,1001.000,SEQ_1_STEP
85,86,0,1.000,1001.000,SEQ_1_STEP
86,87,0,1.000,1001.000,SEQ_1_STEP
87,88,0,1.000,1001.000,SEQ_1_STEP
88,89,0,1.000,1001.000,SEQ_1_STEP
89,90,0,1.000,1001.000,SEQ_1_STEP
90,91,0,1.000,1001.000,SEQ_1_STEP
91,92,0,1.000,1001.000,SEQ_1_STEP
92,93,0,1.000,1001.000,SEQ_1_STEP
93,94,0,1.000,1001.000,SEQ_1_STEP
94,95,0,1.000,1001.000,SEQ_1_STEP
95,96,0,1.000,1001.000,SEQ_1_STEP
96,97,0,1.000,1001.000,SEQ_1_STEP
97,98,0,1.000,1001.000,SEQ_1_STEP
98,99,0,1.000,1001.000,SEQ_1_STEP
99,100,0,1.000,1001.000,SEQ_1_STEP
100,101,0,1.000,1001.000,SEQ_1_STEP
101,102,0,1.000,1001.000,SEQ_1_STEP
102,103,0,1.000,1001.000,SEQ_1_STEP
103,104,0,1.000,1001.000,SEQ_1_STEP
104,105,0,1.000,1001.000,SEQ_1_STEP
105,106,0,1.000,1001.000,SEQ_1_STEP
106,107,0,1.000,1001.000,SEQ_1_STEP
107,108,0,1.000,1001.000,SEQ_1_STEP
108,109,0,1.000,1001.000,SEQ_1_STEP
109,110,0,1.000,1001.000,SEQ_1_STEP
110,111,0,1.000,1001.000,SEQ_1_STEP
111,112,0,1.000,1001.000,SEQ_1_STEP
112,113,0,1.000,1001.000,SEQ_1_STEP
113,114,0,1.000,1001.000,SEQ_1_STEP
114,115,0,1.000,1001.000,SEQ_1_STEP
115,116,0,1.000,1001.000,SEQ_1_STEP
116,117,0,1.000,1001.000,SEQ_1_STEP
117,118,0,1.000,1001.000,SEQ_1_STEP
118,119,0,1.000,1001.000,SEQ_1_STEP
119,120,0,1.000,1001.000,SEQ_1_STEP
120,121,0,1.000,1001.000,SEQ_1_STEP
121,122,0,1.000,1001.000,SEQ_1_STEP
122,123,0,1.000,1001.000,SEQ_1_STEP
123,124,0,1.000,1001.000,SEQ_1_STEP
124,125,0,1.000,1001.000,SEQ_1_STEP
125,126,0,1.000,1001.000,SEQ_1_STEP
126,127,0,1.000,1001.000,SEQ_1_STEP
127,128,0,1.000,1001.000,SEQ_1_STEP
128,129,0,1.000,1001.000,SEQ_1_STEP
129,130,0,1.000,1001.000,SEQ_1_STEP
130,131,0,1.000,1001.000,SEQ_1_STEP
131,132,0,1.000,1001.000,SEQ_1_STEP
132,133,0,1.000,1001.000,SEQ_1_STEP
133,134,0,1.000,1001.000,SEQ_1_STEP
134,135,0,1.000,1001.000,SEQ_1_STEP
135,136,0,1.000,1001.000,SEQ_1_STEP
136,137,0,1.000,1001.000,SEQ_1_STEP
137,138,0,1.000,1001.000,SEQ_1_STEP
138,139,0,1.000,1001.000,SEQ_1_STEP
139,140,0,1.000,1001.000,SEQ_1_STEP
140,141,0,1.000,1001.000,SEQ_1_STEP
141,142,0,1.000,1001.000,SEQ_1_STEP
142,143,0,1.000,1001.000,SEQ_1_STEP
143,144,0,1.000,1001.000,SEQ_1_STEP
144,145,0,1.000,1001.000,SEQ_1_STEP
145,146,0,1.000,1001.000,SEQ_1_STEP
146,147,0,1.000,1001.000,SEQ_1_STEP
147,148,0,1.000,1001.000,SEQ_1_STEP
148,149,0,1.000,1001.000,SEQ_1_STEP
149,150,0,1.000,1001.000,SEQ_1_STEP
150,151,0,1.000,1001.000,SEQ_1_STEP
151,152,0,1.000,1001.000,SEQ_1_STEP
152,153,0,1.000,1001.000,SEQ_1_STEP
153,154,0,1.000,1001.000,SEQ_1_STEP
154,155,0,1.000,1001.000,SEQ_1_STEP
155,156,0,1.000,1001.000,SEQ_1_STEP
156,157,0,1.000,1001.000,SEQ_1_STEP
157,158,0,1.000,1001.000,SEQ_1_STEP
158,159,0,1.000,1001.000,SEQ_1_STEP
159,160,0,1.000,1001.000,SEQ_1_STEP
160,161,0,1.000,1001.000,SEQ_1_STEP
161,162,0,1.000,1001.000,SEQ_1_STEP
162,163,0,1.000,1001.000,SEQ_1_STEP
163,164,0,1.000,1001.000,SEQ_1_STEP
164,165,0,1.000,1001.000,SEQ_1_STEP
165,166,0,1.000,1001.000,SEQ_1_STEP
166,167,0,1.000,1001.000,SEQ_1_STEP
167,168,0,1.000,1001.000,SEQ_1_STEP
168,169,0,1.000,1001.000,SEQ_1_STEP
169,170,0,1.000,1001.000,SEQ_1_STEP
170,171,0,1.000,1001.000,SEQ_1_STEP
171,172,0,1.000,1001.000,SEQ_1_STEP
172,173,0,1.000,1001.000,SEQ_1_STEP
173,174,0,1.000,1001.000,SEQ_1_STEP
174,175,0,1.000,1001.000,SEQ_1_STEP
175,176,0,1.000,1001.000,SEQ_1_STEP
176,177,0,1.000,1001.000,SEQ_1_STEP
177,178,0,1.000,1001.000,SEQ_1_STEP
178,179,0,1.000,1001.000,SEQ_1_STEP
179,180,0,1.000,1001.000,SEQ_1_STEP
180,181,0,1.000,1001.000,SEQ_1_STEP
181,182,0,1.000,1001.000,SEQ_1_STEP
182,183,0,1.000,1001.000,SEQ_1_STEP
183,184,0,1.000,1001.000,SEQ_1_STEP
184,185,0,1.000,1001.000,SEQ_1_STEP
185,186,0,1.000,1001.000,SEQ_1_STEP
186,187,0,1.000,1001.000,SEQ_1_STEP
187,188,0,1.000,1001.000,SEQ_1_STEP
188,189,0,1.000,1001.000,SEQ_1_STEP
189,190,0,1.000,1001.000,SEQ_1_STEP
190,191,0,1.000,1001.000,SEQ_1_STEP
191,192,0,1.000,1001.000,SEQ_1_STEP
192,193,0,1.000,1001.000,SEQ_1_STEP
193,194,0,1.000,1001.000,SEQ_1_STEP
194,195,0,1.000,1001.000,SEQ_1_STEP
195,196,0,1.000,1001.000,SEQ_1_STEP
196,197,0,1.000,1001.000,SEQ_1_STEP
197,198,0,1.000,1001.000,SEQ_1_STEP
198,199,0,1.000,1001.000,SEQ_1_STEP
199,200,0,1.000,1001.000,SEQ_1_STEP
200,201,0,1.000,1001.000,SEQ_1_STEP
201,202,0,1.000,1001.000,SEQ_1_STEP
202,203,0,1.000,1001.000,SEQ_1_STEP
203,204,0,1.000,1001.000,SEQ_1_STEP
204,205,0,1.000,1001.000,SEQ_1_STEP
205,206,0,1.000,1001.000,SEQ_1_STEP
206,207,0,1.000,1001.000,SEQ_1_STEP
207,208,0,1.000,1001.000,SEQ_1_STEP
208,209,0,1.000,1001.000,SEQ_1_STEP
209,210,0,1.000,1001.000,SEQ_1_STEP
210,211,0,1.000,1001.000,SEQ_1_STEP
211,212,0,1.000,1001.000,SEQ_1_STEP
212,213,0,1.000,1001.000,SEQ_1_STEP
213,214,0,1.000,1001.000,SEQ_1_STEP
214,215,0,1.000,1001.000,SEQ_1_STEP
215,216,0,1.000,1001.000,SEQ_1_STEP
216,217,0,1.000,1001.000,SEQ_1_STEP
217,218,0,1.000,1001.000,SEQ_1_STEP
218,219,0,1.000,1001.000,SEQ_1_STEP
219,220,0,1.000,1001.000,SEQ_1_STEP
220,221,0,1.000,1001.000,SEQ_1_STEP
221,222,0,1.000,1001.000,SEQ_1_STEP
222,223,0,1.000,1001.000,SEQ_1_STEP
223,224,0,1.000,1001.000,SEQ_1_STEP
224,225,0,1.000,1001.000,SEQ_1_STEP
225,226,0,1.000,1001.000,SEQ_1_STEP
226,227,0,1.000,1001.000,SEQ_1_STEP
227,228,0,1.000,1001.000,SEQ_1_STEP
228,229,0,1.000,1001.000,SEQ_1_STEP
229,230,0,1.000,1001.000,SEQ_1_STEP
230,231,0,1.000,1001.000,SEQ_1_STEP
231,232,0,1.000,1001.000,SEQ_1_STEP
232,233,0,1.000,1001.000,SEQ_1_STEP
233,234,0,1.000,1001.000,SEQ_1_STEP
234,235,0,1.000,1001.000,SEQ_1_STEP
235,236,0,1.000,1001.000,SEQ_1_STEP
236,237,1,0.000,1.000,SEQ_1_STEP
237,238,1,0.500,501.000,SEQ_1_STEP
238,239,1,0.500,501.000,SEQ_1_STEP
239,240,1,0.500,501.000,SEQ_1_STEP
240,241,1,0.500,501.000,SEQ_1_STEP
241,242,1,0.500,501.000,SEQ_1_STEP
242,243,1,0.500,501.000,SEQ_1_STEP
243,244,1,0.500,501.000,SEQ_1_STEP
244,245,1,0.500,501.000,SEQ_1_STEP
245,246,1,0.500,501.000,SEQ_1_STEP
246,247,1,0.500,501.000,SEQ_1_STEP
247,248,1,0.500,501.000,SEQ_1_STEP
248,249,1,0.500,501.000,SEQ_1_STEP
249,250,1,0.500,501.000,SEQ_1_STEP
250,251,1,0.500,501.000,SEQ_1_STEP
251,252,1,0.500,501.000,SEQ_1_STEP
252,253,1,0.500,501.000,SEQ_1_STEP
253,254,1,0.500,501.000,SEQ_1_STEP
254,255,1,0.500,501.000,SEQ_1_STEP
255,256,1,0.500,501.000,SEQ_1_STEP
256,257,1,0.500,501.000,SEQ_1_STEP
257,258,1,0.500,501.000,SEQ_1_STEP
258,259,1,0.500,501.000,SEQ_1_STEP
259,260,1,0.500,501.000,SEQ_1_STEP
260,261,1,0.500,501.000,SEQ_1_STEP
261,262,1,0.500,501.000,SEQ_1_STEP
262,263,1,0.500,501.000,SEQ_1_STEP
263,264,1,0.500,501.000,SEQ_1_STEP
264,265,1,0.500,501.000,SEQ_1_STEP
265,266,1,0.500,501.000,SEQ_1_STEP
266,267,1,0.500,501.000,SEQ_1_STEP
267,268,1,0.500,501.000,SEQ_1_STEP
268,269,1,0.500,501.000,SEQ_1_STEP
269,270,1,0.500,501.000,SEQ_1_STEP
270,271,1,0.500,501.000,SEQ_1_STEP
271,272,1,0.500,501.000,SEQ_1_STEP
272,273,1,0.500,501.000,SEQ_1_STEP
273,274,1,0.500,501.000,SEQ_1_STEP
274,275,1,0.500,501.000,SEQ_1_STEP
275,276,1,0.500,501.000,SEQ_1_STEP
276,277,1,0.500,501.000,SEQ_1_STEP
277,278,1,0.500,501.000,SEQ_1_STEP
278,279,1,0.500,501.000,SEQ_1_STEP
279,280,1,0.500,501.000,SEQ_1_STEP
280,281,1,0.500,501.000,SEQ_1_STEP
281,282,1,0.500,501.000,SEQ_1_STEP
282,283,1,0.500,501.000,SEQ_1_STEP
283,284,1,0.500,501.000,SEQ_1_STEP
284,285,1,0.500,501.000,SEQ_1_STEP
285,286,1,0.500,501.000,SEQ_1_STEP
286,287,1,0.500,501.000,SEQ_1_STEP
287,288,1,0.500,501.000,SEQ_1_STEP
288,289,1,0.500,501.000,SEQ_1_STEP
289,290,1,0.500,501.000,SEQ_1_STEP
290,291,1,0.500,501.000,SEQ_1_STEP
291,292,1,0.500,501.000,SEQ_1_STEP
292,293,1,0.500,501.000,SEQ_1_STEP
293,294,1,0.500,501.000,SEQ_1_STEP
294,295,1,0.500,501.000,SEQ_1_STEP
295,296,1,0.500,501.000,SEQ_1_STEP
296,297,1,0.500,501.000,SEQ_1_STEP
297,298,1,0.500,501.000,SEQ_1_STEP
298,299,1,0.500,501.000,SEQ_1_STEP
299,300,1,0.500,501.000,SEQ_1_STEP
300,301,1,0.500,501.000,SEQ_1_STEP
301,302,1,0.500,501.000,SEQ_1_STEP
302,303,1,0.500,501.000,SEQ_1_STEP
303,304,1,0.500,501.000,SEQ_1_STEP
304,305,1,0.500,501.000,SEQ_1_STEP
305,306,1,0.500,501.000,SEQ_1_STEP
306,307,1,0.500,501.000,SEQ_1_STEP
307,308,1,0.500,501.000,SEQ_1_STEP
308,309,1,0.500,501.000,SEQ_1_STEP
309,310,1,0.500,501.000,SEQ_1_STEP
310,311,1,0.500,501.000,SEQ_1_STEP
311,312,1,0.500,501.000,SEQ_1_STEP
312,313,1,0.500,501.000,SEQ_1_STEP
313,314,1,0.500,501.000,SEQ_1_STEP
314,315,1,0.500,501.000,SEQ_1_STEP
315,316,1,0.500,501.000,SEQ_1_STEP
316,317,1,0.500,501.000,SEQ_1_STEP
317,318,1,0.500,501.000,SEQ_1_STEP
318,319,1,0.500,501.000,SEQ_1_STEP
319,320,1,0.500,501.000,SEQ_1_STEP
320,321,1,0.500,501.000,SEQ_1_STEP
321,322,1,0.500,501.000,SEQ_1_STEP
322,323,1,0.500,501.000,SEQ_1_STEP
323,324,1,0.500,501.000,SEQ_1_STEP
324,325,1,0.500,501.000,SEQ_1_STEP
325,326,1,0.500,501.000,SEQ_1_STEP
326,327,1,0.500,501.000,SEQ_1_STEP
327,328,1,0.500,501.000,SEQ_1_STEP
328,329,1,0.500,501.000,SEQ_1_STEP
329,330,1,0.500,501.000,SEQ_1_STEP
330,331,1,0.500,501.000,SEQ_1_STEP
331,332,1,0.500,501.000,SEQ_1_STEP
332,333,1,0.500,501.000,SEQ_1_STEP
333,334,1,0.500,501.000,SEQ_1_STEP
334,335,1,0.500,501.000,SEQ_1_STEP
335,336,1,0.500,501.000,SEQ_1_STEP
336,337,1,0.500,501.000,SEQ_1_STEP
337,338,1,0.500,501.000,SEQ_1_STEP
338,339,1,0.500,501.000,SEQ_1_STEP
339,340,1,0.500,501.000,SEQ_1_STEP
340,341,1,0.500,501.000,SEQ_1_STEP
341,342,1,0.500,501.000,SEQ_1_STEP
342,343,1,0.500,501.000,SEQ_1_STEP
343,344,1,0.500,501.000,SEQ_1_STEP
344,345,1,0.500,501.000,SEQ_1_STEP
345,346,1,0.500,501.000,SEQ_1_STEP
346,347,1,0.500,501.000,SEQ_1_STEP
347,348,1,0.500,501.000,SEQ_1_STEP
348,349,1,0.500,501.000,SEQ_1_STEP
349,350,1,0.500,501.000,SEQ_1_STEP
350,351,1,0.500,501.000,SEQ_1_STEP
351,352,1,0.500,501.000,SEQ_1_STEP
352,353,1,0.500,501.000,SEQ_1_STEP
353,354,1,0.500,501.000,SEQ_1_STEP
354,355,1,0.500,501.000,SEQ_1_STEP
355,356,1,0.500,501.000,SEQ_1_STEP
356,357,1,0.500,501.000,SEQ_1_STEP
357,358,1,0.500,501.000,SEQ_1_STEP
358,359,1,0.500,501.000,SEQ_1_STEP
359,360,1,0.500,501.000,SEQ_1_STEP
360,361,1,0.500,501.000,SEQ_1_STEP
361,362,1,0.500,501.000,SEQ_1_STEP
362,363,1,0.500,501.000,SEQ_1_STEP
363,364,1,0.500,501.000,SEQ_1_STEP
364,365,1,0.500,501.000,SEQ_1_STEP
365,366,1,0.500,501.000,SEQ_1_STEP
366,367,1,0.500,501.000,SEQ_1_STEP
367,368,1,0.500,501.000,SEQ_1_STEP
368,369,1,0.500,501.000,SEQ_1_STEP
369,370,1,0.500,501.000,SEQ_1_STEP
370,371,1,0.500,501.000,SEQ_1_STEP
371,372,1,0.500,501.000,SEQ_1_STEP
372,373,1,0.500,501.000,SEQ_1_STEP
373,374,1,0.500,501.000,SEQ_1_STEP
374,375,1,0.500,501.000,SEQ_1_STEP
375,376,1,0.500,501.000,SEQ_1_STEP
376,377,1,0.500,501.000,SEQ_1_STEP
377,378,1,0.500,501.000,SEQ_1_STEP
378,379,1,0.500,501.000,SEQ_1_STEP
379,380,1,0.500,501.000,SEQ_1_STEP
380,381,1,0.500,501.000,SEQ_1_STEP
381,382,1,0.500,501.000,SEQ_1_STEP
382,383,1,0.500,501.000,SEQ_1_STEP
383,384,1,0.500,501.000,SEQ_1_STEP
384,385,1,0.500,501.000,SEQ_1_STEP
385,386,1,0.500,501.000,SEQ_1_STEP
386,387,1,0.500,501.000,SEQ_1_STEP
387,388,1,0.500,501.000,SEQ_1_STEP
388,389,1,0.500,501.000,SEQ_1_STEP
389,390,1,0.500,501.000,SEQ_1_STEP
390,391,1,0.500,501.000,SEQ_1_STEP
391,392,1,0.500,501.000,SEQ_1_STEP
392,393,1,0.500,501.000,SEQ_1_STEP
393,394,1,0.500,501.000,SEQ_1_STEP
394,395,1,0.500,501.000,SEQ_1_STEP
395,396,1,0.500,501.000,SEQ_1_STEP
396,397,1,0.500,501.000,SEQ_1_STEP
397,398,1,0.500,501.000,SEQ_1_STEP
398,399,1,0.500,501.000,SEQ_1_STEP
399,400,1,0.500,501.000,SEQ_1_STEP
400,401,1,0.500,501.000,SEQ_1_STEP
401,402,1,0.500,501.000,SEQ_1_STEP
402,403,1,0.500,501.000,SEQ_1_STEP
403,404,1,0.500,501.000,SEQ_1_STEP
404,405,1,0.500,501.000,SEQ_1_STEP
405,406,1,0.500,501.000,SEQ_1_STEP
406,407,1,0.500,501.000,SEQ_1_STEP
407,408,1,0.500,501.000,SEQ_1_STEP
408,409,1,0.500,501.000,SEQ_1_STEP
409,410,1,0.500,501.000,SEQ_1_STEP
410,411,1,0.500,501.000,SEQ_1_STEP
411,412,1,0.500,501.000,SEQ_1_STEP
412,413,1,0.500,501.000,SEQ_1_STEP
413,414,1,0.500,501.000,SEQ_1_STEP
414,415,1,0.500,501.000,SEQ_1_STEP
415,416,1,0.500,501.000,SEQ_1_STEP
416,417,1,0.500,501.000,SEQ_1_STEP
417,418,1,0.500,501.000,SEQ_1_STEP
418,419,1,0.500,501.000,SEQ_1_STEP
419,420,1,0.500,501.000,SEQ_1_STEP
420,421,1,0.500,501.000,SEQ_1_STEP
421,422,1,0.500,501.000,SEQ_1_STEP
422,423,1,0.500,501.000,SEQ_1_STEP
423,424,1,0.500,501.000,SEQ_1_STEP
424,425,1,0.500,501.000,SEQ_1_STEP
425,426,1,0.500,501.000,SEQ_1_STEP
426,427,1,0.500,501.000,SEQ_1_STEP
427,428,1,0.500,501.000,SEQ_1_STEP
428,429,1,0.500,501.000,SEQ_1_STEP
429,430,1,0.500,501.000,SEQ_1_STEP
430,431,1,0.500,501.000,SEQ_1_STEP
431,432,1,0.500,501.000,SEQ_1_STEP
432,433,1,0.500,501.000,SEQ_1_STEP
433,434,1,0.500,501.000,SEQ_1_STEP
434,435,1,0.500,501.000,SEQ_1_STEP
435,436,1,0.500,501.000,SEQ_1_STEP
436,437,1,0.500,501.000,SEQ_1_STEP
437,438,1,0.500,501.000,SEQ_1_STEP
438,439,1,0.500,501.000,SEQ_1_STEP
439,440,1,0.500,501.000,SEQ_1_STEP
440,441,1,0.500,501.000,SEQ_1_STEP
441,442,1,0.500,501.000,SEQ_1_STEP
442,443,1,0.500,501.000,SEQ_1_STEP
443,444,1,0.500,501.000,SEQ_1_STEP
444,445,1,0.500,501.000,SEQ_1_STEP
445,446,1,0.500,501.000,SEQ_1_STEP
446,447,1,0.500,501.000,SEQ_1_STEP
447,448,1,0.500,501.000,SEQ_1_STEP
448,449,1,0.500,501.000,SEQ_1_STEP
449,450,1,0.500,501.000,SEQ_1_STEP
450,451,1,0.500,501.000,SEQ_1_STEP
451,452,1,0.500,501.000,SEQ_1_STEP
452,453,1,0.500,501.000,SEQ_1_STEP
453,454,1,0.500,501.000,SEQ_1_STEP
454,455,1,0.500,501.000,SEQ_1_STEP
455,456,1,0.500,501.000,SEQ_1_STEP
456,457,1,0.500,501.000,SEQ_1_STEP
457,458,1,0.500,501.000,SEQ_1_STEP
458,459,1,0.500,501.000,SEQ_1_STEP
459,460,1,0.500,501.000,SEQ_1_STEP
460,461,1,0.500,501.000,SEQ_1_STEP
461,462,1,0.500,501.000,SEQ_1_STEP
462,463,1,0.500,501.000,SEQ_1_STEP
463,464,1,0.500,501.000,SEQ_1_STEP
464,465,1,0.500,501.000,SEQ_1_STEP
465,466,1,0.500,501.000,SEQ_1_STEP
466,467,1,0.500,501.000,SEQ_1_STEP
467,468,1,0.500,501.000,SEQ_1_STEP
468,469,1,0.500,501.000,SEQ_1_STEP
469,470,1,0.500,501.000,SEQ_1_STEP
470,471,1,0.500,501.000,SEQ_1_STEP
471,472,1,0.500,501.000,SEQ_1_STEP
472,473,1,0.500,501.000,SEQ_1_STEP
473,474,1,0.000,1.000,SEQ_1_STEP
474,475,0,1.000,1001.000,SEQ_1_STEP
475,476,0,1.000,1001.000,SEQ_1_STEP
476,477,0,1.000,1001.000,SEQ_1_STEP
477,478,0,1.000,1001.000,SEQ_1_STEP
478,479,0,1.000,1001.000,SEQ_1_STEP
479,480,0,1.000,1001.000,SEQ_1_STEP
480,481,0,1.000,1001.000,SEQ_1_STEP
481,482,0,1.000,1001.000,SEQ_1_STEP
482,483,0,1.000,1001.000,SEQ_1_STEP
483,484,0,1.000,1001.000,SEQ_1_STEP
484,485,0,1.000,1001.000,SEQ_1_STEP
485,486,0,1.000,1001.000,SEQ_1_STEP
486,487,0,1.000,1001.000,SEQ_1_STEP
487,488,0,1.000,1001.000,SEQ_1_STEP
488,489,0,1.000,1001.000,SEQ_1_STEP
489,490,0,1.000,1001.000,SEQ_1_STEP
490,491,0,1.000,1001.000,SEQ_1_STEP
491,492,0,1.000,1001.000,SEQ_1_STEP
492,493,0,1.000,1001.000,SEQ_1_STEP
493,494,0,1.000,1001.000,SEQ_1_STEP
494,495,0,1.000,1001.000,SEQ_1_STEP
495,496,0,1.000,1001.000,SEQ_1_STEP
496,497,0,1.000,1001.000,SEQ_1_STEP
497,498,0,1.000,1001.000,SEQ_1_STEP
498,499,0,1.000,1001.000,SEQ_1_STEP
499,500,0,1.000,1001.000,SEQ_1_STEP
500,501,0,1.000,1001.000,SEQ_1_STEP
501,502,0,1.000,1001.000,SEQ_1_STEP
502,503,0,1.000,1001.000,SEQ_1_STEP
503,504,0,1.000,1001.000,SEQ_1_STEP
504,505,0,1.000,1001.000,SEQ_1_STEP
505,506,0,1.000,1001.000,SEQ_1_STEP
506,507,0,1.000,1001.000,SEQ_1_STEP
507,508,8,0.000,1.000,SEQ_1_STEP
508,509,8,0.111,112.111,SEQ_1_STEP
509,510,6,0.143,143.857,SEQ_1_STEP
510,511,6,0.000,1.000,SEQ_1_STEP
511,512,2,0.000,1.000,SEQ_1_STEP
512,513,2,0.000,1.000,SEQ_1_STEP
513,514,0,1.000,1001.000,SEQ_1_STEP
514,515,6,0.000,1.000,SEQ_1_STEP
515,516,6,0.000,1.000,SEQ_1_STEP
516,517,1,0.000,1.000,SEQ_1_STEP
517,518,1,0.000,1.000,SEQ_1_STEP
518,519,0,1.000,1001.000,SEQ_1_STEP
519,520,0,1.000,1001.000,SEQ_1_STEP
520,521,1,0.000,1.000,SEQ_1_STEP
521,522,2,0.333,334.333,SEQ_1_STEP
522,523,2,0.333,334.333,SEQ_1_STEP
523,524,1,0.000,1.000,SEQ_1_STEP
524,525,2,0.000,1.000,SEQ_1_STEP
525,526,8,0.200,201.000,SEQ_1_STEP
526,527,8,0.000,1.000,SEQ_1_STEP
527,528,1,0.000,1.000,SEQ_1_STEP
528,529,5,0.167,167.667,SEQ_1_STEP
529,530,5,0.000,1.000,SEQ_1_STEP
530,531,0,1.000,1001.000,SEQ_1_STEP
531,532,0,1.000,1001.000,SEQ_1_STEP
532,533,0,1.000,1001.000,SEQ_1_STEP
533,534,0,1.000,1001.000,SEQ_1_STEP
534,535,0,1.000,1001.000,SEQ_1_STEP
535,536,0,1.000,1001.000,SEQ_1_STEP
536,537,5,0.000,1.000,SEQ_1_STEP
537,538,5,0.000,1.000,SEQ_1_STEP
538,539,10,0.000,1.000,SEQ_1_STEP
539,540,10,0.167,167.667,SEQ_1_STEP
540,541,2,0.500,501.000,SEQ_1_STEP
541,542,5,0.286,286.714,SEQ_1_STEP
542,543,6,0.571,572.429,SEQ_1_STEP
543,544,9,0.182,182.818,SEQ_1_STEP
544,545,2,0.000,1.000,SEQ_1_STEP
545,546,0,1.000,1001.000,SEQ_1_STEP
546,547,0,1.000,1001.000,SEQ_1_STEP
547,548,10,0.000,1.000,SEQ_1_STEP
548,549,10,0.167,167.667,SEQ_1_STEP
549,550,7,0.222,223.222,SEQ_1_STEP
550,551,7,0.222,223.222,SEQ_1_STEP
551,552,12,0.143,143.857,SEQ_1_STEP
552,553,12,0.000,1.000,SEQ_1_STEP
553,554,0,1.000,1001.000,SEQ_1_STEP
554,555,0,1.000,1001.000,SEQ_1_STEP
555,556,0,1.000,1001.000,SEQ_1_STEP
556,557,2,0.000,1.000,SEQ_1_STEP
557,558,2,0.333,334.333,SEQ_1_STEP
558,559,2,0.333,334.333,SEQ_1_STEP
559,560,24,0.077,77.923,SEQ_1_STEP
560,561,24,0.143,143.857,SEQ_1_STEP
561,562,15,0.211,211.526,SEQ_1_STEP
562,563,15,0.118,118.647,SEQ_1_STEP
563,564,13,0.133,134.333,SEQ_1_STEP
564,565,13,0.133,134.333,SEQ_1_STEP
565,566,5,0.286,286.714,SEQ_1_STEP
566,567,5,0.000,1.000,SEQ_1_STEP
567,568,2,0.000,1.000,SEQ_1_STEP
568,569,2,0.333,334.333,SEQ_1_STEP
569,570,2,0.333,334.333,SEQ_1_STEP
570,571,21,0.087,87.957,SEQ_1_STEP
571,572,20,0.231,231.769,SEQ_1_STEP
572,573,5,0.286,286.714,SEQ_1_STEP
573,574,2,0.500,501.000,SEQ_1_STEP
574,575,2,0.000,1.000,SEQ_1_STEP
575,576,1,0.000,1.000,SEQ_1_STEP
576,577,1,0.000,1.000,SEQ_1_STEP
577,578,0,1.000,1001.000,SEQ_1_STEP
578,579,0,1.000,1001.000,SEQ_1_STEP
579,580,0,1.000,1001.000,SEQ_1_STEP
580,581,2,0.000,1.000,SEQ_1_STEP
581,582,2,0.000,1.000,SEQ_1_STEP
582,583,0,1.000,1001.000,SEQ_1_STEP
583,584,0,1.000,1001.000,SEQ_1_STEP
584,585,0,1.000,1001.000,SEQ_1_STEP
585,586,1,0.000,1.000,SEQ_1_STEP
586,587,6,0.143,143.857,SEQ_1_STEP
587,588,6,0.000,1.000,SEQ_1_STEP
588,589,0,1.000,1001.000,SEQ_1_STEP
589,590,0,1.000,1001.000,SEQ_1_STEP
590,591,0,1.000,1001.000,SEQ_1_STEP
591,592,0,1.000,1001.000,SEQ_1_STEP
592,593,0,1.000,1001.000,SEQ_1_STEP
593,594,1,0.000,1.000,SEQ_1_STEP
594,595,4,0.333,334.333,SEQ_1_STEP
595,596,5,0.000,1.000,SEQ_1_STEP
596,597,14,0.000,1.000,SEQ_1_STEP
597,598,14,0.000,1.000,SEQ_1_STEP
598,599,41,0.000,1.000,SEQ_1_STEP
599,600,41,0.000,1.000,SEQ_1_STEP
600,601,0,1.000,1001.000,SEQ_1_STEP
601,602,23,0.000,1.000,SEQ_1_STEP
602,603,23,0.000,1.000,SEQ_1_STEP
603,604,2,0.000,1.000,SEQ_1_STEP
604,605,16,0.158,158.895,SEQ_1_STEP
605,606,16,0.500,501.000,SEQ_1_STEP
606,607,26,0.519,519.519,SEQ_1_STEP
607,608,39,0.000,1.000,SEQ_1_STEP
608,609,0,1.000,1001.000,SEQ_1_STEP
609,610,2,0.000,1.000,SEQ_1_STEP
610,611,2,0.333,334.333,SEQ_1_STEP
611,612,1,0.500,501.000,SEQ_1_STEP
612,613,7,0.125,126.000,SEQ_1_STEP
613,614,7,0.000,1.000,SEQ_1_STEP
614,615,1,0.000,1.000,SEQ_1_STEP
615,616,1,0.500,501.000,SEQ_1_STEP
616,617,1,0.000,1.000,SEQ_1_STEP
617,618,0,1.000,1001.000,SEQ_1_STEP
618,619,0,1.000,1001.000,SEQ_1_STEP
619,620,0,1.000,1001.000,SEQ_1_STEP
620,621,0,1.000,1001.000,SEQ_1_STEP
621,622,1,0.000,1.000,SEQ_1_STEP
622,623,4,0.200,201.000,SEQ_1_STEP
623,624,4,0.200,201.000,SEQ_1_STEP
624,625,3,0.250,251.000,SEQ_1_STEP
625,626,3,0.000,1.000,SEQ_1_STEP
626,627,0,1.000,1001.000,SEQ_1_STEP
627,628,0,1.000,1001.000,SEQ_1_STEP
628,629,0,1.000,1001.000,SEQ_1_STEP
629,630,0,1.000,1001.000,SEQ_1_STEP
630,631,10,0.000,1.000,SEQ_1_STEP
631,632,10,0.000,1.000,SEQ_1_STEP
632,633,0,1.000,1001.000,SEQ_1_STEP
633,634,0,1.000,1001.000,SEQ_1_STEP
634,635,2,0.000,1.000,SEQ_1_STEP
635,636,2,0.000,1.000,SEQ_1_STEP
636,637,0,1.000,1001.000,SEQ_1_STEP
637,638,0,1.000,1001.000,SEQ_1_STEP
638,639,3,0.000,1.000,SEQ_1_STEP
639,640,1,0.833,834.333,SEQ_1_STEP
640,641,3,0.500,501.000,SEQ_1_STEP
641,642,2,0.667,667.667,SEQ_1_STEP
642,643,3,0.000,1.000,SEQ_1_STEP
643,644,0,1.000,1001.000,SEQ_1_STEP
644,645,0,1.000,1001.000,SEQ_1_STEP
645,646,0,1.000,1001.000,SEQ_1_STEP
646,647,0,1.000,1001.000,SEQ_1_STEP
647,648,1,0.000,1.000,SEQ_1_STEP
648,649,1,0.500,501.000,SEQ_1_STEP
649,650,1,0.000,1.000,SEQ_1_STEP
650,651,2,0.000,1.000,SEQ_1_STEP
651,652,28,0.067,67.667,SEQ_1_STEP
652,653,19,0.537,537.585,SEQ_1_STEP
653,654,12,0.143,143.857,SEQ_1_STEP
654,655,11,0.154,154.846,SEQ_1_STEP
655,656,53,0.197,197.970,SEQ_1_STEP
656,657,18,0.800,801.000,SEQ_1_STEP
657,658,30,0.531,532.250,SEQ_1_STEP
658,659,18,0.526,527.316,SEQ_1_STEP
659,660,9,0.438,438.500,SEQ_1_STEP
660,661,8,0.429,429.571,SEQ_1_STEP
661,662,18,0.357,358.143,SEQ_1_STEP
662,663,11,0.656,657.250,SEQ_1_STEP
663,664,12,0.143,143.857,SEQ_1_STEP
664,665,1,0.750,751.000,SEQ_1_STEP
665,666,1,0.750,751.000,SEQ_1_STEP
666,667,2,0.000,1.000,SEQ_1_STEP
667,668,0,1.000,1001.000,SEQ_1_STEP
668,669,0,1.000,1001.000,SEQ_1_STEP
669,670,5,0.000,1.000,SEQ_1_STEP
670,671,5,0.500,501.000,SEQ_1_STEP
671,672,10,0.333,334.333,SEQ_1_STEP
672,673,10,0.000,1.000,SEQ_1_STEP
673,674,0,1.000,1001.000,SEQ_1_STEP
674,675,20,0.000,1.000,SEQ_1_STEP
675,676,20,0.231,231.769,SEQ_1_STEP
676,677,6,0.000,1.000,SEQ_1_STEP
677,678,0,1.000,1001.000,SEQ_1_STEP
678,679,0,1.000,1001.000,SEQ_1_STEP
679,680,2,0.000,1.000,SEQ_1_STEP
680,681,6,0.250,251.000,SEQ_1_STEP
681,682,6,0.000,1.000,SEQ_1_STEP
682,683,0,1.000,1001.000,SEQ_1_STEP
683,684,0,1.000,1001.000,SEQ_1_STEP
684,685,4,0.000,1.000,SEQ_1_STEP
685,686,2,0.750,751.000,SEQ_1_STEP
686,687,4,0.000,1.000,SEQ_1_STEP
687,688,0,1.000,1001.000,SEQ_1_STEP
688,689,0,1.000,1001.000,SEQ_1_STEP
689,690,1,0.000,1.000,SEQ_1_STEP
690,691,1,0.000,1.000,SEQ_1_STEP
691,692,2,0.000,1.000,SEQ_1_STEP
692,693,2,0.500,501.000,SEQ_1_STEP
693,694,4,0.333,334.333,SEQ_1_STEP
694,695,4,0.500,501.000,SEQ_1_STEP
695,696,4,0.333,334.333,SEQ_1_STEP
696,697,28,0.067,67.667,SEQ_1_STEP
697,698,28,0.000,1.000,SEQ_1_STEP
698,699,8,0.000,1.000,SEQ_1_STEP
699,700,8,0.200,201.000,SEQ_1_STEP
700,701,0,1.000,1001.000,SEQ_1_STEP
701,702,2,0.333,334.333,SEQ_1_STEP
702,703,1,0.500,501.000,SEQ_1_STEP
703,704,1,0.500,501.000,SEQ_1_STEP
704,705,1,0.500,501.000,SEQ_1_STEP
705,706,1,0.500,501.000,SEQ_1_STEP
706,707,1,0.500,501.000,SEQ_1_STEP
707,708,1,0.500,501.000,SEQ_1_STEP
708,709,1,0.500,501.000,SEQ_1_STEP
709,710,1,0.500,501.000,SEQ_1_STEP
710,711,1,0.500,501.000,SEQ_1_STEP
711,712,1,0.500,501.000,SEQ_1_STEP
712,713,1,0.500,501.000,SEQ_1_STEP
713,714,1,0.500,501.000,SEQ_1_STEP
714,715,1,0.500,501.000,SEQ_1_STEP
715,716,1,0.500,501.000,SEQ_1_STEP
716,717,1,0.500,501.000,SEQ_1_STEP
717,718,1,0.500,501.000,SEQ_1_STEP
718,719,1,0.500,501.000,SEQ_1_STEP
719,720,1,0.500,501.000,SEQ_1_STEP
720,721,1,0.500,501.000,SEQ_1_STEP
721,722,1,0.500,501.000,SEQ_1_STEP
722,723,1,0.500,501.000,SEQ_1_STEP
723,724,1,0.500,501.000,SEQ_1_STEP
724,725,1,0.500,501.000,SEQ_1_STEP
725,726,1,0.500,501.000,SEQ_1_STEP
726,727,1,0.500,501.000,SEQ_1_STEP
727,728,1,0.500,501.000,SEQ_1_STEP
728,729,1,0.500,501.000,SEQ_1_STEP
729,730,1,0.500,501.000,SEQ_1_STEP
730,731,1,0.500,501.000,SEQ_1_STEP
731,732,1,0.500,501.000,SEQ_1_STEP
732,733,1,0.500,501.000,SEQ_1_STEP
733,734,1,0.500,501.000,SEQ_1_STEP
734,735,1,0.500,501.000,SEQ_1_STEP
735,736,1,0.500,501.000,SEQ_1_STEP
736,737,1,0.500,501.000,SEQ_1_STEP
737,738,1,0.500,501.000,SEQ_1_STEP
738,739,1,0.500,501.000,SEQ_1_STEP
739,740,1,0.500,501.000,SEQ_1_STEP
740,741,1,0.500,501.000,SEQ_1_STEP
741,742,1,0.500,501.000,SEQ_1_STEP
742,743,1,0.500,501.000,SEQ_1_STEP
743,744,1,0.500,501.000,SEQ_1_STEP
744,745,1,0.500,501.000,SEQ_1_STEP
745,746,1,0.500,501.000,SEQ_1_STEP
746,747,1,0.500,501.000,SEQ_1_STEP
747,748,1,0.500,501.000,SEQ_1_STEP
748,749,1,0.500,501.000,SEQ_1_STEP
749,750,1,0.500,501.000,SEQ_1_STEP
750,751,1,0.500,501.000,SEQ_1_STEP
751,752,1,0.500,501.000,SEQ_1_STEP
752,753,1,0.500,501.000,SEQ_1_STEP
753,754,1,0.500,501.000,SEQ_1_STEP
754,755,1,0.500,501.000,SEQ_1_STEP
755,756,1,0.500,501.000,SEQ_1_STEP
756,757,1,0.500,501.000,SEQ_1_STEP
757,758,1,0.500,501.000,SEQ_1_STEP
758,759,1,0.500,501.000,SEQ_1_STEP
759,760,1,0.500,501.000,SEQ_1_STEP
760,761,1,0.500,501.000,SEQ_1_STEP
761,762,1,0.500,501.000,SEQ_1_STEP
762,763,1,0.500,501.000,SEQ_1_STEP
763,764,1,0.500,501.000,SEQ_1_STEP
764,765,1,0.500,501.000,SEQ_1_STEP
765,766,1,0.500,501.000,SEQ_1_STEP
766,767,1,0.500,501.000,SEQ_1_STEP
767,768,1,0.500,501.000,SEQ_1_STEP
768,769,1,0.500,501.000,SEQ_1_STEP
769,770,1,0.500,501.000,SEQ_1_STEP
770,771,1,0.500,501.000,SEQ_1_STEP
771,772,1,0.500,501.000,SEQ_1_STEP
772,773,1,0.500,501.000,SEQ_1_STEP
773,774,1,0.500,501.000,SEQ_1_STEP
774,775,1,0.500,501.000,SEQ_1_STEP
775,776,1,0.500,501.000,SEQ_1_STEP
776,777,1,0.500,501.000,SEQ_1_STEP
777,778,1,0.500,501.000,SEQ_1_STEP
778,779,1,0.500,501.000,SEQ_1_STEP
779,780,1,0.500,501.000,SEQ_1_STEP
780,781,1,0.500,501.000,SEQ_1_STEP
781,782,1,0.500,501.000,SEQ_1_STEP
782,783,1,0.500,501.000,SEQ_1_STEP
783,784,1,0.500,501.000,SEQ_1_STEP
784,785,1,0.500,501.000,SEQ_1_STEP
785,786,1,0.500,501.000,SEQ_1_STEP
786,787,1,0.500,501.000,SEQ_1_STEP
787,788,1,0.500,501.000,SEQ_1_STEP
788,789,1,0.500,501.000,SEQ_1_STEP
789,790,1,0.500,501.000,SEQ_1_STEP
790,791,1,0.500,501.000,SEQ_1_STEP
791,792,1,0.500,501.000,SEQ_1_STEP
792,793,1,0.500,501.000,SEQ_1_STEP
793,794,1,0.500,501.000,SEQ_1_STEP
794,795,1,0.500,501.000,SEQ_1_STEP
795,796,1,0.500,501.000,SEQ_1_STEP
796,797,1,0.500,501.000,SEQ_1_STEP
797,798,1,0.500,501.000,SEQ_1_STEP
798,799,1,0.500,501.000,SEQ_1_STEP
799,800,1,0.500,501.000,SEQ_1_STEP
800,801,1,0.500,501.000,SEQ_1_STEP
801,802,1,0.500,501.000,SEQ_1_STEP
802,803,1,0.500,501.000,SEQ_1_STEP
803,804,1,0.500,501.000,SEQ_1_STEP
804,805,1,0.500,501.000,SEQ_1_STEP
805,806,1,0.500,501.000,SEQ_1_STEP
806,807,1,0.500,501.000,SEQ_1_STEP
807,808,1,0.500,501.000,SEQ_1_STEP
808,809,1,0.500,501.000,SEQ_1_STEP
809,810,1,0.500,501.000,SEQ_1_STEP
810,811,1,0.500,501.000,SEQ_1_STEP
811,812,1,0.500,501.000,SEQ_1_STEP
812,813,1,0.500,501.000,SEQ_1_STEP
813,814,1,0.500,501.000,SEQ_1_STEP
814,815,1,0.500,501.000,SEQ_1_STEP
815,816,1,0.500,501.000,SEQ_1_STEP
816,817,1,0.500,501.000,SEQ_1_STEP
817,818,1,0.500,501.000,SEQ_1_STEP
818,819,1,0.500,501.000,SEQ_1_STEP
819,820,1,0.500,501.000,SEQ_1_STEP
820,821,1,0.500,501.000,SEQ_1_STEP
821,822,1,0.500,501.000,SEQ_1_STEP
822,823,1,0.500,501.000,SEQ_1_STEP
823,824,1,0.500,501.000,SEQ_1_STEP
824,825,1,0.500,501.000,SEQ_1_STEP
825,826,1,0.500,501.000,SEQ_1_STEP
826,827,1,0.500,501.000,SEQ_1_STEP
827,828,1,0.500,501.000,SEQ_1_STEP
828,829,1,0.500,501.000,SEQ_1_STEP
829,830,1,0.500,501.000,SEQ_1_STEP
830,831,1,0.500,501.000,SEQ_1_STEP
831,832,1,0.500,501.000,SEQ_1_STEP
832,833,1,0.500,501.000,SEQ_1_STEP
833,834,1,0.500,501.000,SEQ_1_STEP
834,835,1,0.500,501.000,SEQ_1_STEP
835,836,1,0.500,501.000,SEQ_1_STEP
836,837,1,0.500,501.000,SEQ_1_STEP
837,838,1,0.500,501.000,SEQ_1_STEP
838,839,1,0.500,501.000,SEQ_1_STEP
839,840,1,0.500,501.000,SEQ_1_STEP
840,841,1,0.500,501.000,SEQ_1_STEP
841,842,1,0.500,501.000,SEQ_1_STEP
842,843,1,0.500,501.000,SEQ_1_STEP
843,844,1,0.500,501.000,SEQ_1_STEP
844,845,1,0.500,501.000,SEQ_1_STEP
845,846,1,0.500,501.000,SEQ_1_STEP
846,847,1,0.500,501.000,SEQ_1_STEP
847,848,1,0.500,501.000,SEQ_1_STEP
848,849,1,0.500,501.000,SEQ_1_STEP
849,850,1,0.500,501.000,SEQ_1_STEP
850,851,1,0.500,501.000,SEQ_1_STEP
851,852,1,0.500,501.000,SEQ_1_STEP
852,853,1,0.500,501.000,SEQ_1_STEP
853,854,1,0.500,501.000,SEQ_1_STEP
854,855,1,0.500,501.000,SEQ_1_STEP
855,856,1,0.500,501.000,SEQ_1_STEP
856,857,1,0.500,501.000,SEQ_1_STEP
857,858,1,0.500,501.000,SEQ_1_STEP
858,859,1,0.500,501.000,SEQ_1_STEP
859,860,1,0.500,501.000,SEQ_1_STEP
860,861,1,0.500,501.000,SEQ_1_STEP
861,862,1,0.500,501.000,SEQ_1_STEP
862,863,1,0.500,501.000,SEQ_1_STEP
863,864,1,0.500,501.000,SEQ_1_STEP
864,865,1,0.500,501.000,SEQ_1_STEP
865,866,1,0.500,501.000,SEQ_1_STEP
866,867,1,0.500,501.000,SEQ_1_STEP
867,868,1,0.500,501.000,SEQ_1_STEP
868,869,1,0.500,501.000,SEQ_1_STEP
869,870,1,0.500,501.000,SEQ_1_STEP
870,871,1,0.500,501.000,SEQ_1_STEP
871,872,1,0.500,501.000,SEQ_1_STEP
872,873,1,0.500,501.000,SEQ_1_STEP
873,874,1,0.500,501.000,SEQ_1_STEP
874,875,1,0.500,501.000,SEQ_1_STEP
875,876,1,0.500,501.000,SEQ_1_STEP
876,877,1,0.500,501.000,SEQ_1_STEP
877,878,1,0.500,501.000,SEQ_1_STEP
878,879,1,0.500,501.000,SEQ_1_STEP
879,880,1,0.500,501.000,SEQ_1_STEP
880,881,1,0.500,501.000,SEQ_1_STEP
881,882,1,0.500,501.000,SEQ_1_STEP
882,883,1,0.500,501.000,SEQ_1_STEP
883,884,1,0.500,501.000,SEQ_1_STEP
884,885,1,0.500,501.000,SEQ_1_STEP
885,886,1,0.500,501.000,SEQ_1_STEP
886,887,1,0.500,501.000,SEQ_1_STEP
887,888,1,0.500,501.000,SEQ_1_STEP
888,889,1,0.500,501.000,SEQ_1_STEP
889,890,1,0.500,501.000,SEQ_1_STEP
890,891,1,0.500,501.000,SEQ_1_STEP
891,892,1,0.500,501.000,SEQ_1_STEP
892,893,1,0.500,501.000,SEQ_1_STEP
893,894,1,0.500,501.000,SEQ_1_STEP
894,895,1,0.500,501.000,SEQ_1_STEP
895,896,1,0.500,501.000,SEQ_1_STEP
896,897,1,0.500,501.000,SEQ_1_STEP
897,898,1,0.500,501.000,SEQ_1_STEP
898,899,1,0.500,501.000,SEQ_1_STEP
899,900,1,0.500,501.000,SEQ_1_STEP
900,901,1,0.500,501.000,SEQ_1_STEP
901,902,1,0.500,501.000,SEQ_1_STEP
902,903,1,0.500,501.000,SEQ_1_STEP
903,904,1,0.500,501.000,SEQ_1_STEP
904,905,1,0.500,501.000,SEQ_1_STEP
905,906,1,0.500,501.000,SEQ_1_STEP
906,907,1,0.500,501.000,SEQ_1_STEP
907,908,1,0.500,501.000,SEQ_1_STEP
908,909,1,0.500,501.000,SEQ_1_STEP
909,910,1,0.500,501.000,SEQ_1_STEP
910,911,1,0.500,501.000,SEQ_1_STEP
911,912,1,0.500,501.000,SEQ_1_STEP
912,913,1,0.500,501.000,SEQ_1_STEP
913,914,1,0.500,501.000,SEQ_1_STEP
914,915,1,0.500,501.000,SEQ_1_STEP
915,916,1,0.500,501.000,SEQ_1_STEP
916,917,1,0.500,501.000,SEQ_1_STEP
917,918,1,0.500,501.000,SEQ_1_STEP
918,919,1,0.500,501.000,SEQ_1_STEP
919,920,1,0.500,501.000,SEQ_1_STEP
920,921,1,0.500,501.000,SEQ_1_STEP
921,922,1,0.500,501.000,SEQ_1_STEP
922,923,1,0.500,501.000,SEQ_1_STEP
923,924,1,0.500,501.000,SEQ_1_STEP
924,925,1,0.500,501.000,SEQ_1_STEP
925,926,1,0.500,501.000,SEQ_1_STEP
926,927,1,0.500,501.000,SEQ_1_STEP
927,928,1,0.500,501.000,SEQ_1_STEP
928,929,2,0.333,334.333,SEQ_1_STEP
929,930,2,0.000,1.000,SEQ_1_STEP
930,931,0,1.000,1001.000,SEQ_1_STEP
931,932,3,0.000,1.000,SEQ_1_STEP
932,933,3,0.500,501.000,SEQ_1_STEP
933,934,3,0.500,501.000,SEQ_1_STEP
934,935,3,0.500,501.000,SEQ_1_STEP
935,936,10,0.231,231.769,SEQ_1_STEP
936,937,10,0.167,167.667,SEQ_1_STEP
937,938,2,0.500,501.000,SEQ_1_STEP
938,939,2,0.500,501.000,SEQ_1_STEP
939,940,3,0.400,401.000,SEQ_1_STEP
940,941,9,0.250,251.000,SEQ_1_STEP
941,942,9,0.182,182.818,SEQ_1_STEP
942,943,18,0.100,101.000,SEQ_1_STEP
943,944,18,0.500,501.000,SEQ_1_STEP
944,945,18,0.379,380.310,SEQ_1_STEP
945,946,11,0.000,1.000,SEQ_1_STEP
946,947,38,0.000,1.000,SEQ_1_STEP
947,948,38,0.000,1.000,SEQ_1_STEP
948,949,0,1.000,1001.000,SEQ_1_STEP
949,950,18,0.000,1.000,SEQ_1_STEP
950,951,17,0.553,553.632,SEQ_1_STEP
951,952,20,0.000,1.000,SEQ_1_STEP
952,953,1,0.000,1.000,SEQ_1_STEP
953,954,1,0.500,501.000,SEQ_1_STEP
954,955,1,0.500,501.000,SEQ_1_STEP
955,956,1,0.500,501.000,SEQ_1_STEP
956,957,1,0.500,501.000,SEQ_1_STEP
957,958,1,0.500,501.000,SEQ_1_STEP
958,959,1,0.500,501.000,SEQ_1_STEP
959,960,1,0.500,501.000,SEQ_1_STEP
960,961,1,0.500,501.000,SEQ_1_STEP
961,962,1,0.500,501.000,SEQ_1_STEP
962,963,1,0.000,1.000,SEQ_1_STEP
963,964,0,1.000,1001.000,SEQ_1_STEP
964,965,0,1.000,1001.000,SEQ_1_STEP
965,966,0,1.000,1001.000,SEQ_1_STEP
966,967,1,0.000,1.000,SEQ_1_STEP
967,968,2,0.333,334.333,SEQ_1_STEP
968,969,2,0.000,1.000,SEQ_1_STEP
969,970,1,0.000,1.000,SEQ_1_STEP
970,971,1,0.000,1.000,SEQ_1_STEP
971,972,1,0.000,1.000,SEQ_1_STEP
972,973,1,0.000,1.000,SEQ_1_STEP
973,974,0,1.000,1001.000,SEQ_1_STEP
974,975,4,0.000,1.000,SEQ_1_STEP
975,976,5,0.444,445.444,SEQ_1_STEP
976,977,5,0.000,1.000,SEQ_1_STEP
977,978,2,0.000,1.000,SEQ_1_STEP
978,979,0,1.000,1001.000,SEQ_1_STEP
979,980,2,0.333,334.333,SEQ_1_STEP
980,981,1,0.500,501.000,SEQ_1_STEP
981,982,1,0.500,501.000,SEQ_1_STEP
982,983,1,0.500,501.000,SEQ_1_STEP
983,984,1,0.500,501.000,SEQ_1_STEP
984,985,1,0.500,501.000,SEQ_1_STEP
985,986,1,0.500,501.000,SEQ_1_STEP
986,987,1,0.000,1.000,SEQ_1_STEP
987,988,1,0.000,1.000,SEQ_1_STEP
988,989,0,1.000,1001.000,SEQ_1_STEP
989,990,1,0.000,1.000,SEQ_1_STEP
990,991,0,1.000,1001.000,SEQ_1_STEP
991,992,1,0.000,1.000,SEQ_1_STEP
992,993,1,0.500,501.000,SEQ_1_STEP
993,994,1,0.500,501.000,SEQ_1_STEP
994,995,1,0.000,1.000,SEQ_1_STEP
995,996,1,0.000,1.000,SEQ_1_STEP
996,997,1,0.500,501.000,SEQ_1_STEP
997,998,1,0.500,501.000,SEQ_1_STEP
998,999,1,0.000,1.000,SEQ_1_STEP
999,1000,1,0.000,1.000,SEQ_1_STEP
1000,1001,1,0.000,1.000,SEQ_1_STEP
1001,1002,1,0.000,1.000,SEQ_1_STEP
1002,1003,1,0.500,501.000,SEQ_1_STEP
1003,1004,1,0.500,501.000,SEQ_1_STEP
1004,1005,14,0.067,67.667,SEQ_1_STEP
1005,1006,14,0.000,1.000,SEQ_1_STEP
1006,1007,0,1.000,1001.000,SEQ_1_STEP
1007,1008,0,1.000,1001.000,SEQ_1_STEP
1008,1009,1,0.000,1.000,SEQ_1_STEP
1009,1010,1,0.000,1.000,SEQ_1_STEP
1010,1011,3,0.000,1.000,SEQ_1_STEP
1011,1012,3,0.250,251.000,SEQ_1_STEP
1012,1013,1,0.500,501.000,SEQ_1_STEP
1013,1014,1,0.500,501.000,SEQ_1_STEP
1014,1015,1,0.500,501.000,SEQ_1_STEP
1015,1016,1,0.500,501.000,SEQ_1_STEP
1016,1017,1,0.500,501.000,SEQ_1_STEP
1017,1018,1,0.500,501.000,SEQ_1_STEP
1018,1019,3,0.250,251.000,SEQ_1_STEP
1019,1020,0,1.000,1001.000,SEQ_1_STEP
1020,1021,23,0.148,149.148,SEQ_1_STEP
1021,1022,24,0.077,77.923,SEQ_1_STEP
1022,1023,5,0.286,286.714,SEQ_1_STEP
1023,1024,5,0.286,286.714,SEQ_1_STEP
1024,1025,2,0.000,1.000,SEQ_1_STEP
1025,1026,15,0.000,1.000,SEQ_1_STEP
1026,1027,14,0.300,301.000,SEQ_1_STEP
1027,1028,5,0.167,167.667,SEQ_1_STEP
1028,1029,1,0.500,501.000,SEQ_1_STEP
1029,1030,1,0.500,501.000,SEQ_1_STEP
1030,1031,1,0.000,1.000,SEQ_1_STEP
1031,1032,3,0.000,1.000,SEQ_1_STEP
1032,1033,1,0.833,834.333,SEQ_1_STEP
1033,1034,3,0.400,401.000,SEQ_1_STEP
1034,1035,2,0.333,334.333,SEQ_1_STEP
1035,1036,1,0.500,501.000,SEQ_1_STEP
1036,1037,1,0.500,501.000,SEQ_1_STEP
1037,1038,1,0.500,501.000,SEQ_1_STEP
1038,1039,1,0.500,501.000,SEQ_1_STEP
1039,1040,1,0.500,501.000,SEQ_1_STEP
1040,1041,1,0.500,501.000,SEQ_1_STEP
1041,1042,1,0.500,501.000,SEQ_1_STEP
1042,1043,1,0.500,501.000,SEQ_1_STEP
1043,1044,1,0.500,501.000,SEQ_1_STEP
1044,1045,20,0.048,48.619,SEQ_1_STEP
1045,1046,18,0.609,609.696,SEQ_1_STEP
1046,1047,25,0.138,138.931,SEQ_1_STEP
1047,1048,21,0.125,126.000,SEQ_1_STEP
1048,1049,21,0.045,46.455,SEQ_1_STEP
1049,1050,1,0.500,501.000,SEQ_1_STEP
1050,1051,1,0.500,501.000,SEQ_1_STEP
1051,1052,1,0.500,501.000,SEQ_1_STEP
1052,1053,1,0.500,501.000,SEQ_1_STEP
1053,1054,1,0.500,501.000,SEQ_1_STEP
1054,1055,1,0.500,501.000,SEQ_1_STEP
1055,1056,1,0.500,501.000,SEQ_1_STEP
1056,1057,1,0.500,501.000,SEQ_1_STEP
1057,1058,1,0.500,501.000,SEQ_1_STEP
1058,1059,1,0.500,501.000,SEQ_1_STEP
1059,1060,1,0.500,501.000,SEQ_1_STEP
1060,1061,1,0.500,501.000,SEQ_1_STEP
1061,1062,1,0.500,501.000,SEQ_1_STEP
1062,1063,1,0.500,501.000,SEQ_1_STEP
1063,1064,1,0.500,501.000,SEQ_1_STEP
1064,1065,1,0.500,501.000,SEQ_1_STEP
1065,1066,1,0.500,501.000,SEQ_1_STEP
1066,1067,1,0.500,501.000,SEQ_1_STEP
1067,1068,1,0.500,501.000,SEQ_1_STEP
1068,1069,1,0.500,501.000,SEQ_1_STEP
1069,1070,1,0.500,501.000,SEQ_1_STEP
1070,1071,1,0.500,501.000,SEQ_1_STEP
1071,1072,1,0.500,501.000,SEQ_1_STEP
1072,1073,1,0.500,501.000,SEQ_1_STEP
1073,1074,1,0.500,501.000,SEQ_1_STEP
1074,1075,1,0.500,501.000,SEQ_1_STEP
1075,1076,1,0.500,501.000,SEQ_1_STEP
1076,1077,1,0.500,501.000,SEQ_1_STEP
1077,1078,1,0.500,501.000,SEQ_1_STEP
1078,1079,1,0.500,501.000,SEQ_1_STEP
1079,1080,1,0.500,501.000,SEQ_1_STEP
1080,1081,1,0.500,501.000,SEQ_1_STEP
1081,1082,1,0.500,501.000,SEQ_1_STEP
1082,1083,1,0.500,501.000,SEQ_1_STEP
1083,1084,1,0.500,501.000,SEQ_1_STEP
1084,1085,1,0.500,501.000,SEQ_1_STEP
1085,1086,1,0.500,501.000,SEQ_1_STEP
1086,1087,1,0.500,501.000,SEQ_1_STEP
1087,1088,1,0.500,501.000,SEQ_1_STEP
1088,1089,1,0.500,501.000,SEQ_1_STEP
1089,1090,1,0.500,501.000,SEQ_1_STEP
1090,1091,1,0.500,501.000,SEQ_1_STEP
1091,1092,1,0.500,501.000,SEQ_1_STEP
1092,1093,1,0.500,501.000,SEQ_1_STEP
1093,1094,1,0.500,501.000,SEQ_1_STEP
1094,1095,1,0.000,1.000,SEQ_1_STEP
1095,1096,2,0.000,1.000,SEQ_1_STEP
1096,1097,2,0.000,1.000,SEQ_1_STEP
1097,1098,7,0.000,1.000,SEQ_1_STEP
1098,1099,7,0.000,1.000,SEQ_1_STEP
1099,1100,0,1.000,1001.000,SEQ_1_STEP
1100,1101,2,0.000,1.000,SEQ_1_STEP
1101,1102,2,0.000,1.000,SEQ_1_STEP
1102,1103,2,0.000,1.000,SEQ_1_STEP
1103,1104,2,0.000,1.000,SEQ_1_STEP
1104,1105,2,0.000,1.000,SEQ_1_STEP
1105,1106,2,0.000,1.000,SEQ_1_STEP
1106,1107,4,0.000,1.000,SEQ_1_STEP
1107,1108,4,0.000,1.000,SEQ_1_STEP
1108,1109,2,0.000,1.000,SEQ_1_STEP
1109,1110,4,0.333,334.333,SEQ_1_STEP
1110,1111,4,0.000,1.000,SEQ_1_STEP
1111,1112,0,1.000,1001.000,SEQ_1_STEP
1112,1113,2,0.000,1.000,SEQ_1_STEP
1113,1114,0,1.000,1001.000,SEQ_1_STEP
1114,1115,2,0.000,1.000,SEQ_1_STEP
1115,1116,0,1.000,1001.000,SEQ_1_STEP
1116,1117,4,0.000,1.000,SEQ_1_STEP
1117,1118,2,0.667,667.667,SEQ_1_STEP
1118,1119,0,1.000,1001.000,SEQ_1_STEP
1119,1120,2,0.000,1.000,SEQ_1_STEP
1120,1121,0,1.000,1001.000,SEQ_1_STEP
1121,1122,1,0.000,1.000,SEQ_1_STEP
1122,1123,1,0.500,501.000,SEQ_1_STEP
1123,1124,1,0.500,501.000,SEQ_1_STEP
1124,1125,1,0.500,501.000,SEQ_1_STEP
1125,1126,1,0.500,501.000,SEQ_1_STEP
1126,1127,1,0.500,501.000,SEQ_1_STEP
1127,1128,1,0.500,501.000,SEQ_1_STEP
1128,1129,1,0.500,501.000,SEQ_1_STEP
1129,1130,1,0.500,501.000,SEQ_1_STEP
1130,1131,1,0.500,501.000,SEQ_1_STEP
1131,1132,1,0.500,501.000,SEQ_1_STEP
1132,1133,1,0.500,501.000,SEQ_1_STEP
1133,1134,1,0.500,501.000,SEQ_1_STEP
1134,1135,1,0.500,501.000,SEQ_1_STEP
1135,1136,1,0.500,501.000,SEQ_1_STEP
1136,1137,1,0.500,501.000,SEQ_1_STEP
1137,1138,1,0.000,1.000,SEQ_1_STEP
1138,1139,1,0.000,1.000,SEQ_1_STEP
1139,1140,1,0.500,501.000,SEQ_1_STEP
1140,1141,1,0.500,501.000,SEQ_1_STEP
1141,1142,1,0.500,501.000,SEQ_1_STEP
1142,1143,1,0.500,501.000,SEQ_1_STEP
1143,1144,1,0.500,501.000,SEQ_1_STEP
1144,1145,1,0.500,501.000,SEQ_1_STEP
1145,1146,1,0.000,1.000,SEQ_1_STEP
1146,1147,0,1.000,1001.000,SEQ_1_STEP
1147,1148,0,1.000,1001.000,SEQ_1_STEP
1148,1149,0,1.000,1001.000,SEQ_1_STEP
1149,1150,0,1.000,1001.000,SEQ_1_STEP
1150,1151,0,1.000,1001.000,SEQ_1_STEP
1151,1152,0,1.000,1001.000,SEQ_1_STEP
1152,1153,0,1.000,1001.000,SEQ_1_STEP
1153,1154,0,1.000,1001.000,SEQ_1_STEP
1154,1155,0,1.000,1001.000,SEQ_1_STEP
1155,1156,0,1.000,1001.000,SEQ_1_STEP
1156,1157,0,1.000,1001.000,SEQ_1_STEP
1157,1158,0,1.000,1001.000,SEQ_1_STEP
1158,1159,0,1.000,1001.000,SEQ_1_STEP
1159,1160,0,1.000,1001.000,SEQ_1_STEP
1160,1161,0,1.000,1001.000,SEQ_1_STEP
1161,1162,0,1.000,1001.000,SEQ_1_STEP
1162,1163,0,1.000,1001.000,SEQ_1_STEP
1163,1164,0,1.000,1001.000,SEQ_1_STEP
1164,1165,0,1.000,1001.000,SEQ_1_STEP
1165,1166,0,1.000,1001.000,SEQ_1_STEP
1166,1167,0,1.000,1001.000,SEQ_1_STEP
1167,1168,0,1.000,1001.000,SEQ_1_STEP
1168,1169,0,1.000,1001.000,SEQ_1_STEP
1169,1170,0,1.000,1001.000,SEQ_1_STEP
1170,1171,0,1.000,1001.000,SEQ_1_STEP
1171,1172,0,1.000,1001.000,SEQ_1_STEP
1172,1173,0,1.000,1001.000,SEQ_1_STEP
1173,1174,1,0.000,1.000,SEQ_1_STEP
1174,1175,1,0.500,501.000,SEQ_1_STEP
1175,1176,1,0.500,501.000,SEQ_1_STEP
1176,1177,1,0.500,501.000,SEQ_1_STEP
1177,1178,1,0.500,501.000,SEQ_1_STEP
1178,1179,1,0.500,501.000,SEQ_1_STEP
1179,1180,1,0.500,501.000,SEQ_1_STEP
1180,1181,1,0.500,501.000,SEQ_1_STEP
1181,1182,1,0.500,501.000,SEQ_1_STEP
1182,1183,1,0.500,501.000,SEQ_1_STEP
1183,1184,1,0.500,501.000,SEQ_1_STEP
1184,1185,1,0.500,501.000,SEQ_1_STEP
1185,1186,1,0.500,501.000,SEQ_1_STEP
1186,1187,1,0.500,501.000,SEQ_1_STEP
1187,1188,1,0.500,501.000,SEQ_1_STEP
1188,1189,1,0.500,501.000,SEQ_1_STEP
1189,1190,1,0.500,501.000,SEQ_1_STEP
1190,1191,1,0.500,501.000,SEQ_1_STEP
1191,1192,1,0.500,501.000,SEQ_1_STEP
1192,1193,1,0.500,501.000,SEQ_1_STEP
1193,1194,1,0.500,501.000,SEQ_1_STEP
1194,1195,1,0.500,501.000,SEQ_1_STEP
1,3,0,1.000,1001.000,SEQ_2_STEP
2,4,0,1.000,1001.000,SEQ_2_STEP
3,5,0,1.000,1001.000,SEQ_2_STEP
4,6,0,1.000,1001.000,SEQ_2_STEP
5,7,0,1.000,1001.000,SEQ_2_STEP
6,8,0,1.000,1001.000,SEQ_2_STEP
7,9,0,1.000,1001.000,SEQ_2_STEP
8,10,0,1.000,1001.000,SEQ_2_STEP
9,11,0,1.000,1001.000,SEQ_2_STEP
10,12,0,1.000,1001.000,SEQ_2_STEP
11,13,0,1.000,1001.000,SEQ_2_STEP
12,14,0,1.000,1001.000,SEQ_2_STEP
13,15,0,1.000,1001.000,SEQ_2_STEP
14,16,0,1.000,1001.000,SEQ_2_STEP
15,17,0,1.000,1001.000,SEQ_2_STEP
16,18,0,1.000,1001.000,SEQ_2_STEP
17,19,0,1.000,1001.000,SEQ_2_STEP
18,20,0,1.000,1001.000,SEQ_2_STEP
19,21,0,1.000,1001.000,SEQ_2_STEP
20,22,0,1.000,1001.000,SEQ_2_STEP
21,23,0,1.000,1001.000,SEQ_2_STEP
22,24,0,1.000,1001.000,SEQ_2_STEP
23,25,0,1.000,1001.000,SEQ_2_STEP
24,26,0,1.000,1001.000,SEQ_2_STEP
25,27,0,1.000,1001.000,SEQ_2_STEP
26,28,0,1.000,1001.000,SEQ_2_STEP
27,29,0,1.000,1001.000,SEQ_2_STEP
28,30,0,1.000,1001.000,SEQ_2_STEP
29,31,0,1.000,1001.000,SEQ_2_STEP
30,32,0,1.000,1001.000,SEQ_2_STEP
31,33,0,1.000,1001.000,SEQ_2_STEP
32,34,0,1.000,1001.000,SEQ_2_STEP
33,35,0,1.000,1001.000,SEQ_2_STEP
34,36,0,1.000,1001.000,SEQ_2_STEP
35,37,0,1.000,1001.000,SEQ_2_STEP
36,38,0,1.000,1001.000,SEQ_2_STEP
37,39,0,1.000,1001.000,SEQ_2_STEP
38,40,0,1.000,1001.000,SEQ_2_STEP
39,41,0,1.000,1001.000,SEQ_2_STEP
40,42,0,1.000,1001.000,SEQ_2_STEP
41,43,0,1.000,1001.000,SEQ_2_STEP
42,44,0,1.000,1001.000,SEQ_2_STEP
43,45,0,1.000,1001.000,SEQ_2_STEP
44,46,0,1.000,1001.000,SEQ_2_STEP
45,47,0,1.000,1001.000,SEQ_2_STEP
46,48,0,1.000,1001.000,SEQ_2_STEP
47,49,0,1.000,1001.000,SEQ_2_STEP
48,50,0,1.000,1001.000,SEQ_2_STEP
49,51,0,1.000,1001.000,SEQ_2_STEP
50,52,0,1.000,1001.000,SEQ_2_STEP
51,53,0,1.000,1001.000,SEQ_2_STEP
52,54,0,1.000,1001.000,SEQ_2_STEP
53,55,0,1.000,1001.000,SEQ_2_STEP
54,56,0,1.000,1001.000,SEQ_2_STEP
55,57,0,1.000,1001.000,SEQ_2_STEP
56,58,0,1.000,1001.000,SEQ_2_STEP
57,59,0,1.000,1001.000,SEQ_2_STEP
58,60,0,1.000,1001.000,SEQ_2_STEP
59,61,0,1.000,1001.000,SEQ_2_STEP
60,62,0,1.000,1001.000,SEQ_2_STEP
61,63,0,1.000,1001.000,SEQ_2_STEP
62,64,0,1.000,1001.000,SEQ_2_STEP
63,65,0,1.000,1001.000,SEQ_2_STEP
64,66,0,1.000,1001.000,SEQ_2_STEP
65,67,0,1.000,1001.000,SEQ_2_STEP
66,68,0,1.000,1001.000,SEQ_2_STEP
67,69,0,1.000,1001.000,SEQ_2_STEP
68,70,0,1.000,1001.000,SEQ_2_STEP
69,71,0,1.000,1001.000,SEQ_2_STEP
70,72,0,1.000,1001.000,SEQ_2_STEP
71,73,0,1.000,1001.000,SEQ_2_STEP
72,74,0,1.000,1001.000,SEQ_2_STEP
73,75,0,1.000,1001.000,SEQ_2_STEP
74,76,0,1.000,1001.000,SEQ_2_STEP
75,77,0,1.000,1001.000,SEQ_2_STEP
76,78,0,1.000,1001.000,SEQ_2_STEP
77,79,0,1.000,1001.000,SEQ_2_STEP
78,80,0,1.000,1001.000,SEQ_2_STEP
79,81,0,1.000,1001.000,SEQ_2_STEP
80,82,0,1.000,1001.000,SEQ_2_STEP
81,83,0,1.000,1001.000,SEQ_2_STEP
82,84,0,1.000,1001.000,SEQ_2_STEP
83,85,0,1.000,1001.000,SEQ_2_STEP
84,86,0,1.000,1001.000,SEQ_2_STEP
85,87,0,1.000,1001.000,SEQ_2_STEP
86,88,0,1.000,1001.000,SEQ_2_STEP
87,89,0,1.000,1001.000,SEQ_2_STEP
88,90,0,1.000,1001.000,SEQ_2_STEP
89,91,0,1.000,1001.000,SEQ_2_STEP
90,92,0,1.000,1001.000,SEQ_2_STEP
91,93,0,1.000,1001.000,SEQ_2_STEP
92,94,0,1.000,1001.000,SEQ_2_STEP
93,95,0,1.000,1001.000,SEQ_2_STEP
94,96,0,1.000,1001.000,SEQ_2_STEP
95,97,0,1.000,1001.000,SEQ_2_STEP
96,98,0,1.000,1001.000,SEQ_2_STEP
97,99,0,1.000,1001.000,SEQ_2_STEP
98,100,0,1.000,1001.000,SEQ_2_STEP
99,101,0,1.000,1001.000,SEQ_2_STEP
100,102,0,1.000,1001.000,SEQ_2_STEP
101,103,0,1.000,1001.000,SEQ_2_STEP
102,104,0,1.000,1001.000,SEQ_2_STEP
103,105,0,1.000,1001.000,SEQ_2_STEP
104,106,0,1.000,1001.000,SEQ_2_STEP
105,107,0,1.000,1001.000,SEQ_2_STEP
106,108,0,1.000,1001.000,SEQ_2_STEP
107,109,0,1.000,1001.000,SEQ_2_STEP
108,110,0,1.000,1001.000,SEQ_2_STEP
109,111,0,1.000,1001.000,SEQ_2_STEP
110,112,0,1.000,1001.000,SEQ_2_STEP
111,113,0,1.000,1001.000,SEQ_2_STEP
112,114,0,1.000,1001.000,SEQ_2_STEP
113,115,0,1.000,1001.000,SEQ_2_STEP
114,116,0,1.000,1001.000,SEQ_2_STEP
115,117,0,1.000,1001.000,SEQ_2_STEP
116,118,0,1.000,1001.000,SEQ_2_STEP
117,119,0,1.000,1001.000,SEQ_2_STEP
118,120,0,1.000,1001.000,SEQ_2_STEP
119,121,0,1.000,1001.000,SEQ_2_STEP
120,122,0,1.000,1001.000,SEQ_2_STEP
121,123,0,1.000,1001.000,SEQ_2_STEP
122,124,0,1.000,1001.000,SEQ_2_STEP
123,125,0,1.000,1001.000,SEQ_2_STEP
124,126,0,1.000,1001.000,SEQ_2_STEP
125,127,0,1.000,1001.000,SEQ_2_STEP
126,128,0,1.000,1001.000,SEQ_2_STEP
127,129,0,1.000,1001.000,SEQ_2_STEP
128,130,0,1.000,1001.000,SEQ_2_STEP
129,131,0,1.000,1001.000,SEQ_2_STEP
130,132,0,1.000,1001.000,SEQ_2_STEP
131,133,0,1.000,1001.000,SEQ_2_STEP
132,134,0,1.000,1001.000,SEQ_2_STEP
133,135,0,1.000,1001.000,SEQ_2_STEP
134,136,0,1.000,1001.000,SEQ_2_STEP
135,137,0,1.000,1001.000,SEQ_2_STEP
136,138,0,1.000,1001.000,SEQ_2_STEP
137,139,0,1.000,1001.000,SEQ_2_STEP
138,140,0,1.000,1001.000,SEQ_2_STEP
139,141,0,1.000,1001.000,SEQ_2_STEP
140,142,0,1.000,1001.000,SEQ_2_STEP
141,143,0,1.000,1001.000,SEQ_2_STEP
142,144,0,1.000,1001.000,SEQ_2_STEP
143,145,0,1.000,1001.000,SEQ_2_STEP
144,146,0,1.000,1001.000,SEQ_2_STEP
145,147,0,1.000,1001.000,SEQ_2_STEP
146,148,0,1.000,1001.000,SEQ_2_STEP
147,149,0,1.000,1001.000,SEQ_2_STEP
148,150,0,1.000,1001.000,SEQ_2_STEP
149,151,0,1.000,1001.000,SEQ_2_STEP
150,152,0,1.000,1001.000,SEQ_2_STEP
151,153,0,1.000,1001.000,SEQ_2_STEP
152,154,0,1.000,1001.000,SEQ_2_STEP
153,155,0,1.000,1001.000,SEQ_2_STEP
154,156,0,1.000,1001.000,SEQ_2_STEP
155,157,0,1.000,1001.000,SEQ_2_STEP
156,158,0,1.000,1001.000,SEQ_2_STEP
157,159,0,1.000,1001.000,SEQ_2_STEP
158,160,0,1.000,1001.000,SEQ_2_STEP
159,161,0,1.000,1001.000,SEQ_2_STEP
160,162,0,1.000,1001.000,SEQ_2_STEP
161,163,0,1.000,1001.000,SEQ_2_STEP
162,164,0,1.000,1001.000,SEQ_2_STEP
163,165,0,1.000,1001.000,SEQ_2_STEP
164,166,0,1.000,1001.000,SEQ_2_STEP
165,167,0,1.000,1001.000,SEQ_2_STEP
166,168,0,1.000,1001.000,SEQ_2_STEP
167,169,0,1.000,1001.000,SEQ_2_STEP
168,170,0,1.000,1001.000,SEQ_2_STEP
169,171,0,1.000,1001.000,SEQ_2_STEP
170,172,0,1.000,1001.000,SEQ_2_STEP
171,173,0,1.000,1001.000,SEQ_2_STEP
172,174,0,1.000,1001.000,SEQ_2_STEP
173,175,0,1.000,1001.000,SEQ_2_STEP
174,176,0,1.000,1001.000,SEQ_2_STEP
175,177,0,1.000,1001.000,SEQ_2_STEP
176,178,0,1.000,1001.000,SEQ_2_STEP
177,179,0,1.000,1001.000,SEQ_2_STEP
178,180,0,1.000,1001.000,SEQ_2_STEP
179,181,0,1.000,1001.000,SEQ_2_STEP
180,182,0,1.000,1001.000,SEQ_2_STEP
181,183,0,1.000,1001.000,SEQ_2_STEP
182,184,0,1.000,1001.000,SEQ_2_STEP
183,185,0,1.000,1001.000,SEQ_2_STEP
184,186,0,1.000,1001.000,SEQ_2_STEP
185,187,0,1.000,1001.000,SEQ_2_STEP
186,188,0,1.000,1001.000,SEQ_2_STEP
187,189,0,1.000,1001.000,SEQ_2_STEP
188,190,0,1.000,1001.000,SEQ_2_STEP
189,191,0,1.000,1001.000,SEQ_2_STEP
190,192,0,1.000,1001.000,SEQ_2_STEP
191,193,0,1.000,1001.000,SEQ_2_STEP
192,194,0,1.000,1001.000,SEQ_2_STEP
193,195,0,1.000,1001.000,SEQ_2_STEP
194,196,0,1.000,1001.000,SEQ_2_STEP
195,197,0,1.000,1001.000,SEQ_2_STEP
196,198,0,1.000,1001.000,SEQ_2_STEP
197,199,0,1.000,1001.000,SEQ_2_STEP
198,200,0,1.000,1001.000,SEQ_2_STEP
199,201,0,1.000,1001.000,SEQ_2_STEP
200,202,0,1.000,1001.000,SEQ_2_STEP
201,203,0,1.000,1001.000,SEQ_2_STEP
202,204,0,1.000,1001.000,SEQ_2_STEP
203,205,0,1.000,1001.000,SEQ_2_STEP
204,206,0,1.000,1001.000,SEQ_2_STEP
205,207,0,1.000,1001.000,SEQ_2_STEP
206,208,0,1.000,1001.000,SEQ_2_STEP
207,209,0,1.000,1001.000,SEQ_2_STEP
208,210,0,1.000,1001.000,SEQ_2_STEP
209,211,0,1.000,1001.000,SEQ_2_STEP
210,212,0,1.000,1001.000,SEQ_2_STEP
211,213,0,1.000,1001.000,SEQ_2_STEP
212,214,0,1.000,1001.000,SEQ_2_STEP
213,215,0,1.000,1001.000,SEQ_2_STEP
214,216,0,1.000,1001.000,SEQ_2_STEP
215,217,0,1.000,1001.000,SEQ_2_STEP
216,218,0,1.000,1001.000,SEQ_2_STEP
217,219,0,1.000,1001.000,SEQ_2_STEP
218,220,0,1.000,1001.000,SEQ_2_STEP
219,221,0,1.000,1001.000,SEQ_2_STEP
220,222,0,1.000,1001.000,SEQ_2_STEP
221,223,0,1.000,1001.000,SEQ_2_STEP
222,224,0,1.000,1001.000,SEQ_2_STEP
223,225,0,1.000,1001.000,SEQ_2_STEP
224,226,0,1.000,1001.000,SEQ_2_STEP
225,227,0,1.000,1001.000,SEQ_2_STEP
226,228,0,1.000,1001.000,SEQ_2_STEP
227,229,0,1.000,1001.000,SEQ_2_STEP
228,230,0,1.000,1001.000,SEQ_2_STEP
229,231,0,1.000,1001.000,SEQ_2_STEP
230,232,0,1.000,1001.000,SEQ_2_STEP
231,233,0,1.000,1001.000,SEQ_2_STEP
232,234,0,1.000,1001.000,SEQ_2_STEP
233,235,0,1.000,1001.000,SEQ_2_STEP
234,236,0,1.000,1001.000,SEQ_2_STEP
235,237,1,0.000,1.000,SEQ_2_STEP
236,238,1,0.000,1.000,SEQ_2_STEP
237,239,1,0.500,501.000,SEQ_2_STEP
238,240,1,0.500,501.000,SEQ_2_STEP
239,241,1,0.500,501.000,SEQ_2_STEP
240,242,1,0.500,501.000,SEQ_2_STEP
241,243,1,0.500,501.000,SEQ_2_STEP
242,244,1,0.500,501.000,SEQ_2_STEP
243,245,1,0.500,501.000,SEQ_2_STEP
244,246,1,0.500,501.000,SEQ_2_STEP
245,247,1,0.500,501.000,SEQ_2_STEP
246,248,1,0.500,501.000,SEQ_2_STEP
247,249,1,0.500,501.000,SEQ_2_STEP
248,250,1,0.500,501.000,SEQ_2_STEP
249,251,1,0.500,501.000,SEQ_2_STEP
250,252,1,0.500,501.000,SEQ_2_STEP
251,253,1,0.500,501.000,SEQ_2_STEP
252,254,1,0.500,501.000,SEQ_2_STEP
253,255,1,0.500,501.000,SEQ_2_STEP
254,256,1,0.500,501.000,SEQ_2_STEP
255,257,1,0.500,501.000,SEQ_2_STEP
256,258,1,0.500,501.000,SEQ_2_STEP
257,259,1,0.500,501.000,SEQ_2_STEP
258,260,1,0.500,501.000,SEQ_2_STEP
259,261,1,0.500,501.000,SEQ_2_STEP
260,262,1,0.500,501.000,SEQ_2_STEP
261,263,1,0.500,501.000,SEQ_2_STEP
262,264,1,0.500,501.000,SEQ_2_STEP
263,265,1,0.500,501.000,SEQ_2_STEP
264,266,1,0.500,501.000,SEQ_2_STEP
265,267,1,0.500,501.000,SEQ_2_STEP
266,268,1,0.500,501.000,SEQ_2_STEP
267,269,1,0.500,501.000,SEQ_2_STEP
268,270,1,0.500,501.000,SEQ_2_STEP
269,271,1,0.500,501.000,SEQ_2_STEP
270,272,1,0.500,501.000,SEQ_2_STEP
271,273,1,0.500,501.000,SEQ_2_STEP
272,274,1,0.500,501.000,SEQ_2_STEP
273,275,1,0.500,501.000,SEQ_2_STEP
274,276,1,0.500,501.000,SEQ_2_STEP
275,277,1,0.500,501.000,SEQ_2_STEP
276,278,1,0.500,501.000,SEQ_2_STEP
277,279,1,0.500,501.000,SEQ_2_STEP
278,280,1,0.500,501.000,SEQ_2_STEP
279,281,1,0.500,501.000,SEQ_2_STEP
280,282,1,0.500,501.000,SEQ_2_STEP
281,283,1,0.500,501.000,SEQ_2_STEP
282,284,1,0.500,501.000,SEQ_2_STEP
283,285,1,0.500,501.000,SEQ_2_STEP
284,286,1,0.500,501.000,SEQ_2_STEP
285,287,1,0.500,501.000,SEQ_2_STEP
286,288,1,0.500,501.000,SEQ_2_STEP
287,289,1,0.500,501.000,SEQ_2_STEP
288,290,1,0.500,501.000,SEQ_2_STEP
289,291,1,0.500,501.000,SEQ_2_STEP
290,292,1,0.500,501.000,SEQ_2_STEP
291,293,1,0.500,501.000,SEQ_2_STEP
292,294,1,0.500,501.000,SEQ_2_STEP
293,295,1,0.500,501.000,SEQ_2_STEP
294,296,1,0.500,501.000,SEQ_2_STEP
295,297,1,0.500,501.000,SEQ_2_STEP
296,298,1,0.500,501.000,SEQ_2_STEP
297,299,1,0.500,501.000,SEQ_2_STEP
298,300,1,0.500,501.000,SEQ_2_STEP
299,301,1,0.500,501.000,SEQ_2_STEP
300,302,1,0.500,501.000,SEQ_2_STEP
301,303,1,0.500,501.000,SEQ_2_STEP
302,304,1,0.500,501.000,SEQ_2_STEP
303,305,1,0.500,501.000,SEQ_2_STEP
304,306,1,0.500,501.000,SEQ_2_STEP
305,307,1,0.500,501.000,SEQ_2_STEP
306,308,1,0.500,501.000,SEQ_2_STEP
307,309,1,0.500,501.000,SEQ_2_STEP
308,310,1,0.500,501.000,SEQ_2_STEP
309,311,1,0.500,501.000,SEQ_2_STEP
310,312,1,0.500,501.000,SEQ_2_STEP
311,313,1,0.500,501.000,SEQ_2_STEP
312,314,1,0.500,501.000,SEQ_2_STEP
313,315,1,0.500,501.000,SEQ_2_STEP
314,316,1,0.500,501.000,SEQ_2_STEP
315,317,1,0.500,501.000,SEQ_2_STEP
316,318,1,0.500,501.000,SEQ_2_STEP
317,319,1,0.500,501.000,SEQ_2_STEP
318,320,1,0.500,501.000,SEQ_2_STEP
319,321,1,0.500,501.000,SEQ_2_STEP
320,322,1,0.500,501.000,SEQ_2_STEP
321,323,1,0.500,501.000,SEQ_2_STEP
322,324,1,0.500,501.000,SEQ_2_STEP
323,325,1,0.500,501.000,SEQ_2_STEP
324,326,1,0.500,501.000,SEQ_2_STEP
325,327,1,0.500,501.000,SEQ_2_STEP
326,328,1,0.500,501.000,SEQ_2_STEP
327,329,1,0.500,501.000,SEQ_2_STEP
328,330,1,0.500,501.000,SEQ_2_STEP
329,331,1,0.500,501.000,SEQ_2_STEP
330,332,1,0.500,501.000,SEQ_2_STEP
331,333,1,0.500,501.000,SEQ_2_STEP
332,334,1,0.500,501.000,SEQ_2_STEP
333,335,1,0.500,501.000,SEQ_2_STEP
334,336,1,0.500,501.000,SEQ_2_STEP
335,337,1,0.500,501.000,SEQ_2_STEP
336,338,1,0.500,501.000,SEQ_2_STEP
337,339,1,0.500,501.000,SEQ_2_STEP
338,340,1,0.500,501.000,SEQ_2_STEP
339,341,1,0.500,501.000,SEQ_2_STEP
340,342,1,0.500,501.000,SEQ_2_STEP
341,343,1,0.500,501.000,SEQ_2_STEP
342,344,1,0.500,501.000,SEQ_2_STEP
343,345,1,0.500,501.000,SEQ_2_STEP
344,346,1,0.500,501.000,SEQ_2_STEP
345,347,1,0.500,501.000,SEQ_2_STEP
346,348,1,0.500,501.000,SEQ_2_STEP
347,349,1,0.500,501.000,SEQ_2_STEP
348,350,1,0.500,501.000,SEQ_2_STEP
349,351,1,0.500,501.000,SEQ_2_STEP
350,352,1,0.500,501.000,SEQ_2_STEP
351,353,1,0.500,501.000,SEQ_2_STEP
352,354,1,0.500,501.000,SEQ_2_STEP
353,355,1,0.500,501.000,SEQ_2_STEP
354,356,1,0.500,501.000,SEQ_2_STEP
355,357,1,0.500,501.000,SEQ_2_STEP
356,358,1,0.500,501.000,SEQ_2_STEP
357,359,1,0.500,501.000,SEQ_2_STEP
358,360,1,0.500,501.000,SEQ_2_STEP
359,361,1,0.500,501.000,SEQ_2_STEP
360,362,1,0.500,501.000,SEQ_2_STEP
361,363,1,0.500,501.000,SEQ_2_STEP
362,364,1,0.500,501.000,SEQ_2_STEP
363,365,1,0.500,501.000,SEQ_2_STEP
364,366,1,0.500,501.000,SEQ_2_STEP
365,367,1,0.500,501.000,SEQ_2_STEP
366,368,1,0.500,501.000,SEQ_2_STEP
367,369,1,0.500,501.000,SEQ_2_STEP
368,370,1,0.500,501.000,SEQ_2_STEP
369,371,1,0.500,501.000,SEQ_2_STEP
370,372,1,0.500,501.000,SEQ_2_STEP
371,373,1,0.500,501.000,SEQ_2_STEP
372,374,1,0.500,501.000,SEQ_2_STEP
373,375,1,0.500,501.000,SEQ_2_STEP
374,376,1,0.500,501.000,SEQ_2_STEP
375,377,1,0.500,501.000,SEQ_2_STEP
376,378,1,0.500,501.000,SEQ_2_STEP
377,379,1,0.500,501.000,SEQ_2_STEP
378,380,1,0.500,501.000,SEQ_2_STEP
379,381,1,0.500,501.000,SEQ_2_STEP
380,382,1,0.500,501.000,SEQ_2_STEP
381,383,1,0.500,501.000,SEQ_2_STEP
382,384,1,0.500,501.000,SEQ_2_STEP
383,385,1,0.500,501.000,SEQ_2_STEP
384,386,1,0.500,501.000,SEQ_2_STEP
385,387,1,0.500,501.000,SEQ_2_STEP
386,388,1,0.500,501.000,SEQ_2_STEP
387,389,1,0.500,501.000,SEQ_2_STEP
388,390,1,0.500,501.000,SEQ_2_STEP
389,391,1,0.500,501.000,SEQ_2_STEP
390,392,1,0.500,501.000,SEQ_2_STEP
391,393,1,0.500,501.000,SEQ_2_STEP
392,394,1,0.500,501.000,SEQ_2_STEP
393,395,1,0.500,501.000,SEQ_2_STEP
394,396,1,0.500,501.000,SEQ_2_STEP
395,397,1,0.500,501.000,SEQ_2_STEP
396,398,1,0.500,501.000,SEQ_2_STEP
397,399,1,0.500,501.000,SEQ_2_STEP
398,400,1,0.500,501.000,SEQ_2_STEP
399,401,1,0.500,501.000,SEQ_2_STEP
400,402,1,0.500,501.000,SEQ_2_STEP
401,403,1,0.500,501.000,SEQ_2_STEP
402,404,1,0.500,501.000,SEQ_2_STEP
403,405,1,0.500,501.000,SEQ_2_STEP
404,406,1,0.500,501.000,SEQ_2_STEP
405,407,1,0.500,501.000,SEQ_2_STEP
406,408,1,0.500,501.000,SEQ_2_STEP
407,409,1,0.500,501.000,SEQ_2_STEP
408,410,1,0.500,501.000,SEQ_2_STEP
409,411,1,0.500,501.000,SEQ_2_STEP
410,412,1,0.500,501.000,SEQ_2_STEP
411,413,1,0.500,501.000,SEQ_2_STEP
412,414,1,0.500,501.000,SEQ_2_STEP
413,415,1,0.500,501.000,SEQ_2_STEP
414,416,1,0.500,501.000,SEQ_2_STEP
415,417,1,0.500,501.000,SEQ_2_STEP
416,418,1,0.500,501.000,SEQ_2_STEP
417,419,1,0.500,501.000,SEQ_2_STEP
418,420,1,0.500,501.000,SEQ_2_STEP
419,421,1,0.500,501.000,SEQ_2_STEP
420,422,1,0.500,501.000,SEQ_2_STEP
421,423,1,0.500,501.000,SEQ_2_STEP
422,424,1,0.500,501.000,SEQ_2_STEP
423,425,1,0.500,501.000,SEQ_2_STEP
424,426,1,0.500,501.000,SEQ_2_STEP
425,427,1,0.500,501.000,SEQ_2_STEP
426,428,1,0.500,501.000,SEQ_2_STEP
427,429,1,0.500,501.000,SEQ_2_STEP
428,430,1,0.500,501.000,SEQ_2_STEP
429,431,1,0.500,501.000,SEQ_2_STEP
430,432,1,0.500,501.000,SEQ_2_STEP
431,433,1,0.500,501.000,SEQ_2_STEP
432,434,1,0.500,501.000,SEQ_2_STEP
433,435,1,0.500,501.000,SEQ_2_STEP
434,436,1,0.500,501.000,SEQ_2_STEP
435,437,1,0.500,501.000,SEQ_2_STEP
436,438,1,0.500,501.000,SEQ_2_STEP
437,439,1,0.500,501.000,SEQ_2_STEP
438,440,1,0.500,501.000,SEQ_2_STEP
439,441,1,0.500,501.000,SEQ_2_STEP
440,442,1,0.500,501.000,SEQ_2_STEP
441,443,1,0.500,501.000,SEQ_2_STEP
442,444,1,0.500,501.000,SEQ_2_STEP
443,445,1,0.500,501.000,SEQ_2_STEP
444,446,1,0.500,501.000,SEQ_2_STEP
445,447,1,0.500,501.000,SEQ_2_STEP
446,448,1,0.500,501.000,SEQ_2_STEP
447,449,1,0.500,501.000,SEQ_2_STEP
448,450,1,0.500,501.000,SEQ_2_STEP
449,451,1,0.500,501.000,SEQ_2_STEP
450,452,1,0.500,501.000,SEQ_2_STEP
451,453,1,0.500,501.000,SEQ_2_STEP
452,454,1,0.500,501.000,SEQ_2_STEP
453,455,1,0.500,501.000,SEQ_2_STEP
454,456,1,0.500,501.000,SEQ_2_STEP
455,457,1,0.500,501.000,SEQ_2_STEP
456,458,1,0.500,501.000,SEQ_2_STEP
457,459,1,0.500,501.000,SEQ_2_STEP
458,460,1,0.500,501.000,SEQ_2_STEP
459,461,1,0.500,501.000,SEQ_2_STEP
460,462,1,0.500,501.000,SEQ_2_STEP
461,463,1,0.500,501.000,SEQ_2_STEP
462,464,1,0.500,501.000,SEQ_2_STEP
463,465,1,0.500,501.000,SEQ_2_STEP
464,466,1,0.500,501.000,SEQ_2_STEP
465,467,1,0.500,501.000,SEQ_2_STEP
466,468,1,0.500,501.000,SEQ_2_STEP
467,469,1,0.500,501.000,SEQ_2_STEP
468,470,1,0.500,501.000,SEQ_2_STEP
469,471,1,0.500,501.000,SEQ_2_STEP
470,472,1,0.500,501.000,SEQ_2_STEP
471,473,1,0.500,501.000,SEQ_2_STEP
472,474,1,0.000,1.000,SEQ_2_STEP
473,475,1,0.000,1.000,SEQ_2_STEP
474,476,0,1.000,1001.000,SEQ_2_STEP
475,477,0,1.000,1001.000,SEQ_2_STEP
476,478,0,1.000,1001.000,SEQ_2_STEP
477,479,0,1.000,1001.000,SEQ_2_STEP
478,480,0,1.000,1001.000,SEQ_2_STEP
479,481,0,1.000,1001.000,SEQ_2_STEP
480,482,0,1.000,1001.000,SEQ_2_STEP
481,483,0,1.000,1001.000,SEQ_2_STEP
482,484,0,1.000,1001.000,SEQ_2_STEP
483,485,0,1.000,1001.000,SEQ_2_STEP
484,486,0,1.000,1001.000,SEQ_2_STEP
485,487,0,1.000,1001.000,SEQ_2_STEP
486,488,0,1.000,1001.000,SEQ_2_STEP
487,489,0,1.000,1001.000,SEQ_2_STEP
488,490,0,1.000,1001.000,SEQ_2_STEP
489,491,0,1.000,1001.000,SEQ_2_STEP
490,492,0,1.000,1001.000,SEQ_2_STEP
491,493,0,1.000,1001.000,SEQ_2_STEP
492,494,0,1.000,1001.000,SEQ_2_STEP
493,495,0,1.000,1001.000,SEQ_2_STEP
494,496,0,1.000,1001.000,SEQ_2_STEP
495,497,0,1.000,1001.000,SEQ_2_STEP
496,498,0,1.000,1001.000,SEQ_2_STEP
497,499,0,1.000,1001.000,SEQ_2_STEP
498,500,0,1.000,1001.000,SEQ_2_STEP
499,501,0,1.000,1001.000,SEQ_2_STEP
500,502,0,1.000,1001.000,SEQ_2_STEP
501,503,0,1.000,1001.000,SEQ_2_STEP
502,504,0,1.000,1001.000,SEQ_2_STEP
503,505,0,1.000,1001.000,SEQ_2_STEP
504,506,0,1.000,1001.000,SEQ_2_STEP
505,507,0,1.000,1001.000,SEQ_2_STEP
506,508,8,0.000,1.000,SEQ_2_STEP
507,509,1,0.000,1.000,SEQ_2_STEP
508,510,2,0.857,858.143,SEQ_2_STEP
509,511,1,0.000,1.000,SEQ_2_STEP
510,512,6,0.250,251.000,SEQ_2_STEP
511,513,0,1.000,1001.000,SEQ_2_STEP
512,514,2,0.000,1.000,SEQ_2_STEP
513,515,6,0.000,1.000,SEQ_2_STEP
514,516,0,1.000,1001.000,SEQ_2_STEP
515,517,6,0.143,143.857,SEQ_2_STEP
516,518,0,1.000,1001.000,SEQ_2_STEP
517,519,1,0.000,1.000,SEQ_2_STEP
518,520,0,1.000,1001.000,SEQ_2_STEP
519,521,1,0.000,1.000,SEQ_2_STEP
520,522,2,0.000,1.000,SEQ_2_STEP
521,523,0,1.000,1001.000,SEQ_2_STEP
522,524,2,0.000,1.000,SEQ_2_STEP
523,525,1,0.667,667.667,SEQ_2_STEP
524,526,8,0.000,1.000,SEQ_2_STEP
525,527,2,0.000,1.000,SEQ_2_STEP
526,528,8,0.111,112.111,SEQ_2_STEP
527,529,5,0.000,1.000,SEQ_2_STEP
528,530,1,0.000,1.000,SEQ_2_STEP
529,531,5,0.000,1.000,SEQ_2_STEP
530,532,0,1.000,1001.000,SEQ_2_STEP
531,533,0,1.000,1001.000,SEQ_2_STEP
532,534,0,1.000,1001.000,SEQ_2_STEP
533,535,0,1.000,1001.000,SEQ_2_STEP
534,536,0,1.000,1001.000,SEQ_2_STEP
535,537,5,0.000,1.000,SEQ_2_STEP
536,538,0,1.000,1001.000,SEQ_2_STEP
537,539,7,0.533,534.333,SEQ_2_STEP
538,540,2,0.000,1.000,SEQ_2_STEP
539,541,10,0.167,167.667,SEQ_2_STEP
540,542,5,0.286,286.714,SEQ_2_STEP
541,543,9,0.182,182.818,SEQ_2_STEP
542,544,5,0.286,286.714,SEQ_2_STEP
543,545,9,0.000,1.000,SEQ_2_STEP
544,546,2,0.000,1.000,SEQ_2_STEP
545,547,0,1.000,1001.000,SEQ_2_STEP
546,548,10,0.000,1.000,SEQ_2_STEP
547,549,2,0.000,1.000,SEQ_2_STEP
548,550,7,0.588,589.235,SEQ_2_STEP
549,551,2,0.500,501.000,SEQ_2_STEP
550,552,12,0.368,369.421,SEQ_2_STEP
551,553,2,0.000,1.000,SEQ_2_STEP
552,554,12,0.000,1.000,SEQ_2_STEP
553,555,0,1.000,1001.000,SEQ_2_STEP
554,556,0,1.000,1001.000,SEQ_2_STEP
555,557,2,0.000,1.000,SEQ_2_STEP
556,558,1,0.000,1.000,SEQ_2_STEP
557,559,2,0.500,501.000,SEQ_2_STEP
558,560,24,0.040,41.000,SEQ_2_STEP
559,561,4,0.333,334.333,SEQ_2_STEP
560,562,24,0.385,385.615,SEQ_2_STEP
561,563,4,0.333,334.333,SEQ_2_STEP
562,564,12,0.571,572.429,SEQ_2_STEP
563,565,2,0.500,501.000,SEQ_2_STEP
564,566,10,0.444,445.444,SEQ_2_STEP
565,567,2,0.000,1.000,SEQ_2_STEP
566,568,5,0.286,286.714,SEQ_2_STEP
567,569,1,0.000,1.000,SEQ_2_STEP
568,570,2,0.500,501.000,SEQ_2_STEP
569,571,21,0.045,46.455,SEQ_2_STEP
570,572,5,0.286,286.714,SEQ_2_STEP
571,573,21,0.087,87.957,SEQ_2_STEP
572,574,5,0.286,286.714,SEQ_2_STEP
573,575,2,0.000,1.000,SEQ_2_STEP
574,576,2,0.333,334.333,SEQ_2_STEP
575,577,0,1.000,1001.000,SEQ_2_STEP
576,578,1,0.000,1.000,SEQ_2_STEP
577,579,0,1.000,1001.000,SEQ_2_STEP
578,580,0,1.000,1001.000,SEQ_2_STEP
579,581,2,0.000,1.000,SEQ_2_STEP
580,582,0,1.000,1001.000,SEQ_2_STEP
581,583,2,0.000,1.000,SEQ_2_STEP
582,584,0,1.000,1001.000,SEQ_2_STEP
583,585,0,1.000,1001.000,SEQ_2_STEP
584,586,1,0.000,1.000,SEQ_2_STEP
585,587,6,0.000,1.000,SEQ_2_STEP
586,588,1,0.000,1.000,SEQ_2_STEP
587,589,6,0.000,1.000,SEQ_2_STEP
588,590,0,1.000,1001.000,SEQ_2_STEP
589,591,0,1.000,1001.000,SEQ_2_STEP
590,592,0,1.000,1001.000,SEQ_2_STEP
591,593,0,1.000,1001.000,SEQ_2_STEP
592,594,1,0.000,1.000,SEQ_2_STEP
593,595,5,0.000,1.000,SEQ_2_STEP
594,596,1,0.000,1.000,SEQ_2_STEP
595,597,13,0.316,316.789,SEQ_2_STEP
596,598,0,1.000,1001.000,SEQ_2_STEP
597,599,40,0.273,273.727,SEQ_2_STEP
598,600,0,1.000,1001.000,SEQ_2_STEP
599,601,41,0.000,1.000,SEQ_2_STEP
600,602,23,0.000,1.000,SEQ_2_STEP
601,603,0,1.000,1001.000,SEQ_2_STEP
602,604,22,0.120,121.000,SEQ_2_STEP
603,605,17,0.000,1.000,SEQ_2_STEP
604,606,13,0.235,236.294,SEQ_2_STEP
605,607,37,0.339,340.286,SEQ_2_STEP
606,608,15,0.000,1.000,SEQ_2_STEP
607,609,39,0.000,1.000,SEQ_2_STEP
608,610,2,0.000,1.000,SEQ_2_STEP
609,611,1,0.000,1.000,SEQ_2_STEP
610,612,2,0.333,334.333,SEQ_2_STEP
611,613,7,0.125,126.000,SEQ_2_STEP
612,614,1,0.000,1.000,SEQ_2_STEP
613,615,7,0.125,126.000,SEQ_2_STEP
614,616,1,0.000,1.000,SEQ_2_STEP
615,617,1,0.000,1.000,SEQ_2_STEP
616,618,1,0.000,1.000,SEQ_2_STEP
617,619,0,1.000,1001.000,SEQ_2_STEP
618,620,0,1.000,1001.000,SEQ_2_STEP
619,621,0,1.000,1001.000,SEQ_2_STEP
620,622,1,0.000,1.000,SEQ_2_STEP
621,623,4,0.000,1.000,SEQ_2_STEP
622,624,1,0.500,501.000,SEQ_2_STEP
623,625,2,0.714,715.286,SEQ_2_STEP
624,626,1,0.000,1.000,SEQ_2_STEP
625,627,3,0.000,1.000,SEQ_2_STEP
626,628,0,1.000,1001.000,SEQ_2_STEP
627,629,0,1.000,1001.000,SEQ_2_STEP
628,630,0,1.000,1001.000,SEQ_2_STEP
629,631,10,0.000,1.000,SEQ_2_STEP
630,632,0,1.000,1001.000,SEQ_2_STEP
631,633,10,0.000,1.000,SEQ_2_STEP
632,634,0,1.000,1001.000,SEQ_2_STEP
633,635,2,0.000,1.000,SEQ_2_STEP
634,636,0,1.000,1001.000,SEQ_2_STEP
635,637,2,0.000,1.000,SEQ_2_STEP
636,638,0,1.000,1001.000,SEQ_2_STEP
637,639,3,0.000,1.000,SEQ_2_STEP
638,640,3,0.000,1.000,SEQ_2_STEP
639,641,3,0.500,501.000,SEQ_2_STEP
640,642,3,0.500,501.000,SEQ_2_STEP
641,643,3,0.000,1.000,SEQ_2_STEP
642,644,3,0.000,1.000,SEQ_2_STEP
643,645,0,1.000,1001.000,SEQ_2_STEP
644,646,0,1.000,1001.000,SEQ_2_STEP
645,647,0,1.000,1001.000,SEQ_2_STEP
646,648,1,0.000,1.000,SEQ_2_STEP
647,649,1,0.000,1.000,SEQ_2_STEP
648,650,1,0.000,1.000,SEQ_2_STEP
649,651,2,0.333,334.333,SEQ_2_STEP
650,652,28,0.000,1.000,SEQ_2_STEP
651,653,13,0.133,134.333,SEQ_2_STEP
652,654,27,0.069,69.966,SEQ_2_STEP
653,655,6,0.760,761.000,SEQ_2_STEP
654,656,53,0.036,37.364,SEQ_2_STEP
655,657,35,0.271,271.833,SEQ_2_STEP
656,658,32,0.610,610.756,SEQ_2_STEP
657,659,27,0.413,414.043,SEQ_2_STEP
658,660,27,0.206,206.882,SEQ_2_STEP
659,661,10,0.444,445.444,SEQ_2_STEP
660,662,19,0.269,270.231,SEQ_2_STEP
661,663,11,0.450,451.000,SEQ_2_STEP
662,664,20,0.091,91.909,SEQ_2_STEP
663,665,12,0.143,143.857,SEQ_2_STEP
664,666,1,0.750,751.000,SEQ_2_STEP
665,667,2,0.000,1.000,SEQ_2_STEP
666,668,2,0.000,1.000,SEQ_2_STEP
667,669,0,1.000,1001.000,SEQ_2_STEP
668,670,5,0.000,1.000,SEQ_2_STEP
669,671,5,0.000,1.000,SEQ_2_STEP
670,672,8,0.467,467.667,SEQ_2_STEP
671,673,5,0.000,1.000,SEQ_2_STEP
672,674,10,0.000,1.000,SEQ_2_STEP
673,675,20,0.000,1.000,SEQ_2_STEP
674,676,6,0.000,1.000,SEQ_2_STEP
675,677,20,0.000,1.000,SEQ_2_STEP
676,678,6,0.000,1.000,SEQ_2_STEP
677,679,0,1.000,1001.000,SEQ_2_STEP
678,680,2,0.000,1.000,SEQ_2_STEP
679,681,6,0.000,1.000,SEQ_2_STEP
680,682,2,0.000,1.000,SEQ_2_STEP
681,683,6,0.000,1.000,SEQ_2_STEP
682,684,0,1.000,1001.000,SEQ_2_STEP
683,685,4,0.000,1.000,SEQ_2_STEP
684,686,4,0.000,1.000,SEQ_2_STEP
685,687,4,0.000,1.000,SEQ_2_STEP
686,688,4,0.000,1.000,SEQ_2_STEP
687,689,0,1.000,1001.000,SEQ_2_STEP
688,690,1,0.000,1.000,SEQ_2_STEP
689,691,0,1.000,1001.000,SEQ_2_STEP
690,692,2,0.333,334.333,SEQ_2_STEP
691,693,2,0.000,1.000,SEQ_2_STEP
692,694,4,0.333,334.333,SEQ_2_STEP
693,695,4,0.333,334.333,SEQ_2_STEP
694,696,4,0.333,334.333,SEQ_2_STEP
695,697,28,0.125,126.000,SEQ_2_STEP
696,698,2,0.000,1.000,SEQ_2_STEP
697,699,28,0.222,223.222,SEQ_2_STEP
698,700,2,0.000,1.000,SEQ_2_STEP
699,701,8,0.200,201.000,SEQ_2_STEP
700,702,2,0.333,334.333,SEQ_2_STEP
701,703,2,0.333,334.333,SEQ_2_STEP
702,704,1,0.500,501.000,SEQ_2_STEP
703,705,1,0.500,501.000,SEQ_2_STEP
704,706,1,0.500,501.000,SEQ_2_STEP
705,707,1,0.500,501.000,SEQ_2_STEP
706,708,1,0.500,501.000,SEQ_2_STEP
707,709,1,0.500,501.000,SEQ_2_STEP
708,710,1,0.500,501.000,SEQ_2_STEP
709,711,1,0.500,501.000,SEQ_2_STEP
710,712,1,0.500,501.000,SEQ_2_STEP
711,713,1,0.500,501.000,SEQ_2_STEP
712,714,1,0.500,501.000,SEQ_2_STEP
713,715,1,0.500,501.000,SEQ_2_STEP
714,716,1,0.500,501.000,SEQ_2_STEP
715,717,1,0.500,501.000,SEQ_2_STEP
716,718,1,0.500,501.000,SEQ_2_STEP
717,719,1,0.500,501.000,SEQ_2_STEP
718,720,1,0.500,501.000,SEQ_2_STEP
719,721,1,0.500,501.000,SEQ_2_STEP
720,722,1,0.500,501.000,SEQ_2_STEP
721,723,1,0.500,501.000,SEQ_2_STEP
722,724,1,0.500,501.000,SEQ_2_STEP
723,725,1,0.500,501.000,SEQ_2_STEP
724,726,1,0.500,501.000,SEQ_2_STEP
725,727,1,0.500,501.000,SEQ_2_STEP
726,728,1,0.500,501.000,SEQ_2_STEP
727,729,1,0.500,501.000,SEQ_2_STEP
728,730,1,0.500,501.000,SEQ_2_STEP
729,731,1,0.500,501.000,SEQ_2_STEP
730,732,1,0.500,501.000,SEQ_2_STEP
731,733,1,0.500,501.000,SEQ_2_STEP
732,734,1,0.500,501.000,SEQ_2_STEP
733,735,1,0.500,501.000,SEQ_2_STEP
734,736,1,0.500,501.000,SEQ_2_STEP
735,737,1,0.500,501.000,SEQ_2_STEP
736,738,1,0.500,501.000,SEQ_2_STEP
737,739,1,0.500,501.000,SEQ_2_STEP
738,740,1,0.500,501.000,SEQ_2_STEP
739,741,1,0.500,501.000,SEQ_2_STEP
740,742,1,0.500,501.000,SEQ_2_STEP
741,743,1,0.500,501.000,SEQ_2_STEP
742,744,1,0.500,501.000,SEQ_2_STEP
743,745,1,0.500,501.000,SEQ_2_STEP
744,746,1,0.500,501.000,SEQ_2_STEP
745,747,1,0.500,501.000,SEQ_2_STEP
746,748,1,0.500,501.000,SEQ_2_STEP
747,749,1,0.500,501.000,SEQ_2_STEP
748,750,1,0.500,501.000,SEQ_2_STEP
749,751,1,0.500,501.000,SEQ_2_STEP
750,752,1,0.500,501.000,SEQ_2_STEP
751,753,1,0.500,501.000,SEQ_2_STEP
752,754,1,0.500,501.000,SEQ_2_STEP
753,755,1,0.500,501.000,SEQ_2_STEP
754,756,1,0.500,501.000,SEQ_2_STEP
755,757,1,0.500,501.000,SEQ_2_STEP
756,758,1,0.500,501.000,SEQ_2_STEP
757,759,1,0.500,501.000,SEQ_2_STEP
758,760,1,0.500,501.000,SEQ_2_STEP
759,761,1,0.500,501.000,SEQ_2_STEP
760,762,1,0.500,501.000,SEQ_2_STEP
761,763,1,0.500,501.000,SEQ_2_STEP
762,764,1,0.500,501.000,SEQ_2_STEP
763,765,1,0.500,501.000,SEQ_2_STEP
764,766,1,0.500,501.000,SEQ_2_STEP
765,767,1,0.500,501.000,SEQ_2_STEP
766,768,1,0.500,501.000,SEQ_2_STEP
767,769,1,0.500,501.000,SEQ_2_STEP
768,770,1,0.500,501.000,SEQ_2_STEP
769,771,1,0.500,501.000,SEQ_2_STEP
770,772,1,0.500,501.000,SEQ_2_STEP
771,773,1,0.500,501.000,SEQ_2_STEP
772,774,1,0.500,501.000,SEQ_2_STEP
773,775,1,0.500,501.000,SEQ_2_STEP
774,776,1,0.500,501.000,SEQ_2_STEP
775,777,1,0.500,501.000,SEQ_2_STEP
776,778,1,0.500,501.000,SEQ_2_STEP
777,779,1,0.500,501.000,SEQ_2_STEP
778,780,1,0.500,501.000,SEQ_2_STEP
779,781,1,0.500,501.000,SEQ_2_STEP
780,782,1,0.500,501.000,SEQ_2_STEP
781,783,1,0.500,501.000,SEQ_2_STEP
782,784,1,0.500,501.000,SEQ_2_STEP
783,785,1,0.500,501.000,SEQ_2_STEP
784,786,1,0.500,501.000,SEQ_2_STEP
785,787,1,0.500,501.000,SEQ_2_STEP
786,788,1,0.500,501.000,SEQ_2_STEP
787,789,1,0.500,501.000,SEQ_2_STEP
788,790,1,0.500,501.000,SEQ_2_STEP
789,791,1,0.500,501.000,SEQ_2_STEP
790,792,1,0.500,501.000,SEQ_2_STEP
791,793,1,0.500,501.000,SEQ_2_STEP
792,794,1,0.500,501.000,SEQ_2_STEP
793,795,1,0.500,501.000,SEQ_2_STEP
794,796,1,0.500,501.000,SEQ_2_STEP
795,797,1,0.500,501.000,SEQ_2_STEP
796,798,1,0.500,501.000,SEQ_2_STEP
797,799,1,0.500,501.000,SEQ_2_STEP
798,800,1,0.500,501.000,SEQ_2_STEP
799,801,1,0.500,501.000,SEQ_2_STEP
800,802,1,0.500,501.000,SEQ_2_STEP
801,803,1,0.500,501.000,SEQ_2_STEP
802,804,1,0.500,501.000,SEQ_2_STEP
803,805,1,0.500,501.000,SEQ_2_STEP
804,806,1,0.500,501.000,SEQ_2_STEP
805,807,1,0.500,501.000,SEQ_2_STEP
806,808,1,0.500,501.000,SEQ_2_STEP
807,809,1,0.500,501.000,SEQ_2_STEP
808,810,1,0.500,501.000,SEQ_2_STEP
809,811,1,0.500,501.000,SEQ_2_STEP
810,812,1,0.500,501.000,SEQ_2_STEP
811,813,1,0.500,501.000,SEQ_2_STEP
812,814,1,0.500,501.000,SEQ_2_STEP
813,815,1,0.500,501.000,SEQ_2_STEP
814,816,1,0.500,501.000,SEQ_2_STEP
815,817,1,0.500,501.000,SEQ_2_STEP
816,818,1,0.500,501.000,SEQ_2_STEP
817,819,1,0.500,501.000,SEQ_2_STEP
818,820,1,0.500,501.000,SEQ_2_STEP
819,821,1,0.500,501.000,SEQ_2_STEP
820,822,1,0.500,501.000,SEQ_2_STEP
821,823,1,0.500,501.000,SEQ_2_STEP
822,824,1,0.500,501.000,SEQ_2_STEP
823,825,1,0.500,501.000,SEQ_2_STEP
824,826,1,0.500,501.000,SEQ_2_STEP
825,827,1,0.500,501.000,SEQ_2_STEP
826,828,1,0.500,501.000,SEQ_2_STEP
827,829,1,0.500,501.000,SEQ_2_STEP
828,830,1,0.500,501.000,SEQ_2_STEP
829,831,1,0.500,501.000,SEQ_2_STEP
830,832,1,0.500,501.000,SEQ_2_STEP
831,833,1,0.500,501.000,SEQ_2_STEP
832,834,1,0.500,501.000,SEQ_2_STEP
833,835,1,0.500,501.000,SEQ_2_STEP
834,836,1,0.500,501.000,SEQ_2_STEP
835,837,1,0.500,501.000,SEQ_2_STEP
836,838,1,0.500,501.000,SEQ_2_STEP
837,839,1,0.500,501.000,SEQ_2_STEP
838,840,1,0.500,501.000,SEQ_2_STEP
839,841,1,0.500,501.000,SEQ_2_STEP
840,842,1,0.500,501.000,SEQ_2_STEP
841,843,1,0.500,501.000,SEQ_2_STEP
842,844,1,0.500,501.000,SEQ_2_STEP
843,845,1,0.500,501.000,SEQ_2_STEP
844,846,1,0.500,501.000,SEQ_2_STEP
845,847,1,0.500,501.000,SEQ_2_STEP
846,848,1,0.500,501.000,SEQ_2_STEP
847,849,1,0.500,501.000,SEQ_2_STEP
848,850,1,0.500,501.000,SEQ_2_STEP
849,851,1,0.500,501.000,SEQ_2_STEP
850,852,1,0.500,501.000,SEQ_2_STEP
851,853,1,0.500,501.000,SEQ_2_STEP
852,854,1,0.500,501.000,SEQ_2_STEP
853,855,1,0.500,501.000,SEQ_2_STEP
854,856,1,0.500,501.000,SEQ_2_STEP
855,857,1,0.500,501.000,SEQ_2_STEP
856,858,1,0.500,501.000,SEQ_2_STEP
857,859,1,0.500,501.000,SEQ_2_STEP
858,860,1,0.500,501.000,SEQ_2_STEP
859,861,1,0.500,501.000,SEQ_2_STEP
860,862,1,0.500,501.000,SEQ_2_STEP
861,863,1,0.500,501.000,SEQ_2_STEP
862,864,1,0.500,501.000,SEQ_2_STEP
863,865,1,0.500,501.000,SEQ_2_STEP
864,866,1,0.500,501.000,SEQ_2_STEP
865,867,1,0.500,501.000,SEQ_2_STEP
866,868,1,0.500,501.000,SEQ_2_STEP
867,869,1,0.500,501.000,SEQ_2_STEP
868,870,1,0.500,501.000,SEQ_2_STEP
869,871,1,0.500,501.000,SEQ_2_STEP
870,872,1,0.500,501.000,SEQ_2_STEP
871,873,1,0.500,501.000,SEQ_2_STEP
872,874,1,0.500,501.000,SEQ_2_STEP
873,875,1,0.500,501.000,SEQ_2_STEP
874,876,1,0.500,501.000,SEQ_2_STEP
875,877,1,0.500,501.000,SEQ_2_STEP
876,878,1,0.500,501.000,SEQ_2_STEP
877,879,1,0.500,501.000,SEQ_2_STEP
878,880,1,0.500,501.000,SEQ_2_STEP
879,881,1,0.500,501.000,SEQ_2_STEP
880,882,1,0.500,501.000,SEQ_2_STEP
881,883,1,0.500,501.000,SEQ_2_STEP
882,884,1,0.500,501.000,SEQ_2_STEP
883,885,1,0.500,501.000,SEQ_2_STEP
884,886,1,0.500,501.000,SEQ_2_STEP
885,887,1,0.500,501.000,SEQ_2_STEP
886,888,1,0.500,501.000,SEQ_2_STEP
887,889,1,0.500,501.000,SEQ_2_STEP
888,890,1,0.500,501.000,SEQ_2_STEP
889,891,1,0.500,501.000,SEQ_2_STEP
890,892,1,0.500,501.000,SEQ_2_STEP
891,893,1,0.500,501.000,SEQ_2_STEP
892,894,1,0.500,501.000,SEQ_2_STEP
893,895,1,0.500,501.000,SEQ_2_STEP
894,896,1,0.500,501.000,SEQ_2_STEP
895,897,1,0.500,501.000,SEQ_2_STEP
896,898,1,0.500,501.000,SEQ_2_STEP
897,899,1,0.500,501.000,SEQ_2_STEP
898,900,1,0.500,501.000,SEQ_2_STEP
899,901,1,0.500,501.000,SEQ_2_STEP
900,902,1,0.500,501.000,SEQ_2_STEP
901,903,1,0.500,501.000,SEQ_2_STEP
902,904,1,0.500,501.000,SEQ_2_STEP
903,905,1,0.500,501.000,SEQ_2_STEP
904,906,1,0.500,501.000,SEQ_2_STEP
905,907,1,0.500,501.000,SEQ_2_STEP
906,908,1,0.500,501.000,SEQ_2_STEP
907,909,1,0.500,501.000,SEQ_2_STEP
908,910,1,0.500,501.000,SEQ_2_STEP
909,911,1,0.500,501.000,SEQ_2_STEP
910,912,1,0.500,501.000,SEQ_2_STEP
911,913,1,0.500,501.000,SEQ_2_STEP
912,914,1,0.500,501.000,SEQ_2_STEP
913,915,1,0.500,501.000,SEQ_2_STEP
914,916,1,0.500,501.000,SEQ_2_STEP
915,917,1,0.500,501.000,SEQ_2_STEP
916,918,1,0.500,501.000,SEQ_2_STEP
917,919,1,0.500,501.000,SEQ_2_STEP
918,920,1,0.500,501.000,SEQ_2_STEP
919,921,1,0.500,501.000,SEQ_2_STEP
920,922,1,0.500,501.000,SEQ_2_STEP
921,923,1,0.500,501.000,SEQ_2_STEP
922,924,1,0.500,501.000,SEQ_2_STEP
923,925,1,0.500,501.000,SEQ_2_STEP
924,926,1,0.500,501.000,SEQ_2_STEP
925,927,1,0.500,501.000,SEQ_2_STEP
926,928,1,0.500,501.000,SEQ_2_STEP
927,929,2,0.333,334.333,SEQ_2_STEP
928,930,1,0.000,1.000,SEQ_2_STEP
929,931,2,0.000,1.000,SEQ_2_STEP
930,932,3,0.000,1.000,SEQ_2_STEP
931,933,3,0.000,1.000,SEQ_2_STEP
932,934,3,0.500,501.000,SEQ_2_STEP
933,935,3,0.500,501.000,SEQ_2_STEP
934,936,10,0.231,231.769,SEQ_2_STEP
935,937,3,0.400,401.000,SEQ_2_STEP
936,938,10,0.167,167.667,SEQ_2_STEP
937,939,2,0.500,501.000,SEQ_2_STEP
938,940,3,0.400,401.000,SEQ_2_STEP
939,941,9,0.182,182.818,SEQ_2_STEP
940,942,3,0.400,401.000,SEQ_2_STEP
941,943,14,0.481,482.481,SEQ_2_STEP
942,944,18,0.100,101.000,SEQ_2_STEP
943,945,18,0.379,380.310,SEQ_2_STEP
944,946,18,0.000,1.000,SEQ_2_STEP
945,947,38,0.224,225.490,SEQ_2_STEP
946,948,0,1.000,1001.000,SEQ_2_STEP
947,949,38,0.000,1.000,SEQ_2_STEP
948,950,18,0.000,1.000,SEQ_2_STEP
949,951,20,0.000,1.000,SEQ_2_STEP
950,952,18,0.000,1.000,SEQ_2_STEP
951,953,20,0.048,48.619,SEQ_2_STEP
952,954,1,0.000,1.000,SEQ_2_STEP
953,955,1,0.500,501.000,SEQ_2_STEP
954,956,1,0.500,501.000,SEQ_2_STEP
955,957,1,0.500,501.000,SEQ_2_STEP
956,958,1,0.500,501.000,SEQ_2_STEP
957,959,1,0.500,501.000,SEQ_2_STEP
958,960,1,0.500,501.000,SEQ_2_STEP
959,961,1,0.500,501.000,SEQ_2_STEP
960,962,1,0.500,501.000,SEQ_2_STEP
961,963,1,0.000,1.000,SEQ_2_STEP
962,964,1,0.000,1.000,SEQ_2_STEP
963,965,0,1.000,1001.000,SEQ_2_STEP
964,966,0,1.000,1001.000,SEQ_2_STEP
965,967,1,0.000,1.000,SEQ_2_STEP
966,968,2,0.000,1.000,SEQ_2_STEP
967,969,1,0.000,1.000,SEQ_2_STEP
968,970,2,0.333,334.333,SEQ_2_STEP
969,971,0,1.000,1001.000,SEQ_2_STEP
970,972,1,0.500,501.000,SEQ_2_STEP
971,973,0,1.000,1001.000,SEQ_2_STEP
972,974,1,0.000,1.000,SEQ_2_STEP
973,975,4,0.000,1.000,SEQ_2_STEP
974,976,5,0.000,1.000,SEQ_2_STEP
975,977,4,0.000,1.000,SEQ_2_STEP
976,978,3,0.571,572.429,SEQ_2_STEP
977,979,2,0.000,1.000,SEQ_2_STEP
978,980,2,0.333,334.333,SEQ_2_STEP
979,981,2,0.333,334.333,SEQ_2_STEP
980,982,1,0.500,501.000,SEQ_2_STEP
981,983,1,0.500,501.000,SEQ_2_STEP
982,984,1,0.500,501.000,SEQ_2_STEP
983,985,1,0.500,501.000,SEQ_2_STEP
984,986,1,0.500,501.000,SEQ_2_STEP
985,987,1,0.000,1.000,SEQ_2_STEP
986,988,0,1.000,1001.000,SEQ_2_STEP
987,989,1,0.000,1.000,SEQ_2_STEP
988,990,1,0.000,1.000,SEQ_2_STEP
989,991,1,0.000,1.000,SEQ_2_STEP
990,992,1,0.000,1.000,SEQ_2_STEP
991,993,1,0.000,1.000,SEQ_2_STEP
992,994,1,0.500,501.000,SEQ_2_STEP
993,995,1,0.000,1.000,SEQ_2_STEP
994,996,1,0.500,501.000,SEQ_2_STEP
995,997,1,0.000,1.000,SEQ_2_STEP
996,998,1,0.500,501.000,SEQ_2_STEP
997,999,1,0.000,1.000,SEQ_2_STEP
998,1000,1,0.500,501.000,SEQ_2_STEP
999,1001,0,1.000,1001.000,SEQ_2_STEP
1000,1002,1,0.500,501.000,SEQ_2_STEP
1001,1003,1,0.000,1.000,SEQ_2_STEP
1002,1004,1,0.500,501.000,SEQ_2_STEP
1003,1005,14,0.067,67.667,SEQ_2_STEP
1004,1006,1,0.000,1.000,SEQ_2_STEP
1005,1007,14,0.000,1.000,SEQ_2_STEP
1006,1008,0,1.000,1001.000,SEQ_2_STEP
1007,1009,1,0.000,1.000,SEQ_2_STEP
1008,1010,0,1.000,1001.000,SEQ_2_STEP
1009,1011,3,0.250,251.000,SEQ_2_STEP
1010,1012,1,0.000,1.000,SEQ_2_STEP
1011,1013,3,0.250,251.000,SEQ_2_STEP
1012,1014,1,0.500,501.000,SEQ_2_STEP
1013,1015,1,0.500,501.000,SEQ_2_STEP
1014,1016,1,0.500,501.000,SEQ_2_STEP
1015,1017,1,0.500,501.000,SEQ_2_STEP
1016,1018,1,0.500,501.000,SEQ_2_STEP
1017,1019,3,0.250,251.000,SEQ_2_STEP
1018,1020,3,0.250,251.000,SEQ_2_STEP
1019,1021,23,0.148,149.148,SEQ_2_STEP
1020,1022,3,0.400,401.000,SEQ_2_STEP
1021,1023,23,0.207,207.897,SEQ_2_STEP
1022,1024,2,0.500,501.000,SEQ_2_STEP
1023,1025,5,0.000,1.000,SEQ_2_STEP
1024,1026,15,0.118,118.647,SEQ_2_STEP
1025,1027,5,0.000,1.000,SEQ_2_STEP
1026,1028,15,0.062,63.500,SEQ_2_STEP
1027,1029,5,0.167,167.667,SEQ_2_STEP
1028,1030,1,0.500,501.000,SEQ_2_STEP
1029,1031,1,0.000,1.000,SEQ_2_STEP
1030,1032,3,0.250,251.000,SEQ_2_STEP
1031,1033,3,0.000,1.000,SEQ_2_STEP
1032,1034,3,0.400,401.000,SEQ_2_STEP
1033,1035,3,0.250,251.000,SEQ_2_STEP
1034,1036,2,0.333,334.333,SEQ_2_STEP
1035,1037,1,0.500,501.000,SEQ_2_STEP
1036,1038,1,0.500,501.000,SEQ_2_STEP
1037,1039,1,0.500,501.000,SEQ_2_STEP
1038,1040,1,0.500,501.000,SEQ_2_STEP
1039,1041,1,0.500,501.000,SEQ_2_STEP
1040,1042,1,0.500,501.000,SEQ_2_STEP
1041,1043,1,0.500,501.000,SEQ_2_STEP
1042,1044,1,0.500,501.000,SEQ_2_STEP
1043,1045,20,0.048,48.619,SEQ_2_STEP
1044,1046,26,0.037,38.037,SEQ_2_STEP
1045,1047,19,0.174,174.913,SEQ_2_STEP
1046,1048,26,0.447,447.809,SEQ_2_STEP
1047,1049,3,0.250,251.000,SEQ_2_STEP
1048,1050,21,0.045,46.455,SEQ_2_STEP
1049,1051,1,0.500,501.000,SEQ_2_STEP
1050,1052,1,0.500,501.000,SEQ_2_STEP
1051,1053,1,0.500,501.000,SEQ_2_STEP
1052,1054,1,0.500,501.000,SEQ_2_STEP
1053,1055,1,0.500,501.000,SEQ_2_STEP
1054,1056,1,0.500,501.000,SEQ_2_STEP
1055,1057,1,0.500,501.000,SEQ_2_STEP
1056,1058,1,0.500,501.000,SEQ_2_STEP
1057,1059,1,0.500,501.000,SEQ_2_STEP
1058,1060,1,0.500,501.000,SEQ_2_STEP
1059,1061,1,0.500,501.000,SEQ_2_STEP
1060,1062,1,0.500,501.000,SEQ_2_STEP
1061,1063,1,0.500,501.000,SEQ_2_STEP
1062,1064,1,0.500,501.000,SEQ_2_STEP
1063,1065,1,0.500,501.000,SEQ_2_STEP
1064,1066,1,0.500,501.000,SEQ_2_STEP
1065,1067,1,0.500,501.000,SEQ_2_STEP
1066,1068,1,0.500,501.000,SEQ_2_STEP
1067,1069,1,0.500,501.000,SEQ_2_STEP
1068,1070,1,0.500,501.000,SEQ_2_STEP
1069,1071,1,0.500,501.000,SEQ_2_STEP
1070,1072,1,0.500,501.000,SEQ_2_STEP
1071,1073,1,0.500,501.000,SEQ_2_STEP
1072,1074,1,0.500,501.000,SEQ_2_STEP
1073,1075,1,0.500,501.000,SEQ_2_STEP
1074,1076,1,0.500,501.000,SEQ_2_STEP
1075,1077,1,0.500,501.000,SEQ_2_STEP
1076,1078,1,0.500,501.000,SEQ_2_STEP
1077,1079,1,0.500,501.000,SEQ_2_STEP
1078,1080,1,0.500,501.000,SEQ_2_STEP
1079,1081,1,0.500,501.000,SEQ_2_STEP
1080,1082,1,0.500,501.000,SEQ_2_STEP
1081,1083,1,0.500,501.000,SEQ_2_STEP
1082,1084,1,0.500,501.000,SEQ_2_STEP
1083,1085,1,0.500,501.000,SEQ_2_STEP
1084,1086,1,0.500,501.000,SEQ_2_STEP
1085,1087,1,0.500,501.000,SEQ_2_STEP
1086,1088,1,0.500,501.000,SEQ_2_STEP
1087,1089,1,0.500,501.000,SEQ_2_STEP
1088,1090,1,0.500,501.000,SEQ_2_STEP
1089,1091,1,0.500,501.000,SEQ_2_STEP
1090,1092,1,0.500,501.000,SEQ_2_STEP
1091,1093,1,0.500,501.000,SEQ_2_STEP
1092,1094,1,0.500,501.000,SEQ_2_STEP
1093,1095,1,0.000,1.000,SEQ_2_STEP
1094,1096,2,0.333,334.333,SEQ_2_STEP
1095,1097,0,1.000,1001.000,SEQ_2_STEP
1096,1098,7,0.222,223.222,SEQ_2_STEP
1097,1099,0,1.000,1001.000,SEQ_2_STEP
1098,1100,7,0.000,1.000,SEQ_2_STEP
1099,1101,2,0.000,1.000,SEQ_2_STEP
1100,1102,0,1.000,1001.000,SEQ_2_STEP
1101,1103,2,0.500,501.000,SEQ_2_STEP
1102,1104,0,1.000,1001.000,SEQ_2_STEP
1103,1105,2,0.500,501.000,SEQ_2_STEP
1104,1106,0,1.000,1001.000,SEQ_2_STEP
1105,1107,4,0.333,334.333,SEQ_2_STEP
1106,1108,0,1.000,1001.000,SEQ_2_STEP
1107,1109,4,0.333,334.333,SEQ_2_STEP
1108,1110,4,0.000,1.000,SEQ_2_STEP
1109,1111,2,0.000,1.000,SEQ_2_STEP
1110,1112,4,0.000,1.000,SEQ_2_STEP
1111,1113,2,0.000,1.000,SEQ_2_STEP
1112,1114,2,0.000,1.000,SEQ_2_STEP
1113,1115,2,0.000,1.000,SEQ_2_STEP
1114,1116,2,0.000,1.000,SEQ_2_STEP
1115,1117,4,0.000,1.000,SEQ_2_STEP
1116,1118,2,0.000,1.000,SEQ_2_STEP
1117,1119,2,0.667,667.667,SEQ_2_STEP
1118,1120,2,0.000,1.000,SEQ_2_STEP
1119,1121,2,0.000,1.000,SEQ_2_STEP
1120,1122,1,0.000,1.000,SEQ_2_STEP
1121,1123,1,0.000,1.000,SEQ_2_STEP
1122,1124,1,0.500,501.000,SEQ_2_STEP
1123,1125,1,0.500,501.000,SEQ_2_STEP
1124,1126,1,0.500,501.000,SEQ_2_STEP
1125,1127,1,0.500,501.000,SEQ_2_STEP
1126,1128,1,0.500,501.000,SEQ_2_STEP
1127,1129,1,0.500,501.000,SEQ_2_STEP
1128,1130,1,0.500,501.000,SEQ_2_STEP
1129,1131,1,0.500,501.000,SEQ_2_STEP
1130,1132,1,0.500,501.000,SEQ_2_STEP
1131,1133,1,0.500,501.000,SEQ_2_STEP
1132,1134,1,0.500,501.000,SEQ_2_STEP
1133,1135,1,0.500,501.000,SEQ_2_STEP
1134,1136,1,0.500,501.000,SEQ_2_STEP
1135,1137,1,0.500,501.000,SEQ_2_STEP
1136,1138,1,0.000,1.000,SEQ_2_STEP
1137,1139,1,0.500,501.000,SEQ_2_STEP
1138,1140,1,0.000,1.000,SEQ_2_STEP
1139,1141,1,0.500,501.000,SEQ_2_STEP
1140,1142,1,0.500,501.000,SEQ_2_STEP
1141,1143,1,0.500,501.000,SEQ_2_STEP
1142,1144,1,0.500,501.000,SEQ_2_STEP
1143,1145,1,0.500,501.000,SEQ_2_STEP
1144,1146,1,0.000,1.000,SEQ_2_STEP
1145,1147,1,0.000,1.000,SEQ_2_STEP
1146,1148,0,1.000,1001.000,SEQ_2_STEP
1147,1149,0,1.000,1001.000,SEQ_2_STEP
1148,1150,0,1.000,1001.000,SEQ_2_STEP
1149,1151,0,1.000,1001.000,SEQ_2_STEP
1150,1152,0,1.000,1001.000,SEQ_2_STEP
1151,1153,0,1.000,1001.000,SEQ_2_STEP
1152,1154,0,1.000,1001.000,SEQ_2_STEP
1153,1155,0,1.000,1001.000,SEQ_2_STEP
1154,1156,0,1.000,1001.000,SEQ_2_STEP
1155,1157,0,1.000,1001.000,SEQ_2_STEP
1156,1158,0,1.000,1001.000,SEQ_2_STEP
1157,1159,0,1.000,1001.000,SEQ_2_STEP
1158,1160,0,1.000,1001.000,SEQ_2_STEP
1159,1161,0,1.000,1001.000,SEQ_2_STEP
1160,1162,0,1.000,1001.000,SEQ_2_STEP
1161,1163,0,1.000,1001.000,SEQ_2_STEP
1162,1164,0,1.000,1001.000,SEQ_2_STEP
1163,1165,0,1.000,1001.000,SEQ_2_STEP
1164,1166,0,1.000,1001.000,SEQ_2_STEP
1165,1167,0,1.000,1001.000,SEQ_2_STEP
1166,1168,0,1.000,1001.000,SEQ_2_STEP
1167,1169,0,1.000,1001.000,SEQ_2_STEP
1168,1170,0,1.000,1001.000,SEQ_2_STEP
1169,1171,0,1.000,1001.000,SEQ_2_STEP
1170,1172,0,1.000,1001.000,SEQ_2_STEP
1171,1173,0,1.000,1001.000,SEQ_2_STEP
1172,1174,1,0.000,1.000,SEQ_2_STEP
1173,1175,1,0.000,1.000,SEQ_2_STEP
1174,1176,1,0.500,501.000,SEQ_2_STEP
1175,1177,1,0.500,501.000,SEQ_2_STEP
1176,1178,1,0.500,501.000,SEQ_2_STEP
1177,1179,1,0.500,501.000,SEQ_2_STEP
1178,1180,1,0.500,501.000,SEQ_2_STEP
1179,1181,1,0.500,501.000,SEQ_2_STEP
1180,1182,1,0.500,501.000,SEQ_2_STEP
1181,1183,0,1.000,1001.000,SEQ_2_STEP
1182,1184,0,1.000,1001.000,SEQ_2_STEP
1183,1185,0,1.000,1001.000,SEQ_2_STEP
1184,1186,0,1.000,1001.000,SEQ_2_STEP
1185,1187,0,1.000,1001.000,SEQ_2_STEP
1186,1188,0,1.000,1001.000,SEQ_2_STEP
1187,1189,0,1.000,1001.000,SEQ_2_STEP
1188,1190,0,1.000,1001.000,SEQ_2_STEP
1189,1191,0,1.000,1001.000,SEQ_2_STEP
1190,1192,0,1.000,1001.000,SEQ_2_STEP
1191,1193,1,0.500,501.000,SEQ_2_STEP
1192,1194,1,0.500,501.000,SEQ_2_STEP
1193,1195,1,0.500,501.000,SEQ_2_STEP
