1237,0x43a324
1238,0x43a324
1243,0x43a090
1244,0x441730
1245,0x441730
1246,0x43aa9c,0x441730
1247,0x43aac0,0x441730
1248,0x43aae4,0x441730
1249,0x443cb4,0x443cb4
1250,0x443cb4,0x443cb4
1251,0x43abf4,0x443c94,0x443c94
1254,0x441730
1256,0x441730
1263,0x441730
1264,0x443c90,0x443c90
1268,0x441730
1269,0x43a7dc
1271,0x43aa24,0x441ca0,0x441ca0,0x441ca0
1273,0x43a96c
1274,0x43a9ac
1275,0x43a9f8
1276,0x43a948
1279,0x443c8c,0x443c8c
1284,0x441730
1285,0x43a930
1289,0x43a948
1301,0x441960,0x441960,0x441960,0x443ab8,0x443ab8,0x443ab8,0x443ab8
1306,0x43a5a0
1307,0x43aa38,0x43aa98,0x441090,0x441104,0x441730,0x441960,0x441960,0x441960,0x443ab0,0x443ab0,0x443abc,0x443abc,0x443d74,0x443d74,0x443d78,0x443d78,0x443d7c,0x443d7c,0x443d80,0x443d80,0x443d80,0x443d80,0x443eac,0x443eac,0x443eb0,0x443eb0
1309,0x443ab4,0x443ab4
1317,0x441730
1318,0x441730
1320,0x441730,0x443c88,0x443c88
1327,0x43abe0,0x443c80,0x443c80
1328,0x43abc4,0x443c7c,0x443c7c
1346,0x43ab18
1347,0x43ab18
1355,0x443c74,0x443c74
1361,0x441b2c
1367,0x43a998,0x443c74,0x443c74
1368,0x43a9d8
1369,0x43a998,0x443c70,0x443c70
1370,0x443d84,0x443d84
1371,0x43a98c
1372,0x43a9cc
1373,0x43aa18
1375,0x441b34
1380,0x43ae34,0x441730
1381,0x43ae3c
1382,0x43ac54,0x441730
1384,0x441730
1387,0x441730
1390,0x43ac40
1392,0x441270,0x4412e8,0x441730
1394,0x43ae54,0x443ab4,0x443ab4,0x443d1c,0x443d1c
1400,0x443cb4,0x443cb4
1401,0x43abf4,0x443c94,0x443c94
1404,0x43b620,0x443c94,0x443c94
1405,0x43b620,0x441730,0x443c94,0x443c94
1407,0x441730
1416,0x443d84,0x443d84
1419,0x441730
1420,0x441730
1421,0x43b658,0x43b658,0x443d84,0x443d84
1425,0x441730
1427,0x441730
1431,0x43ae80,0x441730
1432,0x43ae80,0x441730
1433,0x43b570,0x43b570,0x441730
1439,0x441730
1441,0x441730
1444,0x443c90,0x443c90
1450,0x43af70,0x441730
1459,0x443c8c,0x443c8c
1462,0x43af70,0x43af88,0x441354,0x441730,0x443ac0,0x443ac0,0x443ad0,0x443ad0
1463,0x441730,0x443c68,0x443c68,0x443c6c,0x443c6c
1464,0x441730,0x443c68,0x443c68,0x443c6c,0x443c6c
1467,0x43ae78,0x43b000,0x43b000,0x43b000,0x43b0a8,0x43b0d8,0x43b140,0x43b1c0,0x43b218,0x443c94,0x443c94,0x443d14,0x443d14,0x443d18,0x443d18
1471,0x443ad4,0x443ad4
1472,0x441730,0x443ac8,0x443ac8,0x443acc,0x443acc
1473,0x43af68,0x441730,0x443ac8,0x443ac8,0x443acc,0x443acc,0x443ad4,0x443ad4,0x443b14,0x443b14
1481,0x443ac4,0x443ac4,0x443b18,0x443b18
1482,0x441730,0x441bb8,0x441bb8,0x441bb8,0x441c40,0x441c40,0x441c40
1483,0x443ad4,0x443ad4
1484,0x441730,0x443ac8,0x443ac8,0x443acc,0x443acc,0x443b14,0x443b14
1485,0x441730,0x443c68,0x443c68,0x443c68,0x443c68,0x443c6c,0x443c6c,0x443c6c,0x443c6c
1486,0x441730
1488,0x43ae78,0x43b000,0x43b000,0x43b000,0x43b344,0x43b38c,0x43b3c0,0x43b430,0x43b53c,0x443c94,0x443c94,0x443d14,0x443d14,0x443d18,0x443d18
1489,0x441730
1490,0x441730,0x443c88,0x443c88
1496,0x441730
1497,0x43ae80,0x43af2c,0x443c94,0x443c94
1498,0x441730,0x443c64,0x443c64,0x443c68,0x443c68,0x443c6c,0x443c6c
1499,0x441730,0x443c88,0x443c88
1502,0x443c88,0x443c88
1505,0x43b32c,0x443c80,0x443c80
1527,0x43b000,0x43b168,0x441730,0x443c94,0x443c94
1534,0x441730,0x443bfc,0x443bfc,0x443bfc,0x443bfc,0x443c00,0x443c00,0x443c00,0x443c00,0x443c00,0x443c00,0x443c08,0x443c08,0x443c08,0x443c08,0x443c40,0x443c40,0x443c44,0x443c44,0x443c44,0x443c44,0x443c50,0x443c50,0x443c54,0x443c54,0x443c54,0x443c54,0x443c54,0x443c54,0x443c58,0x443c58
1536,0x43b758,0x441730,0x443bf4,0x443bf4,0x443bf8,0x443bf8
1538,0x441730
1539,0x441730
1540,0x43b70c,0x441730,0x443c4c,0x443c4c
1543,0x443c00,0x443c00,0x443c00,0x443c00
1544,0x441730,0x443c04,0x443c04,0x443c04,0x443c04,0x443c5c,0x443c5c,0x443c5c,0x443c5c,0x443cb0,0x443cb0
1545,0x43b758,0x443bf0,0x443bf0
1546,0x43b70c,0x443c48,0x443c48
1547,0x443c00,0x443c00,0x443c00,0x443c00
1548,0x443be8,0x443be8,0x443c60,0x443c60
1551,0x443c0c,0x443c0c
1555,0x43b774,0x441730,0x443b1c,0x443b1c,0x443be0,0x443be0,0x443be4,0x443be4
1556,0x443bec
1559,0x443c14,0x443c14,0x443c24,0x443c24,0x443c24,0x443c24,0x443c38,0x443c38
1560,0x443c18,0x443c18,0x443c20,0x443c20,0x443c24,0x443c24,0x443c2c,0x443c2c,0x443c30,0x443c30,0x443c3c,0x443c3c,0x443c3c,0x443c3c
1567,0x443c10,0x443c10,0x443c10,0x443c10,0x443c14,0x443c14,0x443c14,0x443c14,0x443c18,0x443c18,0x443c20,0x443c20,0x443c20,0x443c20,0x443c20,0x443c20,0x443c24,0x443c24,0x443c24,0x443c24,0x443c24,0x443c24,0x443c24,0x443c24,0x443c30,0x443c30,0x443c30,0x443c30,0x443c30,0x443c30,0x443c30,0x443c30,0x443c30,0x443c30,0x443c30,0x443c30,0x443c30,0x443c30,0x443c34,0x443c34,0x443c34,0x443c34,0x443c38,0x443c38,0x443c3c,0x443c3c,0x443c3c,0x443c3c
1568,0x443c28,0x443c28,0x443c38,0x443c38,0x443c38,0x443c38,0x443c38,0x443c38,0x443c38,0x443c38,0x443c3c,0x443c3c
1569,0x443c14,0x443c14,0x443c1c,0x443c1c,0x443c20,0x443c20,0x443c28,0x443c28,0x443c30,0x443c30,0x443c30,0x443c30,0x443c30,0x443c30,0x443c30,0x443c30,0x443c30,0x443c30,0x443c30,0x443c30,0x443c30,0x443c30,0x443c34,0x443c34,0x443c38,0x443c38,0x443c38,0x443c38,0x443c38,0x443c38,0x443c38,0x443c38,0x443c3c,0x443c3c,0x443c3c,0x443c3c,0x443c3c,0x443c3c,0x443c3c,0x443c3c,0x443c3c,0x443c3c,0x443c3c,0x443c3c,0x443c3c,0x443c3c,0x443c3c,0x443c3c,0x443cac,0x443cac,0x443cac,0x443cac,0x443cac
1570,0x443c14,0x443c14,0x443c1c,0x443c1c,0x443c20,0x443c20,0x443c28,0x443c28,0x443c30,0x443c30,0x443c30,0x443c30,0x443c30,0x443c30,0x443c30,0x443c30,0x443c30,0x443c30,0x443c30,0x443c30,0x443c34,0x443c34,0x443c38,0x443c38,0x443c38,0x443c38,0x443c38,0x443c38,0x443c3c,0x443c3c,0x443c3c,0x443c3c,0x443c3c,0x443c3c,0x443c3c,0x443c3c,0x443cac,0x443cac,0x443cac,0x443cac
1572,0x441730,0x443c2c,0x443c2c,0x443c30,0x443c30,0x443c30,0x443c30,0x443c30,0x443c30,0x443c34,0x443c34,0x443c34,0x443c34,0x443c38,0x443c38,0x443c3c,0x443c3c,0x443c3c,0x443c3c
1575,0x443c24,0x443c24,0x443c2c,0x443c2c,0x443c30,0x443c30,0x443c30,0x443c30,0x443c30,0x443c30,0x443c30,0x443c30,0x443c38,0x443c38,0x443c38,0x443c38,0x443c38,0x443c38,0x443c38,0x443c38,0x443c38,0x443c38,0x443c38,0x443c38,0x443c38,0x443c38,0x443c3c,0x443c3c
1581,0x443cb4,0x443cb4
1582,0x443cb4,0x443cb4
1583,0x43abf4,0x443c94,0x443c94
1584,0x43b620,0x443c94,0x443c94
1591,0x43b658,0x43b658,0x443d84,0x443d84
1609,0x441730
1610,0x441730
1612,0x443c90,0x443c90
1618,0x443ac4,0x443ac4
1622,0x443c8c,0x443c8c
1625,0x43b78c,0x441730,0x443ad0,0x443ad0,0x443d1c,0x443d1c
1628,0x43ae78,0x43b0a8,0x43b0d8,0x43b140,0x43b838,0x43b838,0x43b838,0x43b930,0x43b988,0x443c94,0x443c94,0x443d14,0x443d14,0x443d18,0x443d18
1630,0x443ac8,0x443ac8,0x443acc,0x443acc
1632,0x43b7a0,0x43b7c0,0x441568,0x441730,0x443ac8,0x443ac8,0x443acc,0x443acc
1633,0x441730
1635,0x441730,0x443c88,0x443c88
1638,0x441730
1639,0x441730,0x443c64,0x443c64,0x443c68,0x443c68,0x443c6c,0x443c6c
1641,0x441730
1642,0x43b918,0x443c80,0x443c80
1648,0x43ae34
1650,0x441730
1658,0x441730
1665,0x43b838,0x43b8e0,0x443c94,0x443c94
1666,0x43b838,0x43b8e0,0x443c94,0x443c94
1668,0x443c88,0x443c88
1671,0x43baa0,0x441730,0x443b18,0x443b18
1672,0x43baa0,0x441730,0x443ac0,0x443ac0
1676,0x443ac8,0x443ac8,0x443acc,0x443acc
1677,0x441730,0x443b14,0x443b14
1678,0x443ac8,0x443ac8,0x443acc,0x443acc
1680,0x43ae78,0x43ae78,0x43bd60,0x43bd60,0x43bdcc,0x43be0c,0x4415cc,0x441610,0x441610
1682,0x43bb34,0x441730
1684,0x43bb34,0x441730
1686,0x44228c,0x4422a0
1691,0x43bab8
1692,0x43bab8
1693,0x43bb18
1698,0x441650,0x441730
1699,0x441730
1702,0x43bf0c,0x441730
1703,0x43ae78,0x43b000,0x43b000,0x43b000,0x43b0a8,0x43b0d8,0x43b140,0x43c198,0x43c1e0,0x443c94,0x443c94,0x443d14,0x443d14,0x443d18,0x443d18
1705,0x441730
1706,0x43af68,0x43c11c,0x43c128,0x43c130,0x43c138,0x43c138,0x43c144,0x43c148,0x43c14c,0x43c154,0x43c164,0x43c178,0x43c180,0x43c188,0x43c190,0x441650,0x441650,0x4416c4,0x4416c4,0x441730,0x443fa0,0x443fa0,0x443fa0,0x443fa0,0x443fa4,0x443fa4,0x443fa8,0x443fa8,0x443fac,0x443fac,0x443fac,0x443fac,0x443fac,0x443fac,0x443fac,0x443fac,0x443fac,0x443fac,0x443fac,0x443fac,0x443fac,0x443fac,0x443fac,0x443fac,0x443fac,0x443fac,0x443fac,0x443fac,0x443fac,0x443fac,0x443fb0,0x443fb0,0x443fb0,0x443fb0,0x44433c,0x44433c,0x44433c,0x44433c,0x44433c,0x44433c
1710,0x43be54
1711,0x43be54
1712,0x43bee8
1714,0x441730,0x443fa4,0x443fa4,0x443fa8,0x443fa8,0x443fb4,0x443fb4,0x44433c,0x44433c
1719,0x43a930,0x443ac4,0x443ac4
1720,0x443ac0,0x443ac0,0x443ad0,0x443ad0
1721,0x443b14,0x443b14
1722,0x443ac8,0x443ac8,0x443acc,0x443acc
1723,0x443ac8,0x443ac8,0x443acc,0x443acc
1726,0x443ac8,0x443ac8,0x443acc,0x443acc
1727,0x443b20,0x443b20,0x443d10,0x443d10
1728,0x444340
1729,0x444338
1730,0x444334
1731,0x44432c
1732,0x444330
1733,0x444328
1734,0x444324
1735,0x444320
1736,0x44431c
1737,0x444318
1738,0x444314
1739,0x444310
1740,0x44430c
1741,0x444308
1742,0x444304
1743,0x444300
1744,0x4442fc
1745,0x4442f8
1746,0x4442f4
1747,0x4442f0
1748,0x4442ec
1749,0x4442e8
1750,0x4442e4
1751,0x4442e0
1752,0x4442dc
1753,0x4442d8
1754,0x4442d4
1755,0x4442d0
1756,0x4442cc
1757,0x4442c8
1758,0x4442c4
1759,0x4442c0
1760,0x4442bc
1761,0x4442b8
1762,0x4442b4
1763,0x4442b0
1764,0x4442ac
1765,0x4442a8
1766,0x4442a4
1767,0x4442a0
1768,0x44429c
1769,0x444298
1770,0x444294
1771,0x444290
1772,0x44428c
1773,0x444288
1774,0x444284
1775,0x444280
1776,0x44427c
1777,0x444278
1778,0x444274
1779,0x444270
1780,0x44426c
1781,0x444268
1782,0x444264
1783,0x444260
1784,0x44425c
1785,0x444258
1786,0x444254
1787,0x444250
1788,0x44424c
1789,0x444248
1790,0x444244
1791,0x444240
1792,0x44423c
1793,0x444238
1794,0x444234
1795,0x444230
1796,0x44422c
1797,0x444228
1798,0x444224
1799,0x444220
1800,0x44421c
1801,0x444218
1802,0x444214
1803,0x444210
1804,0x44420c
1805,0x444208
1806,0x444204
1807,0x444200
1808,0x4441fc
1809,0x4441f8
1810,0x4441f4
1811,0x4441f0
1812,0x4441ec
1813,0x4441e8
1814,0x4441e4
1815,0x4441e0
1816,0x4441dc
1817,0x4441d8
1818,0x4441d4
1819,0x4441d0
1820,0x4441cc
1821,0x4441c8
1822,0x4441c4
1823,0x4441c0
1824,0x4441bc
1825,0x4441b8
1826,0x4441b4
1827,0x4441b0
1828,0x4441ac
1829,0x4441a8
1830,0x4441a4
1831,0x4441a0
1832,0x44419c
1833,0x444198
1834,0x444194
1835,0x444190
1836,0x44418c
1837,0x444188
1838,0x444184
1839,0x444180
1840,0x44417c
1841,0x444178
1842,0x444174
1843,0x444170
1844,0x44416c
1845,0x444168
1846,0x444164
1847,0x444160
1848,0x44415c
1849,0x444158
1850,0x444154
1851,0x444150
1852,0x44414c
1853,0x444148
1854,0x444144
1855,0x444140
1856,0x44413c
1857,0x444138
1858,0x444134
1859,0x444130
1860,0x44412c
1861,0x444128
1862,0x444124
1863,0x444120
1864,0x44411c
1865,0x444118
1866,0x444114
1867,0x444110
1868,0x44410c
1869,0x444108
1870,0x444104
1871,0x444100
1872,0x4440fc
1873,0x4440f8
1874,0x4440f4
1875,0x4440f0
1876,0x4440ec
1877,0x4440e8
1878,0x4440e4
1879,0x4440e0
1880,0x4440dc
1881,0x4440d8
1882,0x4440d4
1883,0x4440d0
1884,0x4440cc
1885,0x4440c8
1886,0x4440c4
1887,0x4440c0
1888,0x4440bc
1889,0x4440b8
1890,0x4440b4
1891,0x4440b0
1892,0x4440ac
1893,0x4440a8
1894,0x4440a4
1895,0x4440a0
1896,0x44409c
1897,0x444098
1898,0x444094
1899,0x444090
1900,0x44408c
1901,0x444088
1902,0x444084
1903,0x444080
1904,0x44407c
1905,0x444078
1906,0x444074
1907,0x444070
1908,0x44406c
1909,0x444068
1910,0x444064
1911,0x444060
1912,0x44405c
1913,0x444058
1914,0x444054
1915,0x444050
1916,0x44404c
1917,0x444048
1918,0x444044
1919,0x444040
1920,0x44403c
1921,0x444038
1922,0x444034
1923,0x444030
1924,0x44402c
1925,0x444028
1926,0x443f9c
1927,0x443f14
1928,0x443f18
1929,0x443f1c
1930,0x443f20
1931,0x443f24
1932,0x443f28
1933,0x443f2c
1934,0x443f30
1935,0x443f34
1936,0x443f38
1937,0x443f3c
1938,0x443f40
1939,0x443f44
1940,0x443f48
1941,0x443f4c
1942,0x443f50
1943,0x443f54
1944,0x443f58
1945,0x443f5c
1946,0x443f60
1947,0x443f64
1948,0x443f68
1949,0x443f6c
1950,0x443f70
1951,0x443f74
1952,0x443f78
1953,0x443f7c
1954,0x443f80
1955,0x443f84
1956,0x443f88
1957,0x443f8c
1958,0x443f90
1959,0x443f94
1960,0x443f98
1961,0x44433c
1962,0x443fa0
1963,0x443fa4
1964,0x443fa8
1965,0x443fac
1966,0x443fb0
1967,0x443fb4
1968,0x443fb8
1969,0x443fbc
1970,0x443fc0
1971,0x443fc4
1972,0x443fc8
1973,0x443fcc
1974,0x443fd0
1975,0x443fd4
1976,0x443fd8
1977,0x443fdc
1978,0x443fe0
1979,0x443fe4
1980,0x443fe8
1981,0x443fec
1982,0x443ff0
1983,0x443ff4
1984,0x443ff8
1985,0x443ffc
1986,0x444000
1987,0x444004
1988,0x444008
1989,0x44400c
1990,0x444010
1991,0x444014
1992,0x444018
1993,0x44401c
1994,0x444020
1995,0x444024
1996,0x443e7c,0x443e7c
1999,0x441738,0x44173c,0x441e60,0x441e70,0x441e7c,0x44237c,0x44237c,0x44238c,0x443b24,0x443b24,0x443ddc,0x443de0,0x443df0,0x443df0,0x443df4,0x443df4,0x443e08,0x443e08
2000,0x441e50,0x441e54,0x441e58,0x441e5c,0x441e5c,0x441e64,0x441e64,0x441e74,0x441e78,0x443e0c,0x443e0c
2002,0x43ae78,0x43c330,0x43c390,0x441730,0x441e48,0x441e48,0x441e48,0x441e48,0x441e48,0x441e4c,0x441e4c,0x441e4c,0x441e60,0x441e60,0x442378,0x442378,0x442378,0x442378,0x442378,0x442378,0x442390,0x442390,0x442390,0x443d14,0x443d14,0x443de4,0x443df8,0x443df8,0x443df8,0x443df8,0x443dfc,0x443dfc,0x443e00,0x443e00,0x443e04,0x443e04
2009,0x441e6e,0x441e6e
2011,0x43c408
2014,0x441730
2015,0x441730
2017,0x441730
2018,0x443d20
2019,0x43ae78,0x43c410,0x43c4f0,0x43c568,0x44237c,0x44237c,0x44237c,0x44237c,0x44237c,0x44238c,0x44238c,0x44238c,0x443b24,0x443b24,0x443d14,0x443d14,0x443dc4,0x443dc4
2020,0x441730,0x44237c,0x44237c,0x44238c,0x44238c,0x44238c,0x443b24,0x443b24,0x443b24,0x443b24,0x443b24,0x443b24,0x443b28,0x443b28,0x443b28,0x443b28,0x443b28,0x443b28,0x443dbc,0x443dbc
2022,0x443d8c
2023,0x443d88
2024,0x443d84
2025,0x443d80
2026,0x443d7c
2027,0x443d78
2028,0x443d74
2029,0x441730
2030,0x443d70
2031,0x443d6c
2032,0x443d1c
2033,0x443d18
2034,0x443d14
2035,0x443d10
2036,0x443d90
2039,0x443e18
2040,0x443e14
2041,0x443e10
2043,0x443e0c
2044,0x443e08
2045,0x443e04
2047,0x441730
2049,0x443e00
2050,0x443dfc
2051,0x443df8
2052,0x441730,0x441730,0x441730,0x441730,0x441734,0x441734,0x443ab4,0x443ab4,0x443b2c,0x443b2c,0x443b30,0x443b30,0x443b34,0x443b34
2056,0x443df4
2058,0x43c5b8,0x43c634,0x43c668
2059,0x443df0
2060,0x443dec
2061,0x443de8
2062,0x441730
2063,0x441730,0x443b3c,0x443b3c
2064,0x441730,0x443b3c,0x443b3c
2065,0x43cc28,0x43cc28,0x43cc44,0x43cc50,0x43cca8,0x43ccb4,0x43cce8,0x43ccf4,0x43cd08,0x43cd60,0x43cd78,0x43cd7c,0x43cd80,0x441730,0x441754,0x441e80,0x441e80,0x443b40,0x443b40,0x443b44,0x443b44,0x443b48,0x443b48,0x443b4c,0x443b4c,0x443b50,0x443b50
2066,0x43c6e0,0x441744
2067,0x43c710,0x43c72c,0x43cbf0,0x441730,0x44174c,0x44174c
2068,0x43cc20,0x441e80
2069,0x43c6f8,0x43cac8,0x43cb50,0x43cb9c,0x43cbb0,0x43cbc8,0x441730,0x443b38,0x443b38,0x443b54,0x443b54,0x443b54,0x443b58,0x443b58,0x443b58
2070,0x43c740,0x43c750,0x43cd8c,0x441730,0x441750,0x441750
2071,0x441e84
2072,0x441e88
2073,0x43cdcc
2075,0x441e84,0x441e84,0x441e88
2076,0x441e84,0x441e88,0x441e88
2077,0x441744,0x441744
2078,0x443dd8
2079,0x443dd4
2080,0x443dd0
2081,0x443dcc
2082,0x443dc8
2083,0x443dc4
2084,0x443dc0
2085,0x4421ac,0x4421ac,0x443b38,0x443b38
2086,0x43ceb0,0x441730,0x441734,0x441e90,0x441ee0
2088,0x43ceb0,0x441e90
2089,0x43ceb0,0x441e90
2090,0x443db8
2091,0x443db4
2092,0x443db0
2093,0x443dac
2094,0x43cef4,0x43d038,0x441730,0x442254,0x442254,0x443b40,0x443b40,0x443b40,0x443b40,0x443b48,0x443b48,0x443b48,0x443b48,0x443b48,0x443b5c,0x443b5c,0x443b78,0x443b78,0x443b78,0x443b78
2095,0x43ced8,0x43cf1c,0x43cf1c,0x43cf3c,0x43cf4c,0x43cf60,0x43cf70,0x43cfe0,0x441730,0x443b40,0x443b40,0x443b40,0x443b40,0x443b44,0x443b44,0x443b44,0x443b44,0x443b48,0x443b48,0x443b48,0x443b48,0x443b50,0x443b50,0x443b60,0x443b60,0x443b60,0x443b60
2096,0x43d014,0x43d020,0x441730
2097,0x43d050,0x43d064,0x442250,0x442250,0x442250,0x442255,0x442255,0x443b44,0x443b44,0x443b64,0x443b64,0x443b68,0x443b68,0x443b68,0x443b68,0x443b6c,0x443b6c,0x443b70,0x443b70,0x443b78,0x443b78
2098,0x443da8
2099,0x443da4
2100,0x443da0
2101,0x443d9c
2102,0x443d98
2103,0x443d94
2104,0x443ab0
2105,0x443ab4
2106,0x443ab8
2107,0x443abc
2108,0x443ac0
2109,0x443ac4
2110,0x443ac8
2111,0x443acc
2112,0x443ad0
2113,0x443ad4
2114,0x443b14
2115,0x443b18
2116,0x443b1c
2117,0x443b20
2118,0x443b24
2119,0x443b28
2120,0x443b2c
2121,0x443b30
2122,0x443b34
2123,0x443b38
2124,0x443b3c
2125,0x443b40
2126,0x443b44
2127,0x443b48
2128,0x443b4c
2129,0x443b50
2130,0x443b54
2131,0x443b58
2132,0x443b74
2133,0x443b70
2134,0x443b6c
2135,0x443b68
2136,0x443b64
2137,0x443b60
2138,0x443b78
2139,0x443b5c
2140,0x443eb0
2141,0x443eac
2142,0x43ae78,0x43ae78,0x43ae78,0x43d068,0x43d068,0x43d068,0x43d1ec,0x43d1ec,0x43d1ec
2154,0x43ae78,0x43d210,0x43d260
2156,0x44228c
2159,0x43ae78,0x43d0e4,0x43d124,0x43d158,0x43d168,0x4422d4
2160,0x443b40,0x443b40
2165,0x443b40,0x443b40,0x443b54,0x443b54,0x443b54,0x443b54,0x443b54,0x443b54
2168,0x43d2e8,0x443ac0,0x443ac0,0x443b04,0x443b04,0x443b08,0x443b08
2172,0x43ae78,0x43ae78,0x43ae78,0x43d354,0x43d378,0x43d378,0x43d378,0x43d5ec,0x43d634,0x442258,0x442258,0x442258
2174,0x443b3c,0x443b3c
2178,0x43ae78,0x43d1ec,0x43d378
2179,0x43ae78,0x43d1ec,0x43d378,0x442258
2180,0x43ae78,0x43ae78,0x43ae78,0x43ae78,0x43d158,0x43d1ec,0x43d378,0x43d378,0x43d378,0x43d378,0x43d558,0x43d5bc
2181,0x43ae78,0x43ae78,0x43d158,0x43d1ec,0x43d378,0x43d378,0x442258
2182,0x43ae78,0x43ae78,0x43ae78,0x43d1ec,0x43d378,0x43d378,0x43d378,0x43d558,0x43d594
2183,0x43ae78,0x43d1ec,0x43d378,0x442258
2184,0x43ae78,0x43ae78,0x43ae78,0x43ae78,0x43d1ec,0x43d378,0x43d378,0x43d378,0x43d378,0x43d410,0x43d52c,0x43d558
2185,0x43d434
2186,0x43d434
2187,0x43d2e8
2188,0x43d2e8
2189,0x43ae78,0x43d158,0x43d378,0x442258
2190,0x43ae78,0x43ae78,0x43d158,0x43d354,0x43d378,0x43d378,0x442258
2191,0x43ae78,0x43d378,0x43d410,0x442258
2192,0x43d4b0,0x43d51c,0x441730
2193,0x43ae78,0x43d354,0x43d378,0x442258,0x442258
2194,0x441730
2195,0x442258
2196,0x43ae78,0x43d1ec,0x43d378
2197,0x442258
2198,0x43d46c,0x43d478,0x43d480,0x441730,0x442258,0x442258,0x443b10,0x443b10
2199,0x43d484,0x43d49c,0x43d4a8,0x441730,0x442258,0x442258,0x443b0c,0x443b0c
2206,0x443ebc,0x443ebc
2208,0x443ebc,0x443ebc
2217,0x443ebc,0x443ebc
2219,0x443edc,0x443edc
2222,0x443edc,0x443edc
2228,0x441730
2230,0x441730
2231,0x441730,0x443ed0,0x443ed0
2232,0x441730,0x443ed0,0x443ed0
2236,0x441730
2239,0x441730
2240,0x441730
2241,0x441730,0x443ed0,0x443ed0
2242,0x441730,0x443ed0,0x443ed0
2245,0x441730
2246,0x441730,0x443ec4,0x443ec4
2247,0x441730,0x443ec8,0x443ec8
2251,0x443ed0,0x443ed0
2252,0x443ed0,0x443ed0
2257,0x443ed0,0x443ed0
2258,0x443ed0,0x443ed0
2260,0x443ec4,0x443ec4
2261,0x443ec8,0x443ec8
2265,0x443ebc,0x443ebc
2266,0x443ec0,0x443ec0
2269,0x443ec0,0x443ec0
2270,0x443edc,0x443edc
2272,0x443ec0,0x443ec0
2275,0x443ec0,0x443ec0
2276,0x443ec4,0x443ec4
2277,0x443ed4,0x443ed4
2283,0x443b00,0x443b00,0x443b00,0x443b00,0x443b00,0x443b00,0x443b00,0x443b00
2288,0x443ed0,0x443ed0
2289,0x443ed0,0x443ed0
2290,0x443ed0,0x443ed0
2291,0x443ed8,0x443ed8
2293,0x443eb4,0x443eb4
2294,0x443eb4,0x443eb4
2295,0x443eb8,0x443eb8
2298,0x443ecc,0x443ecc
2303,0x443ec8,0x443ec8
2308,0x43d4b0,0x43d51c,0x441730,0x442258,0x443afc,0x443afc
2309,0x44228c,0x44228c
2317,0x43ae78,0x43d210,0x43d260
2318,0x43ae78,0x43d1ec,0x43d260
2319,0x43ae78,0x43d1ec,0x43d260
2320,0x43ae78,0x43ae78,0x43d634,0x43db68,0x43db68,0x43dcd4,0x443ae8,0x443ae8,0x443af8,0x443af8
2321,0x43ae78,0x43ae78,0x43d354,0x43d634,0x43db68,0x43db68,0x443ae8,0x443ae8
2325,0x443ac0,0x443ac0,0x443ad8,0x443ad8
2328,0x43ae78,0x43db68,0x43dc20
2330,0x43ae78,0x43d354,0x43db68
2331,0x43ae78,0x43db68,0x43dbf8
2332,0x43ae78,0x43db68,0x43dcb8
2337,0x43ae78,0x43ae78,0x43da40,0x43db24,0x43db68,0x43db68,0x441730,0x443a78,0x443a78,0x443a7c,0x443a7c,0x443a80,0x443a80,0x443ac0,0x443ac0,0x443ac0,0x443ac0,0x443ac0,0x443ac0,0x443ad8,0x443ad8,0x443ad8,0x443ad8,0x443adc,0x443adc,0x443ae4,0x443ae4,0x443ae8,0x443ae8,0x443aec,0x443aec,0x443af0,0x443af0,0x443b40,0x443b40
2340,0x43ae78,0x43da58,0x43da78
2343,0x441730,0x443ac0,0x443ac0,0x443ad8,0x443ad8,0x443adc,0x443adc,0x443ae0,0x443ae0,0x443aec,0x443aec
2344,0x443af4,0x443af4
2346,0x43ae78,0x43d210,0x43d260
2347,0x443af4,0x443af4
2348,0x441730
2349,0x443af8,0x443af8
2350,0x443af8,0x443af8
2352,0x43dcf8
2355,0x443afc,0x443afc
2359,0x443af8,0x443af8
2361,0x441730,0x443b78,0x443b78
2362,0x443e7c
2363,0x443c94
2364,0x443c90
2365,0x443c8c
2366,0x443c88
2367,0x443cb4
2368,0x443c80
2369,0x443c7c
2370,0x443c78
2371,0x443c74
2372,0x443c70
2373,0x443c6c
2374,0x443c68
2375,0x443c64
2376,0x443c60
2377,0x443c5c
2378,0x443c58
2379,0x443c54
2380,0x443c50
2381,0x443c4c
2382,0x443c48
2383,0x443c44
2384,0x443c40
2385,0x443c3c
2386,0x443c38
2387,0x443c34
2388,0x443c30
2389,0x443c2c
2390,0x443c28
2391,0x443c24
2392,0x443c20
2393,0x443c1c
2394,0x443c18
2395,0x443c14
2396,0x443c10
2397,0x443c0c
2398,0x443c08
2399,0x443c04
2400,0x443c00
2401,0x443bfc
2402,0x443bf8
2403,0x443bf4
2404,0x443bf0
2405,0x443bec
2406,0x443be8
2407,0x443be4
2408,0x443be0
2409,0x443cb0
2410,0x443bd8
2411,0x443bd4
2412,0x443bd0
2413,0x443bdc
2414,0x443c84
2415,0x443c98
2416,0x443c9c
2417,0x443ca0
2418,0x443ca4
2419,0x443ca8
2420,0x43dcfc
2422,0x443d24
2423,0x443d28
2424,0x443d2c
2425,0x443d30
2426,0x443d34
2427,0x443d38
2428,0x443d3c
2429,0x443d40
2430,0x443d44
2431,0x443d48
2432,0x443d4c
2433,0x443d50
2434,0x443d54
2435,0x443d58
2436,0x443d5c
2437,0x443d60
2438,0x443d64
2439,0x443d68
2440,0x443b10
2441,0x443b0c
2442,0x443b08
2443,0x443b04
2444,0x443b00
2445,0x443afc
2446,0x443af8
2447,0x443af4
2448,0x443af0
2449,0x443aec
2450,0x443ae8
2451,0x443ae4
2452,0x443ae0
2453,0x443adc
2454,0x443ad8
2455,0x443eb4
2456,0x443eb8
2457,0x443ebc
2458,0x443ec0
2459,0x443ec4
2460,0x443ec8
2461,0x443ecc
2462,0x443ed0
2463,0x443ed4
2464,0x443edc
2465,0x443ed8
2466,0x443a7c
2467,0x443a78
2468,0x443a80
2469,0x444344
2470,0x444348
2477,0x441090,0x441104
2497,0x441270,0x4412e8
2524,0x443c68,0x443c68
2530,0x441c40,0x441c40
2532,0x443c68,0x443c68
2533,0x443c68,0x443c68
2535,0x443c68,0x443c68
2538,0x443c0c,0x443c0c
2539,0x443bf0,0x443bf0
2542,0x443c48,0x443c48
2551,0x443c68,0x443c68
2564,0x441650
2565,0x443fa8,0x443fa8
2566,0x443fa8,0x443fa8
2568,0x441960
2569,0x441a00,0x441a00
2570,0x44228c
2571,0x442258
2573,0x43d820,0x4422d0
2574,0x43d674,0x4422a4
2575,0x43d89c,0x4422dc
2576,0x43d72c,0x4422b8
2577,0x43d77c,0x4422c0
2578,0x43d7a4,0x4422c4
2579,0x43d850,0x4422d4
2580,0x43d64c,0x4422a0
2581,0x43d754,0x4422bc
2582,0x43d990,0x4422f8
2583,0x43d90c,0x4422e8
2584,0x43d7f8,0x4422cc
2585,0x43d690,0x4422a8
2586,0x43d6d8,0x4422b0
2587,0x43d6ac,0x4422ac
2588,0x43d948,0x4422f0
2589,0x43d7d4,0x4422c8
2590,0x43d8c0,0x4422e0
2591,0x43d8e8,0x4422e4
2592,0x43d970,0x4422f4
2593,0x43d87c,0x4422d8
2594,0x43d9d4,0x442300
2595,0x43d9f8,0x442304
2596,0x43da1c,0x442308
2597,0x43d9b4,0x4422fc
2598,0x43d928,0x4422ec
2599,0x43d700,0x4422b4
2600,0x442366
2601,0x441960
2602,0x441a00
2603,0x441bb8
2604,0x44228c
2605,0x442258
